countryiso3code,date,value,unit,obs_status,decimal,indicator.id,indicator.value,country.id,country.value
AFE,2023,88.48558529145,,,2,SH.XPD.CHEX.PC.CD,Current health expenditure per capita (current US$),ZH,Africa Eastern and Southern
AFE,2022,92.0352883967091,,,2,SH.XPD.CHEX.PC.CD,Current health expenditure per capita (current US$),ZH,Africa Eastern and Southern
AFE,2021,92.3503331753643,,,2,SH.XPD.CHEX.PC.CD,Current health expenditure per capita (current US$),ZH,Africa Eastern and Southern
AFE,2020,81.4461401594807,,,2,SH.XPD.CHEX.PC.CD,Current health expenditure per capita (current US$),ZH,Africa Eastern and Southern
AFE,2019,87.0398773156759,,,2,SH.XPD.CHEX.PC.CD,Current health expenditure per capita (current US$),ZH,Africa Eastern and Southern
AFE,2018,89.9693693736129,,,2,SH.XPD.CHEX.PC.CD,Current health expenditure per capita (current US$),ZH,Africa Eastern and Southern
AFE,2017,89.8672604899708,,,2,SH.XPD.CHEX.PC.CD,Current health expenditure per capita (current US$),ZH,Africa Eastern and Southern
AFE,2016,85.6874598126392,,,2,SH.XPD.CHEX.PC.CD,Current health expenditure per capita (current US$),ZH,Africa Eastern and Southern
AFE,2015,90.7980923306796,,,2,SH.XPD.CHEX.PC.CD,Current health expenditure per capita (current US$),ZH,Africa Eastern and Southern
AFE,2014,98.492735401455,,,2,SH.XPD.CHEX.PC.CD,Current health expenditure per capita (current US$),ZH,Africa Eastern and Southern
AFE,2013,104.979280345368,,,2,SH.XPD.CHEX.PC.CD,Current health expenditure per capita (current US$),ZH,Africa Eastern and Southern
AFE,2012,109.276549861823,,,2,SH.XPD.CHEX.PC.CD,Current health expenditure per capita (current US$),ZH,Africa Eastern and Southern
AFE,2011,112.500235569633,,,2,SH.XPD.CHEX.PC.CD,Current health expenditure per capita (current US$),ZH,Africa Eastern and Southern
AFE,2010,104.353723653982,,,2,SH.XPD.CHEX.PC.CD,Current health expenditure per capita (current US$),ZH,Africa Eastern and Southern
AFE,2009,90.3051319842631,,,2,SH.XPD.CHEX.PC.CD,Current health expenditure per capita (current US$),ZH,Africa Eastern and Southern
AFE,2008,86.606132950143,,,2,SH.XPD.CHEX.PC.CD,Current health expenditure per capita (current US$),ZH,Africa Eastern and Southern
AFE,2007,84.2036395657671,,,2,SH.XPD.CHEX.PC.CD,Current health expenditure per capita (current US$),ZH,Africa Eastern and Southern
AFE,2006,75.1738953911871,,,2,SH.XPD.CHEX.PC.CD,Current health expenditure per capita (current US$),ZH,Africa Eastern and Southern
AFE,2005,68.7259030701744,,,2,SH.XPD.CHEX.PC.CD,Current health expenditure per capita (current US$),ZH,Africa Eastern and Southern
AFE,2004,61.8846071751485,,,2,SH.XPD.CHEX.PC.CD,Current health expenditure per capita (current US$),ZH,Africa Eastern and Southern
AFE,2003,50.3085149981016,,,2,SH.XPD.CHEX.PC.CD,Current health expenditure per capita (current US$),ZH,Africa Eastern and Southern
AFE,2002,35.0264668200769,,,2,SH.XPD.CHEX.PC.CD,Current health expenditure per capita (current US$),ZH,Africa Eastern and Southern
AFE,2001,37.8451836266013,,,2,SH.XPD.CHEX.PC.CD,Current health expenditure per capita (current US$),ZH,Africa Eastern and Southern
AFE,2000,42.7649736223739,,,2,SH.XPD.CHEX.PC.CD,Current health expenditure per capita (current US$),ZH,Africa Eastern and Southern
AFW,2023,65.900206902325,,,2,SH.XPD.CHEX.PC.CD,Current health expenditure per capita (current US$),ZI,Africa Western and Central
AFW,2022,74.4796108722856,,,2,SH.XPD.CHEX.PC.CD,Current health expenditure per capita (current US$),ZI,Africa Western and Central
AFW,2021,72.6715310804023,,,2,SH.XPD.CHEX.PC.CD,Current health expenditure per capita (current US$),ZI,Africa Western and Central
AFW,2020,64.6462871223599,,,2,SH.XPD.CHEX.PC.CD,Current health expenditure per capita (current US$),ZI,Africa Western and Central
AFW,2019,59.2861168406291,,,2,SH.XPD.CHEX.PC.CD,Current health expenditure per capita (current US$),ZI,Africa Western and Central
AFW,2018,56.2928689276805,,,2,SH.XPD.CHEX.PC.CD,Current health expenditure per capita (current US$),ZI,Africa Western and Central
AFW,2017,58.5214095205365,,,2,SH.XPD.CHEX.PC.CD,Current health expenditure per capita (current US$),ZI,Africa Western and Central
AFW,2016,61.7168342971552,,,2,SH.XPD.CHEX.PC.CD,Current health expenditure per capita (current US$),ZI,Africa Western and Central
AFW,2015,70.738706184874,,,2,SH.XPD.CHEX.PC.CD,Current health expenditure per capita (current US$),ZI,Africa Western and Central
AFW,2014,78.7849895958275,,,2,SH.XPD.CHEX.PC.CD,Current health expenditure per capita (current US$),ZI,Africa Western and Central
AFW,2013,75.534904669735,,,2,SH.XPD.CHEX.PC.CD,Current health expenditure per capita (current US$),ZI,Africa Western and Central
AFW,2012,67.9967996588326,,,2,SH.XPD.CHEX.PC.CD,Current health expenditure per capita (current US$),ZI,Africa Western and Central
AFW,2011,65.3991364279652,,,2,SH.XPD.CHEX.PC.CD,Current health expenditure per capita (current US$),ZI,Africa Western and Central
AFW,2010,59.612243679929,,,2,SH.XPD.CHEX.PC.CD,Current health expenditure per capita (current US$),ZI,Africa Western and Central
AFW,2009,55.5356742235589,,,2,SH.XPD.CHEX.PC.CD,Current health expenditure per capita (current US$),ZI,Africa Western and Central
AFW,2008,60.5965909459332,,,2,SH.XPD.CHEX.PC.CD,Current health expenditure per capita (current US$),ZI,Africa Western and Central
AFW,2007,52.8176392390014,,,2,SH.XPD.CHEX.PC.CD,Current health expenditure per capita (current US$),ZI,Africa Western and Central
AFW,2006,48.6833922674256,,,2,SH.XPD.CHEX.PC.CD,Current health expenditure per capita (current US$),ZI,Africa Western and Central
AFW,2005,41.8512729386852,,,2,SH.XPD.CHEX.PC.CD,Current health expenditure per capita (current US$),ZI,Africa Western and Central
AFW,2004,36.1369187537825,,,2,SH.XPD.CHEX.PC.CD,Current health expenditure per capita (current US$),ZI,Africa Western and Central
AFW,2003,31.6447143435604,,,2,SH.XPD.CHEX.PC.CD,Current health expenditure per capita (current US$),ZI,Africa Western and Central
AFW,2002,19.7262097336905,,,2,SH.XPD.CHEX.PC.CD,Current health expenditure per capita (current US$),ZI,Africa Western and Central
AFW,2001,18.7198742639536,,,2,SH.XPD.CHEX.PC.CD,Current health expenditure per capita (current US$),ZI,Africa Western and Central
AFW,2000,18.1535242334617,,,2,SH.XPD.CHEX.PC.CD,Current health expenditure per capita (current US$),ZI,Africa Western and Central
ARB,2023,363.465124423147,,,2,SH.XPD.CHEX.PC.CD,Current health expenditure per capita (current US$),1A,Arab World
ARB,2022,348.767262238545,,,2,SH.XPD.CHEX.PC.CD,Current health expenditure per capita (current US$),1A,Arab World
ARB,2021,336.587194733694,,,2,SH.XPD.CHEX.PC.CD,Current health expenditure per capita (current US$),1A,Arab World
ARB,2020,327.069625588704,,,2,SH.XPD.CHEX.PC.CD,Current health expenditure per capita (current US$),1A,Arab World
ARB,2019,326.670945661256,,,2,SH.XPD.CHEX.PC.CD,Current health expenditure per capita (current US$),1A,Arab World
ARB,2018,325.592164585057,,,2,SH.XPD.CHEX.PC.CD,Current health expenditure per capita (current US$),1A,Arab World
ARB,2017,307.126617877282,,,2,SH.XPD.CHEX.PC.CD,Current health expenditure per capita (current US$),1A,Arab World
ARB,2016,311.947978507094,,,2,SH.XPD.CHEX.PC.CD,Current health expenditure per capita (current US$),1A,Arab World
ARB,2015,312.609883146077,,,2,SH.XPD.CHEX.PC.CD,Current health expenditure per capita (current US$),1A,Arab World
ARB,2014,326.499751028553,,,2,SH.XPD.CHEX.PC.CD,Current health expenditure per capita (current US$),1A,Arab World
ARB,2013,303.590198616256,,,2,SH.XPD.CHEX.PC.CD,Current health expenditure per capita (current US$),1A,Arab World
ARB,2012,295.080643944446,,,2,SH.XPD.CHEX.PC.CD,Current health expenditure per capita (current US$),1A,Arab World
ARB,2011,266.866553538312,,,2,SH.XPD.CHEX.PC.CD,Current health expenditure per capita (current US$),1A,Arab World
ARB,2010,234.640952020934,,,2,SH.XPD.CHEX.PC.CD,Current health expenditure per capita (current US$),1A,Arab World
ARB,2009,227.076111662128,,,2,SH.XPD.CHEX.PC.CD,Current health expenditure per capita (current US$),1A,Arab World
ARB,2008,210.954303939832,,,2,SH.XPD.CHEX.PC.CD,Current health expenditure per capita (current US$),1A,Arab World
ARB,2007,179.238839261707,,,2,SH.XPD.CHEX.PC.CD,Current health expenditure per capita (current US$),1A,Arab World
ARB,2006,153.255519530645,,,2,SH.XPD.CHEX.PC.CD,Current health expenditure per capita (current US$),1A,Arab World
ARB,2005,133.719505210474,,,2,SH.XPD.CHEX.PC.CD,Current health expenditure per capita (current US$),1A,Arab World
ARB,2004,120.208364769271,,,2,SH.XPD.CHEX.PC.CD,Current health expenditure per capita (current US$),1A,Arab World
ARB,2003,109.519307494392,,,2,SH.XPD.CHEX.PC.CD,Current health expenditure per capita (current US$),1A,Arab World
ARB,2002,113.335666331259,,,2,SH.XPD.CHEX.PC.CD,Current health expenditure per capita (current US$),1A,Arab World
ARB,2001,114.541456078151,,,2,SH.XPD.CHEX.PC.CD,Current health expenditure per capita (current US$),1A,Arab World
ARB,2000,111.859374944682,,,2,SH.XPD.CHEX.PC.CD,Current health expenditure per capita (current US$),1A,Arab World
CSS,2023,915.847407140298,,,2,SH.XPD.CHEX.PC.CD,Current health expenditure per capita (current US$),S3,Caribbean small states
CSS,2022,915.955448715908,,,2,SH.XPD.CHEX.PC.CD,Current health expenditure per capita (current US$),S3,Caribbean small states
CSS,2021,851.953010679747,,,2,SH.XPD.CHEX.PC.CD,Current health expenditure per capita (current US$),S3,Caribbean small states
CSS,2020,796.157980008992,,,2,SH.XPD.CHEX.PC.CD,Current health expenditure per capita (current US$),S3,Caribbean small states
CSS,2019,820.239812214279,,,2,SH.XPD.CHEX.PC.CD,Current health expenditure per capita (current US$),S3,Caribbean small states
CSS,2018,790.748049253674,,,2,SH.XPD.CHEX.PC.CD,Current health expenditure per capita (current US$),S3,Caribbean small states
CSS,2017,788.582309385435,,,2,SH.XPD.CHEX.PC.CD,Current health expenditure per capita (current US$),S3,Caribbean small states
CSS,2016,747.226086126681,,,2,SH.XPD.CHEX.PC.CD,Current health expenditure per capita (current US$),S3,Caribbean small states
CSS,2015,752.904794394727,,,2,SH.XPD.CHEX.PC.CD,Current health expenditure per capita (current US$),S3,Caribbean small states
CSS,2014,730.353108337739,,,2,SH.XPD.CHEX.PC.CD,Current health expenditure per capita (current US$),S3,Caribbean small states
CSS,2013,712.607256838982,,,2,SH.XPD.CHEX.PC.CD,Current health expenditure per capita (current US$),S3,Caribbean small states
CSS,2012,680.879428773639,,,2,SH.XPD.CHEX.PC.CD,Current health expenditure per capita (current US$),S3,Caribbean small states
CSS,2011,650.723189462505,,,2,SH.XPD.CHEX.PC.CD,Current health expenditure per capita (current US$),S3,Caribbean small states
CSS,2010,627.807859298105,,,2,SH.XPD.CHEX.PC.CD,Current health expenditure per capita (current US$),S3,Caribbean small states
CSS,2009,604.643592048314,,,2,SH.XPD.CHEX.PC.CD,Current health expenditure per capita (current US$),S3,Caribbean small states
CSS,2008,590.420111478154,,,2,SH.XPD.CHEX.PC.CD,Current health expenditure per capita (current US$),S3,Caribbean small states
CSS,2007,539.439782531732,,,2,SH.XPD.CHEX.PC.CD,Current health expenditure per capita (current US$),S3,Caribbean small states
CSS,2006,485.729852678028,,,2,SH.XPD.CHEX.PC.CD,Current health expenditure per capita (current US$),S3,Caribbean small states
CSS,2005,442.34759752957,,,2,SH.XPD.CHEX.PC.CD,Current health expenditure per capita (current US$),S3,Caribbean small states
CSS,2004,393.124619070154,,,2,SH.XPD.CHEX.PC.CD,Current health expenditure per capita (current US$),S3,Caribbean small states
CSS,2003,351.51308948754,,,2,SH.XPD.CHEX.PC.CD,Current health expenditure per capita (current US$),S3,Caribbean small states
CSS,2002,325.198426009048,,,2,SH.XPD.CHEX.PC.CD,Current health expenditure per capita (current US$),S3,Caribbean small states
CSS,2001,291.123719989722,,,2,SH.XPD.CHEX.PC.CD,Current health expenditure per capita (current US$),S3,Caribbean small states
CSS,2000,290.570618755862,,,2,SH.XPD.CHEX.PC.CD,Current health expenditure per capita (current US$),S3,Caribbean small states
CEB,2023,1626.96748530039,,,2,SH.XPD.CHEX.PC.CD,Current health expenditure per capita (current US$),B8,Central Europe and the Baltics
CEB,2022,1374.1600690946,,,2,SH.XPD.CHEX.PC.CD,Current health expenditure per capita (current US$),B8,Central Europe and the Baltics
CEB,2021,1412.78214453503,,,2,SH.XPD.CHEX.PC.CD,Current health expenditure per capita (current US$),B8,Central Europe and the Baltics
CEB,2020,1187.60462614471,,,2,SH.XPD.CHEX.PC.CD,Current health expenditure per capita (current US$),B8,Central Europe and the Baltics
CEB,2019,1095.4614214139,,,2,SH.XPD.CHEX.PC.CD,Current health expenditure per capita (current US$),B8,Central Europe and the Baltics
CEB,2018,1057.78591814118,,,2,SH.XPD.CHEX.PC.CD,Current health expenditure per capita (current US$),B8,Central Europe and the Baltics
CEB,2017,941.309979111415,,,2,SH.XPD.CHEX.PC.CD,Current health expenditure per capita (current US$),B8,Central Europe and the Baltics
CEB,2016,854.458742634355,,,2,SH.XPD.CHEX.PC.CD,Current health expenditure per capita (current US$),B8,Central Europe and the Baltics
CEB,2015,817.142104856243,,,2,SH.XPD.CHEX.PC.CD,Current health expenditure per capita (current US$),B8,Central Europe and the Baltics
CEB,2014,932.81846871344,,,2,SH.XPD.CHEX.PC.CD,Current health expenditure per capita (current US$),B8,Central Europe and the Baltics
CEB,2013,911.420338086475,,,2,SH.XPD.CHEX.PC.CD,Current health expenditure per capita (current US$),B8,Central Europe and the Baltics
CEB,2012,863.755895369154,,,2,SH.XPD.CHEX.PC.CD,Current health expenditure per capita (current US$),B8,Central Europe and the Baltics
CEB,2011,920.709058276828,,,2,SH.XPD.CHEX.PC.CD,Current health expenditure per capita (current US$),B8,Central Europe and the Baltics
CEB,2010,869.171916475988,,,2,SH.XPD.CHEX.PC.CD,Current health expenditure per capita (current US$),B8,Central Europe and the Baltics
CEB,2009,842.580508218217,,,2,SH.XPD.CHEX.PC.CD,Current health expenditure per capita (current US$),B8,Central Europe and the Baltics
CEB,2008,927.677474022657,,,2,SH.XPD.CHEX.PC.CD,Current health expenditure per capita (current US$),B8,Central Europe and the Baltics
CEB,2007,729.697767570638,,,2,SH.XPD.CHEX.PC.CD,Current health expenditure per capita (current US$),B8,Central Europe and the Baltics
CEB,2006,580.337701888503,,,2,SH.XPD.CHEX.PC.CD,Current health expenditure per capita (current US$),B8,Central Europe and the Baltics
CEB,2005,522.801258659789,,,2,SH.XPD.CHEX.PC.CD,Current health expenditure per capita (current US$),B8,Central Europe and the Baltics
CEB,2004,446.960080489537,,,2,SH.XPD.CHEX.PC.CD,Current health expenditure per capita (current US$),B8,Central Europe and the Baltics
CEB,2003,373.191144319793,,,2,SH.XPD.CHEX.PC.CD,Current health expenditure per capita (current US$),B8,Central Europe and the Baltics
CEB,2002,298.231436034936,,,2,SH.XPD.CHEX.PC.CD,Current health expenditure per capita (current US$),B8,Central Europe and the Baltics
CEB,2001,252.155496334545,,,2,SH.XPD.CHEX.PC.CD,Current health expenditure per capita (current US$),B8,Central Europe and the Baltics
CEB,2000,221.752169441734,,,2,SH.XPD.CHEX.PC.CD,Current health expenditure per capita (current US$),B8,Central Europe and the Baltics
EAR,2023,201.321276167908,,,2,SH.XPD.CHEX.PC.CD,Current health expenditure per capita (current US$),V2,Early-demographic dividend
EAR,2022,191.392926293627,,,2,SH.XPD.CHEX.PC.CD,Current health expenditure per capita (current US$),V2,Early-demographic dividend
EAR,2021,186.693713270936,,,2,SH.XPD.CHEX.PC.CD,Current health expenditure per capita (current US$),V2,Early-demographic dividend
EAR,2020,162.139748994011,,,2,SH.XPD.CHEX.PC.CD,Current health expenditure per capita (current US$),V2,Early-demographic dividend
EAR,2019,159.821297045575,,,2,SH.XPD.CHEX.PC.CD,Current health expenditure per capita (current US$),V2,Early-demographic dividend
EAR,2018,159.6997596475,,,2,SH.XPD.CHEX.PC.CD,Current health expenditure per capita (current US$),V2,Early-demographic dividend
EAR,2017,166.136635212773,,,2,SH.XPD.CHEX.PC.CD,Current health expenditure per capita (current US$),V2,Early-demographic dividend
EAR,2016,161.00720510291,,,2,SH.XPD.CHEX.PC.CD,Current health expenditure per capita (current US$),V2,Early-demographic dividend
EAR,2015,165.201062958564,,,2,SH.XPD.CHEX.PC.CD,Current health expenditure per capita (current US$),V2,Early-demographic dividend
EAR,2014,165.927177497586,,,2,SH.XPD.CHEX.PC.CD,Current health expenditure per capita (current US$),V2,Early-demographic dividend
EAR,2013,166.635054311832,,,2,SH.XPD.CHEX.PC.CD,Current health expenditure per capita (current US$),V2,Early-demographic dividend
EAR,2012,160.554302847423,,,2,SH.XPD.CHEX.PC.CD,Current health expenditure per capita (current US$),V2,Early-demographic dividend
EAR,2011,153.440902871512,,,2,SH.XPD.CHEX.PC.CD,Current health expenditure per capita (current US$),V2,Early-demographic dividend
EAR,2010,137.399835168198,,,2,SH.XPD.CHEX.PC.CD,Current health expenditure per capita (current US$),V2,Early-demographic dividend
EAR,2009,120.100938668571,,,2,SH.XPD.CHEX.PC.CD,Current health expenditure per capita (current US$),V2,Early-demographic dividend
EAR,2008,119.562418602745,,,2,SH.XPD.CHEX.PC.CD,Current health expenditure per capita (current US$),V2,Early-demographic dividend
EAR,2007,108.245042054146,,,2,SH.XPD.CHEX.PC.CD,Current health expenditure per capita (current US$),V2,Early-demographic dividend
EAR,2006,93.7861122362258,,,2,SH.XPD.CHEX.PC.CD,Current health expenditure per capita (current US$),V2,Early-demographic dividend
EAR,2005,85.0266018615647,,,2,SH.XPD.CHEX.PC.CD,Current health expenditure per capita (current US$),V2,Early-demographic dividend
EAR,2004,74.322163372657,,,2,SH.XPD.CHEX.PC.CD,Current health expenditure per capita (current US$),V2,Early-demographic dividend
EAR,2003,65.8555382864186,,,2,SH.XPD.CHEX.PC.CD,Current health expenditure per capita (current US$),V2,Early-demographic dividend
EAR,2002,58.7796426299947,,,2,SH.XPD.CHEX.PC.CD,Current health expenditure per capita (current US$),V2,Early-demographic dividend
EAR,2001,63.9320367467369,,,2,SH.XPD.CHEX.PC.CD,Current health expenditure per capita (current US$),V2,Early-demographic dividend
EAR,2000,63.4025062509756,,,2,SH.XPD.CHEX.PC.CD,Current health expenditure per capita (current US$),V2,Early-demographic dividend
EAS,2023,881.290897960564,,,2,SH.XPD.CHEX.PC.CD,Current health expenditure per capita (current US$),Z4,East Asia & Pacific
EAS,2022,905.114818668488,,,2,SH.XPD.CHEX.PC.CD,Current health expenditure per capita (current US$),Z4,East Asia & Pacific
EAS,2021,899.287259231387,,,2,SH.XPD.CHEX.PC.CD,Current health expenditure per capita (current US$),Z4,East Asia & Pacific
EAS,2020,799.468053130348,,,2,SH.XPD.CHEX.PC.CD,Current health expenditure per capita (current US$),Z4,East Asia & Pacific
EAS,2019,754.673740778479,,,2,SH.XPD.CHEX.PC.CD,Current health expenditure per capita (current US$),Z4,East Asia & Pacific
EAS,2018,723.925473826868,,,2,SH.XPD.CHEX.PC.CD,Current health expenditure per capita (current US$),Z4,East Asia & Pacific
EAS,2017,669.232674974526,,,2,SH.XPD.CHEX.PC.CD,Current health expenditure per capita (current US$),Z4,East Asia & Pacific
EAS,2016,637.056055933574,,,2,SH.XPD.CHEX.PC.CD,Current health expenditure per capita (current US$),Z4,East Asia & Pacific
EAS,2015,604.254750654018,,,2,SH.XPD.CHEX.PC.CD,Current health expenditure per capita (current US$),Z4,East Asia & Pacific
EAS,2014,617.395012835319,,,2,SH.XPD.CHEX.PC.CD,Current health expenditure per capita (current US$),Z4,East Asia & Pacific
EAS,2013,603.347478303646,,,2,SH.XPD.CHEX.PC.CD,Current health expenditure per capita (current US$),Z4,East Asia & Pacific
EAS,2012,627.13244385485,,,2,SH.XPD.CHEX.PC.CD,Current health expenditure per capita (current US$),Z4,East Asia & Pacific
EAS,2011,588.755207712256,,,2,SH.XPD.CHEX.PC.CD,Current health expenditure per capita (current US$),Z4,East Asia & Pacific
EAS,2010,479.387975872585,,,2,SH.XPD.CHEX.PC.CD,Current health expenditure per capita (current US$),Z4,East Asia & Pacific
EAS,2009,421.18852506788,,,2,SH.XPD.CHEX.PC.CD,Current health expenditure per capita (current US$),Z4,East Asia & Pacific
EAS,2008,375.872971179041,,,2,SH.XPD.CHEX.PC.CD,Current health expenditure per capita (current US$),Z4,East Asia & Pacific
EAS,2007,323.51641028565,,,2,SH.XPD.CHEX.PC.CD,Current health expenditure per capita (current US$),Z4,East Asia & Pacific
EAS,2006,299.85595449761,,,2,SH.XPD.CHEX.PC.CD,Current health expenditure per capita (current US$),Z4,East Asia & Pacific
EAS,2005,293.864687950824,,,2,SH.XPD.CHEX.PC.CD,Current health expenditure per capita (current US$),Z4,East Asia & Pacific
EAS,2004,279.713123154029,,,2,SH.XPD.CHEX.PC.CD,Current health expenditure per capita (current US$),Z4,East Asia & Pacific
EAS,2003,253.020416156328,,,2,SH.XPD.CHEX.PC.CD,Current health expenditure per capita (current US$),Z4,East Asia & Pacific
EAS,2002,224.536842708809,,,2,SH.XPD.CHEX.PC.CD,Current health expenditure per capita (current US$),Z4,East Asia & Pacific
EAS,2001,222.890506272818,,,2,SH.XPD.CHEX.PC.CD,Current health expenditure per capita (current US$),Z4,East Asia & Pacific
EAS,2000,239.832676205173,,,2,SH.XPD.CHEX.PC.CD,Current health expenditure per capita (current US$),Z4,East Asia & Pacific
EAP,2023,570.046154107498,,,2,SH.XPD.CHEX.PC.CD,Current health expenditure per capita (current US$),4E,East Asia & Pacific (excluding high income)
EAP,2022,566.030286298373,,,2,SH.XPD.CHEX.PC.CD,Current health expenditure per capita (current US$),4E,East Asia & Pacific (excluding high income)
EAP,2021,515.527340657811,,,2,SH.XPD.CHEX.PC.CD,Current health expenditure per capita (current US$),4E,East Asia & Pacific (excluding high income)
EAP,2020,446.453873085913,,,2,SH.XPD.CHEX.PC.CD,Current health expenditure per capita (current US$),4E,East Asia & Pacific (excluding high income)
EAP,2019,414.609681820139,,,2,SH.XPD.CHEX.PC.CD,Current health expenditure per capita (current US$),4E,East Asia & Pacific (excluding high income)
EAP,2018,388.610220413854,,,2,SH.XPD.CHEX.PC.CD,Current health expenditure per capita (current US$),4E,East Asia & Pacific (excluding high income)
EAP,2017,342.752366201755,,,2,SH.XPD.CHEX.PC.CD,Current health expenditure per capita (current US$),4E,East Asia & Pacific (excluding high income)
EAP,2016,312.578961695984,,,2,SH.XPD.CHEX.PC.CD,Current health expenditure per capita (current US$),4E,East Asia & Pacific (excluding high income)
EAP,2015,307.270504529694,,,2,SH.XPD.CHEX.PC.CD,Current health expenditure per capita (current US$),4E,East Asia & Pacific (excluding high income)
EAP,2014,287.327126516732,,,2,SH.XPD.CHEX.PC.CD,Current health expenditure per capita (current US$),4E,East Asia & Pacific (excluding high income)
EAP,2013,263.817161904896,,,2,SH.XPD.CHEX.PC.CD,Current health expenditure per capita (current US$),4E,East Asia & Pacific (excluding high income)
EAP,2012,233.503638439295,,,2,SH.XPD.CHEX.PC.CD,Current health expenditure per capita (current US$),4E,East Asia & Pacific (excluding high income)
EAP,2011,200.301228138972,,,2,SH.XPD.CHEX.PC.CD,Current health expenditure per capita (current US$),4E,East Asia & Pacific (excluding high income)
EAP,2010,160.364281320042,,,2,SH.XPD.CHEX.PC.CD,Current health expenditure per capita (current US$),4E,East Asia & Pacific (excluding high income)
EAP,2009,138.512114070546,,,2,SH.XPD.CHEX.PC.CD,Current health expenditure per capita (current US$),4E,East Asia & Pacific (excluding high income)
EAP,2008,116.588275270623,,,2,SH.XPD.CHEX.PC.CD,Current health expenditure per capita (current US$),4E,East Asia & Pacific (excluding high income)
EAP,2007,89.2576304285462,,,2,SH.XPD.CHEX.PC.CD,Current health expenditure per capita (current US$),4E,East Asia & Pacific (excluding high income)
EAP,2006,74.6125422958051,,,2,SH.XPD.CHEX.PC.CD,Current health expenditure per capita (current US$),4E,East Asia & Pacific (excluding high income)
EAP,2005,65.0217836701955,,,2,SH.XPD.CHEX.PC.CD,Current health expenditure per capita (current US$),4E,East Asia & Pacific (excluding high income)
EAP,2004,56.6396873563519,,,2,SH.XPD.CHEX.PC.CD,Current health expenditure per capita (current US$),4E,East Asia & Pacific (excluding high income)
EAP,2003,50.3355953685125,,,2,SH.XPD.CHEX.PC.CD,Current health expenditure per capita (current US$),4E,East Asia & Pacific (excluding high income)
EAP,2002,44.0812093473831,,,2,SH.XPD.CHEX.PC.CD,Current health expenditure per capita (current US$),4E,East Asia & Pacific (excluding high income)
EAP,2001,39.5186247465139,,,2,SH.XPD.CHEX.PC.CD,Current health expenditure per capita (current US$),4E,East Asia & Pacific (excluding high income)
EAP,2000,38.3870416172518,,,2,SH.XPD.CHEX.PC.CD,Current health expenditure per capita (current US$),4E,East Asia & Pacific (excluding high income)
TEA,2023,570.065194520576,,,2,SH.XPD.CHEX.PC.CD,Current health expenditure per capita (current US$),T4,East Asia & Pacific (IDA & IBRD countries)
TEA,2022,566.052535523033,,,2,SH.XPD.CHEX.PC.CD,Current health expenditure per capita (current US$),T4,East Asia & Pacific (IDA & IBRD countries)
TEA,2021,515.545559248001,,,2,SH.XPD.CHEX.PC.CD,Current health expenditure per capita (current US$),T4,East Asia & Pacific (IDA & IBRD countries)
TEA,2020,446.471116609362,,,2,SH.XPD.CHEX.PC.CD,Current health expenditure per capita (current US$),T4,East Asia & Pacific (IDA & IBRD countries)
TEA,2019,414.62703931563,,,2,SH.XPD.CHEX.PC.CD,Current health expenditure per capita (current US$),T4,East Asia & Pacific (IDA & IBRD countries)
TEA,2018,388.627016996157,,,2,SH.XPD.CHEX.PC.CD,Current health expenditure per capita (current US$),T4,East Asia & Pacific (IDA & IBRD countries)
TEA,2017,342.769055060083,,,2,SH.XPD.CHEX.PC.CD,Current health expenditure per capita (current US$),T4,East Asia & Pacific (IDA & IBRD countries)
TEA,2016,312.594700652347,,,2,SH.XPD.CHEX.PC.CD,Current health expenditure per capita (current US$),T4,East Asia & Pacific (IDA & IBRD countries)
TEA,2015,307.285016378459,,,2,SH.XPD.CHEX.PC.CD,Current health expenditure per capita (current US$),T4,East Asia & Pacific (IDA & IBRD countries)
TEA,2014,287.340016035223,,,2,SH.XPD.CHEX.PC.CD,Current health expenditure per capita (current US$),T4,East Asia & Pacific (IDA & IBRD countries)
TEA,2013,263.830052894653,,,2,SH.XPD.CHEX.PC.CD,Current health expenditure per capita (current US$),T4,East Asia & Pacific (IDA & IBRD countries)
TEA,2012,233.515980515811,,,2,SH.XPD.CHEX.PC.CD,Current health expenditure per capita (current US$),T4,East Asia & Pacific (IDA & IBRD countries)
TEA,2011,200.311683520693,,,2,SH.XPD.CHEX.PC.CD,Current health expenditure per capita (current US$),T4,East Asia & Pacific (IDA & IBRD countries)
TEA,2010,160.37548959536,,,2,SH.XPD.CHEX.PC.CD,Current health expenditure per capita (current US$),T4,East Asia & Pacific (IDA & IBRD countries)
TEA,2009,138.522198087683,,,2,SH.XPD.CHEX.PC.CD,Current health expenditure per capita (current US$),T4,East Asia & Pacific (IDA & IBRD countries)
TEA,2008,116.59945723182,,,2,SH.XPD.CHEX.PC.CD,Current health expenditure per capita (current US$),T4,East Asia & Pacific (IDA & IBRD countries)
TEA,2007,89.2684378120494,,,2,SH.XPD.CHEX.PC.CD,Current health expenditure per capita (current US$),T4,East Asia & Pacific (IDA & IBRD countries)
TEA,2006,74.6221373015156,,,2,SH.XPD.CHEX.PC.CD,Current health expenditure per capita (current US$),T4,East Asia & Pacific (IDA & IBRD countries)
TEA,2005,65.0310762225143,,,2,SH.XPD.CHEX.PC.CD,Current health expenditure per capita (current US$),T4,East Asia & Pacific (IDA & IBRD countries)
TEA,2004,56.6481018498908,,,2,SH.XPD.CHEX.PC.CD,Current health expenditure per capita (current US$),T4,East Asia & Pacific (IDA & IBRD countries)
TEA,2003,50.3430802439361,,,2,SH.XPD.CHEX.PC.CD,Current health expenditure per capita (current US$),T4,East Asia & Pacific (IDA & IBRD countries)
TEA,2002,44.0886428620882,,,2,SH.XPD.CHEX.PC.CD,Current health expenditure per capita (current US$),T4,East Asia & Pacific (IDA & IBRD countries)
TEA,2001,39.5267758432329,,,2,SH.XPD.CHEX.PC.CD,Current health expenditure per capita (current US$),T4,East Asia & Pacific (IDA & IBRD countries)
TEA,2000,38.3962606653257,,,2,SH.XPD.CHEX.PC.CD,Current health expenditure per capita (current US$),T4,East Asia & Pacific (IDA & IBRD countries)
EMU,2023,4603.63899965368,,,2,SH.XPD.CHEX.PC.CD,Current health expenditure per capita (current US$),XC,Euro area
EMU,2022,4379.2743765017,,,2,SH.XPD.CHEX.PC.CD,Current health expenditure per capita (current US$),XC,Euro area
EMU,2021,4740.46066145846,,,2,SH.XPD.CHEX.PC.CD,Current health expenditure per capita (current US$),XC,Euro area
EMU,2020,4205.68480148807,,,2,SH.XPD.CHEX.PC.CD,Current health expenditure per capita (current US$),XC,Euro area
EMU,2019,3929.67795036463,,,2,SH.XPD.CHEX.PC.CD,Current health expenditure per capita (current US$),XC,Euro area
EMU,2018,3995.7906805039,,,2,SH.XPD.CHEX.PC.CD,Current health expenditure per capita (current US$),XC,Euro area
EMU,2017,3707.80093980814,,,2,SH.XPD.CHEX.PC.CD,Current health expenditure per capita (current US$),XC,Euro area
EMU,2016,3513.74727284047,,,2,SH.XPD.CHEX.PC.CD,Current health expenditure per capita (current US$),XC,Euro area
EMU,2015,3450.16293853121,,,2,SH.XPD.CHEX.PC.CD,Current health expenditure per capita (current US$),XC,Euro area
EMU,2014,4011.66637569218,,,2,SH.XPD.CHEX.PC.CD,Current health expenditure per capita (current US$),XC,Euro area
EMU,2013,3909.07891161441,,,2,SH.XPD.CHEX.PC.CD,Current health expenditure per capita (current US$),XC,Euro area
EMU,2012,3733.82559658973,,,2,SH.XPD.CHEX.PC.CD,Current health expenditure per capita (current US$),XC,Euro area
EMU,2011,3996.67104481579,,,2,SH.XPD.CHEX.PC.CD,Current health expenditure per capita (current US$),XC,Euro area
EMU,2010,3741.2298138997,,,2,SH.XPD.CHEX.PC.CD,Current health expenditure per capita (current US$),XC,Euro area
EMU,2009,3852.6539008054,,,2,SH.XPD.CHEX.PC.CD,Current health expenditure per capita (current US$),XC,Euro area
EMU,2008,3913.20155147938,,,2,SH.XPD.CHEX.PC.CD,Current health expenditure per capita (current US$),XC,Euro area
EMU,2007,3461.94941912262,,,2,SH.XPD.CHEX.PC.CD,Current health expenditure per capita (current US$),XC,Euro area
EMU,2006,3050.36252274121,,,2,SH.XPD.CHEX.PC.CD,Current health expenditure per capita (current US$),XC,Euro area
EMU,2005,2885.88507181355,,,2,SH.XPD.CHEX.PC.CD,Current health expenditure per capita (current US$),XC,Euro area
EMU,2004,2769.86457339632,,,2,SH.XPD.CHEX.PC.CD,Current health expenditure per capita (current US$),XC,Euro area
EMU,2003,2421.17561708339,,,2,SH.XPD.CHEX.PC.CD,Current health expenditure per capita (current US$),XC,Euro area
EMU,2002,1930.96437061601,,,2,SH.XPD.CHEX.PC.CD,Current health expenditure per capita (current US$),XC,Euro area
EMU,2001,1732.89285129305,,,2,SH.XPD.CHEX.PC.CD,Current health expenditure per capita (current US$),XC,Euro area
EMU,2000,1690.76065300032,,,2,SH.XPD.CHEX.PC.CD,Current health expenditure per capita (current US$),XC,Euro area
ECS,2023,2968.53722113162,,,2,SH.XPD.CHEX.PC.CD,Current health expenditure per capita (current US$),Z7,Europe & Central Asia
ECS,2022,2811.99788990336,,,2,SH.XPD.CHEX.PC.CD,Current health expenditure per capita (current US$),Z7,Europe & Central Asia
ECS,2021,2865.34293291689,,,2,SH.XPD.CHEX.PC.CD,Current health expenditure per capita (current US$),Z7,Europe & Central Asia
ECS,2020,2527.44146299898,,,2,SH.XPD.CHEX.PC.CD,Current health expenditure per capita (current US$),Z7,Europe & Central Asia
ECS,2019,2329.09882257234,,,2,SH.XPD.CHEX.PC.CD,Current health expenditure per capita (current US$),Z7,Europe & Central Asia
ECS,2018,2346.37056498712,,,2,SH.XPD.CHEX.PC.CD,Current health expenditure per capita (current US$),Z7,Europe & Central Asia
ECS,2017,2194.38357892709,,,2,SH.XPD.CHEX.PC.CD,Current health expenditure per capita (current US$),Z7,Europe & Central Asia
ECS,2016,2095.79240619186,,,2,SH.XPD.CHEX.PC.CD,Current health expenditure per capita (current US$),Z7,Europe & Central Asia
ECS,2015,2105.26090028047,,,2,SH.XPD.CHEX.PC.CD,Current health expenditure per capita (current US$),Z7,Europe & Central Asia
ECS,2014,2431.97384185177,,,2,SH.XPD.CHEX.PC.CD,Current health expenditure per capita (current US$),Z7,Europe & Central Asia
ECS,2013,2379.23679870257,,,2,SH.XPD.CHEX.PC.CD,Current health expenditure per capita (current US$),Z7,Europe & Central Asia
ECS,2012,2273.38230892746,,,2,SH.XPD.CHEX.PC.CD,Current health expenditure per capita (current US$),Z7,Europe & Central Asia
ECS,2011,2365.26568894297,,,2,SH.XPD.CHEX.PC.CD,Current health expenditure per capita (current US$),Z7,Europe & Central Asia
ECS,2010,2182.78948070826,,,2,SH.XPD.CHEX.PC.CD,Current health expenditure per capita (current US$),Z7,Europe & Central Asia
ECS,2009,2194.57126520554,,,2,SH.XPD.CHEX.PC.CD,Current health expenditure per capita (current US$),Z7,Europe & Central Asia
ECS,2008,2290.63725590395,,,2,SH.XPD.CHEX.PC.CD,Current health expenditure per capita (current US$),Z7,Europe & Central Asia
ECS,2007,2046.68784039878,,,2,SH.XPD.CHEX.PC.CD,Current health expenditure per capita (current US$),Z7,Europe & Central Asia
ECS,2006,1775.73548635854,,,2,SH.XPD.CHEX.PC.CD,Current health expenditure per capita (current US$),Z7,Europe & Central Asia
ECS,2005,1657.54062500021,,,2,SH.XPD.CHEX.PC.CD,Current health expenditure per capita (current US$),Z7,Europe & Central Asia
ECS,2004,1565.29037109494,,,2,SH.XPD.CHEX.PC.CD,Current health expenditure per capita (current US$),Z7,Europe & Central Asia
ECS,2003,1348.82361413621,,,2,SH.XPD.CHEX.PC.CD,Current health expenditure per capita (current US$),Z7,Europe & Central Asia
ECS,2002,1088.03899143488,,,2,SH.XPD.CHEX.PC.CD,Current health expenditure per capita (current US$),Z7,Europe & Central Asia
ECS,2001,963.897798657633,,,2,SH.XPD.CHEX.PC.CD,Current health expenditure per capita (current US$),Z7,Europe & Central Asia
ECS,2000,934.427788457795,,,2,SH.XPD.CHEX.PC.CD,Current health expenditure per capita (current US$),Z7,Europe & Central Asia
ECA,2023,455.307563958052,,,2,SH.XPD.CHEX.PC.CD,Current health expenditure per capita (current US$),7E,Europe & Central Asia (excluding high income)
ECA,2022,366.115150801706,,,2,SH.XPD.CHEX.PC.CD,Current health expenditure per capita (current US$),7E,Europe & Central Asia (excluding high income)
ECA,2021,373.799664319144,,,2,SH.XPD.CHEX.PC.CD,Current health expenditure per capita (current US$),7E,Europe & Central Asia (excluding high income)
ECA,2020,313.492738787445,,,2,SH.XPD.CHEX.PC.CD,Current health expenditure per capita (current US$),7E,Europe & Central Asia (excluding high income)
ECA,2019,296.599975653494,,,2,SH.XPD.CHEX.PC.CD,Current health expenditure per capita (current US$),7E,Europe & Central Asia (excluding high income)
ECA,2018,282.063525018229,,,2,SH.XPD.CHEX.PC.CD,Current health expenditure per capita (current US$),7E,Europe & Central Asia (excluding high income)
ECA,2017,288.640304992191,,,2,SH.XPD.CHEX.PC.CD,Current health expenditure per capita (current US$),7E,Europe & Central Asia (excluding high income)
ECA,2016,289.020041283304,,,2,SH.XPD.CHEX.PC.CD,Current health expenditure per capita (current US$),7E,Europe & Central Asia (excluding high income)
ECA,2015,294.269916283956,,,2,SH.XPD.CHEX.PC.CD,Current health expenditure per capita (current US$),7E,Europe & Central Asia (excluding high income)
ECA,2014,345.933133984597,,,2,SH.XPD.CHEX.PC.CD,Current health expenditure per capita (current US$),7E,Europe & Central Asia (excluding high income)
ECA,2013,367.587637360575,,,2,SH.XPD.CHEX.PC.CD,Current health expenditure per capita (current US$),7E,Europe & Central Asia (excluding high income)
ECA,2012,346.093293024212,,,2,SH.XPD.CHEX.PC.CD,Current health expenditure per capita (current US$),7E,Europe & Central Asia (excluding high income)
ECA,2011,330.417824093321,,,2,SH.XPD.CHEX.PC.CD,Current health expenditure per capita (current US$),7E,Europe & Central Asia (excluding high income)
ECA,2010,310.360441881054,,,2,SH.XPD.CHEX.PC.CD,Current health expenditure per capita (current US$),7E,Europe & Central Asia (excluding high income)
ECA,2009,284.384244898929,,,2,SH.XPD.CHEX.PC.CD,Current health expenditure per capita (current US$),7E,Europe & Central Asia (excluding high income)
ECA,2008,322.581042016962,,,2,SH.XPD.CHEX.PC.CD,Current health expenditure per capita (current US$),7E,Europe & Central Asia (excluding high income)
ECA,2007,276.621234814896,,,2,SH.XPD.CHEX.PC.CD,Current health expenditure per capita (current US$),7E,Europe & Central Asia (excluding high income)
ECA,2006,226.209177830607,,,2,SH.XPD.CHEX.PC.CD,Current health expenditure per capita (current US$),7E,Europe & Central Asia (excluding high income)
ECA,2005,193.191160635613,,,2,SH.XPD.CHEX.PC.CD,Current health expenditure per capita (current US$),7E,Europe & Central Asia (excluding high income)
ECA,2004,156.938955353583,,,2,SH.XPD.CHEX.PC.CD,Current health expenditure per capita (current US$),7E,Europe & Central Asia (excluding high income)
ECA,2003,123.735909721197,,,2,SH.XPD.CHEX.PC.CD,Current health expenditure per capita (current US$),7E,Europe & Central Asia (excluding high income)
ECA,2002,95.8969788503221,,,2,SH.XPD.CHEX.PC.CD,Current health expenditure per capita (current US$),7E,Europe & Central Asia (excluding high income)
ECA,2001,79.9049065499798,,,2,SH.XPD.CHEX.PC.CD,Current health expenditure per capita (current US$),7E,Europe & Central Asia (excluding high income)
ECA,2000,87.4739690994496,,,2,SH.XPD.CHEX.PC.CD,Current health expenditure per capita (current US$),7E,Europe & Central Asia (excluding high income)
TEC,2023,791.091170293933,,,2,SH.XPD.CHEX.PC.CD,Current health expenditure per capita (current US$),T7,Europe & Central Asia (IDA & IBRD countries)
TEC,2022,732.6197329168,,,2,SH.XPD.CHEX.PC.CD,Current health expenditure per capita (current US$),T7,Europe & Central Asia (IDA & IBRD countries)
TEC,2021,641.692030073061,,,2,SH.XPD.CHEX.PC.CD,Current health expenditure per capita (current US$),T7,Europe & Central Asia (IDA & IBRD countries)
TEC,2020,565.47187430609,,,2,SH.XPD.CHEX.PC.CD,Current health expenditure per capita (current US$),T7,Europe & Central Asia (IDA & IBRD countries)
TEC,2019,499.118925005059,,,2,SH.XPD.CHEX.PC.CD,Current health expenditure per capita (current US$),T7,Europe & Central Asia (IDA & IBRD countries)
TEC,2018,472.92294572173,,,2,SH.XPD.CHEX.PC.CD,Current health expenditure per capita (current US$),T7,Europe & Central Asia (IDA & IBRD countries)
TEC,2017,454.56238580521,,,2,SH.XPD.CHEX.PC.CD,Current health expenditure per capita (current US$),T7,Europe & Central Asia (IDA & IBRD countries)
TEC,2016,406.363821785837,,,2,SH.XPD.CHEX.PC.CD,Current health expenditure per capita (current US$),T7,Europe & Central Asia (IDA & IBRD countries)
TEC,2015,416.867867300176,,,2,SH.XPD.CHEX.PC.CD,Current health expenditure per capita (current US$),T7,Europe & Central Asia (IDA & IBRD countries)
TEC,2014,535.508147836818,,,2,SH.XPD.CHEX.PC.CD,Current health expenditure per capita (current US$),T7,Europe & Central Asia (IDA & IBRD countries)
TEC,2013,565.457650339422,,,2,SH.XPD.CHEX.PC.CD,Current health expenditure per capita (current US$),T7,Europe & Central Asia (IDA & IBRD countries)
TEC,2012,530.644479316858,,,2,SH.XPD.CHEX.PC.CD,Current health expenditure per capita (current US$),T7,Europe & Central Asia (IDA & IBRD countries)
TEC,2011,505.50595242259,,,2,SH.XPD.CHEX.PC.CD,Current health expenditure per capita (current US$),T7,Europe & Central Asia (IDA & IBRD countries)
TEC,2010,454.110808341596,,,2,SH.XPD.CHEX.PC.CD,Current health expenditure per capita (current US$),T7,Europe & Central Asia (IDA & IBRD countries)
TEC,2009,419.846879774389,,,2,SH.XPD.CHEX.PC.CD,Current health expenditure per capita (current US$),T7,Europe & Central Asia (IDA & IBRD countries)
TEC,2008,485.869336269842,,,2,SH.XPD.CHEX.PC.CD,Current health expenditure per capita (current US$),T7,Europe & Central Asia (IDA & IBRD countries)
TEC,2007,385.736828421967,,,2,SH.XPD.CHEX.PC.CD,Current health expenditure per capita (current US$),T7,Europe & Central Asia (IDA & IBRD countries)
TEC,2006,303.267905456239,,,2,SH.XPD.CHEX.PC.CD,Current health expenditure per capita (current US$),T7,Europe & Central Asia (IDA & IBRD countries)
TEC,2005,251.971561712724,,,2,SH.XPD.CHEX.PC.CD,Current health expenditure per capita (current US$),T7,Europe & Central Asia (IDA & IBRD countries)
TEC,2004,202.023457617143,,,2,SH.XPD.CHEX.PC.CD,Current health expenditure per capita (current US$),T7,Europe & Central Asia (IDA & IBRD countries)
TEC,2003,161.900709185972,,,2,SH.XPD.CHEX.PC.CD,Current health expenditure per capita (current US$),T7,Europe & Central Asia (IDA & IBRD countries)
TEC,2002,133.79392524598,,,2,SH.XPD.CHEX.PC.CD,Current health expenditure per capita (current US$),T7,Europe & Central Asia (IDA & IBRD countries)
TEC,2001,114.159734123018,,,2,SH.XPD.CHEX.PC.CD,Current health expenditure per capita (current US$),T7,Europe & Central Asia (IDA & IBRD countries)
TEC,2000,105.567122744409,,,2,SH.XPD.CHEX.PC.CD,Current health expenditure per capita (current US$),T7,Europe & Central Asia (IDA & IBRD countries)
EUU,2023,4153.58435864806,,,2,SH.XPD.CHEX.PC.CD,Current health expenditure per capita (current US$),EU,European Union
EUU,2022,3922.6915573189,,,2,SH.XPD.CHEX.PC.CD,Current health expenditure per capita (current US$),EU,European Union
EUU,2021,4245.25531256131,,,2,SH.XPD.CHEX.PC.CD,Current health expenditure per capita (current US$),EU,European Union
EUU,2020,3749.13990498742,,,2,SH.XPD.CHEX.PC.CD,Current health expenditure per capita (current US$),EU,European Union
EUU,2019,3498.76733094227,,,2,SH.XPD.CHEX.PC.CD,Current health expenditure per capita (current US$),EU,European Union
EUU,2018,3553.26077514172,,,2,SH.XPD.CHEX.PC.CD,Current health expenditure per capita (current US$),EU,European Union
EUU,2017,3295.21181360212,,,2,SH.XPD.CHEX.PC.CD,Current health expenditure per capita (current US$),EU,European Union
EUU,2016,3117.18625390947,,,2,SH.XPD.CHEX.PC.CD,Current health expenditure per capita (current US$),EU,European Union
EUU,2015,3056.00162327666,,,2,SH.XPD.CHEX.PC.CD,Current health expenditure per capita (current US$),EU,European Union
EUU,2014,3550.25487120767,,,2,SH.XPD.CHEX.PC.CD,Current health expenditure per capita (current US$),EU,European Union
EUU,2013,3463.64750492935,,,2,SH.XPD.CHEX.PC.CD,Current health expenditure per capita (current US$),EU,European Union
EUU,2012,3301.71038108101,,,2,SH.XPD.CHEX.PC.CD,Current health expenditure per capita (current US$),EU,European Union
EUU,2011,3523.01951869602,,,2,SH.XPD.CHEX.PC.CD,Current health expenditure per capita (current US$),EU,European Union
EUU,2010,3268.03690840667,,,2,SH.XPD.CHEX.PC.CD,Current health expenditure per capita (current US$),EU,European Union
EUU,2009,3340.25278572443,,,2,SH.XPD.CHEX.PC.CD,Current health expenditure per capita (current US$),EU,European Union
EUU,2008,3413.63651740455,,,2,SH.XPD.CHEX.PC.CD,Current health expenditure per capita (current US$),EU,European Union
EUU,2007,3004.23168365245,,,2,SH.XPD.CHEX.PC.CD,Current health expenditure per capita (current US$),EU,European Union
EUU,2006,2633.24060077167,,,2,SH.XPD.CHEX.PC.CD,Current health expenditure per capita (current US$),EU,European Union
EUU,2005,2484.4519124792,,,2,SH.XPD.CHEX.PC.CD,Current health expenditure per capita (current US$),EU,European Union
EUU,2004,2372.48318460176,,,2,SH.XPD.CHEX.PC.CD,Current health expenditure per capita (current US$),EU,European Union
EUU,2003,2069.93055868748,,,2,SH.XPD.CHEX.PC.CD,Current health expenditure per capita (current US$),EU,European Union
EUU,2002,1649.76352599715,,,2,SH.XPD.CHEX.PC.CD,Current health expenditure per capita (current US$),EU,European Union
EUU,2001,1473.75202926334,,,2,SH.XPD.CHEX.PC.CD,Current health expenditure per capita (current US$),EU,European Union
EUU,2000,1431.54643719374,,,2,SH.XPD.CHEX.PC.CD,Current health expenditure per capita (current US$),EU,European Union
HPC,2023,51.3398975815569,,,2,SH.XPD.CHEX.PC.CD,Current health expenditure per capita (current US$),XE,Heavily indebted poor countries (HIPC)
HPC,2022,50.1963992943632,,,2,SH.XPD.CHEX.PC.CD,Current health expenditure per capita (current US$),XE,Heavily indebted poor countries (HIPC)
HPC,2021,51.3384020378492,,,2,SH.XPD.CHEX.PC.CD,Current health expenditure per capita (current US$),XE,Heavily indebted poor countries (HIPC)
HPC,2020,47.7665220825739,,,2,SH.XPD.CHEX.PC.CD,Current health expenditure per capita (current US$),XE,Heavily indebted poor countries (HIPC)
HPC,2019,44.6417534405441,,,2,SH.XPD.CHEX.PC.CD,Current health expenditure per capita (current US$),XE,Heavily indebted poor countries (HIPC)
HPC,2018,43.3482242293526,,,2,SH.XPD.CHEX.PC.CD,Current health expenditure per capita (current US$),XE,Heavily indebted poor countries (HIPC)
HPC,2017,44.2091460931805,,,2,SH.XPD.CHEX.PC.CD,Current health expenditure per capita (current US$),XE,Heavily indebted poor countries (HIPC)
HPC,2016,45.419823988255,,,2,SH.XPD.CHEX.PC.CD,Current health expenditure per capita (current US$),XE,Heavily indebted poor countries (HIPC)
HPC,2015,46.1258914898662,,,2,SH.XPD.CHEX.PC.CD,Current health expenditure per capita (current US$),XE,Heavily indebted poor countries (HIPC)
HPC,2014,48.5070559316375,,,2,SH.XPD.CHEX.PC.CD,Current health expenditure per capita (current US$),XE,Heavily indebted poor countries (HIPC)
HPC,2013,47.8110218826926,,,2,SH.XPD.CHEX.PC.CD,Current health expenditure per capita (current US$),XE,Heavily indebted poor countries (HIPC)
HPC,2012,44.5567791707364,,,2,SH.XPD.CHEX.PC.CD,Current health expenditure per capita (current US$),XE,Heavily indebted poor countries (HIPC)
HPC,2011,43.820504872476,,,2,SH.XPD.CHEX.PC.CD,Current health expenditure per capita (current US$),XE,Heavily indebted poor countries (HIPC)
HPC,2010,40.562930964945,,,2,SH.XPD.CHEX.PC.CD,Current health expenditure per capita (current US$),XE,Heavily indebted poor countries (HIPC)
HPC,2009,38.8444759688306,,,2,SH.XPD.CHEX.PC.CD,Current health expenditure per capita (current US$),XE,Heavily indebted poor countries (HIPC)
HPC,2008,38.0812159099423,,,2,SH.XPD.CHEX.PC.CD,Current health expenditure per capita (current US$),XE,Heavily indebted poor countries (HIPC)
HPC,2007,33.8492018157739,,,2,SH.XPD.CHEX.PC.CD,Current health expenditure per capita (current US$),XE,Heavily indebted poor countries (HIPC)
HPC,2006,29.1379689492275,,,2,SH.XPD.CHEX.PC.CD,Current health expenditure per capita (current US$),XE,Heavily indebted poor countries (HIPC)
HPC,2005,24.9170614647834,,,2,SH.XPD.CHEX.PC.CD,Current health expenditure per capita (current US$),XE,Heavily indebted poor countries (HIPC)
HPC,2004,21.6311080917604,,,2,SH.XPD.CHEX.PC.CD,Current health expenditure per capita (current US$),XE,Heavily indebted poor countries (HIPC)
HPC,2003,18.7813227064062,,,2,SH.XPD.CHEX.PC.CD,Current health expenditure per capita (current US$),XE,Heavily indebted poor countries (HIPC)
HPC,2002,16.0230602836898,,,2,SH.XPD.CHEX.PC.CD,Current health expenditure per capita (current US$),XE,Heavily indebted poor countries (HIPC)
HPC,2001,15.120419568702,,,2,SH.XPD.CHEX.PC.CD,Current health expenditure per capita (current US$),XE,Heavily indebted poor countries (HIPC)
HPC,2000,15.8796374606839,,,2,SH.XPD.CHEX.PC.CD,Current health expenditure per capita (current US$),XE,Heavily indebted poor countries (HIPC)
,2023,6100.42177813648,,,2,SH.XPD.CHEX.PC.CD,Current health expenditure per capita (current US$),XD,High income
,2022,5837.54913570711,,,2,SH.XPD.CHEX.PC.CD,Current health expenditure per capita (current US$),XD,High income
,2021,5898.07614125649,,,2,SH.XPD.CHEX.PC.CD,Current health expenditure per capita (current US$),XD,High income
,2020,5459.20713972943,,,2,SH.XPD.CHEX.PC.CD,Current health expenditure per capita (current US$),XD,High income
,2019,5007.54317238076,,,2,SH.XPD.CHEX.PC.CD,Current health expenditure per capita (current US$),XD,High income
,2018,4909.61705751817,,,2,SH.XPD.CHEX.PC.CD,Current health expenditure per capita (current US$),XD,High income
,2017,4675.55912577297,,,2,SH.XPD.CHEX.PC.CD,Current health expenditure per capita (current US$),XD,High income
,2016,4508.97764224591,,,2,SH.XPD.CHEX.PC.CD,Current health expenditure per capita (current US$),XD,High income
,2015,4379.01490108987,,,2,SH.XPD.CHEX.PC.CD,Current health expenditure per capita (current US$),XD,High income
,2014,4562.15297613616,,,2,SH.XPD.CHEX.PC.CD,Current health expenditure per capita (current US$),XD,High income
,2013,4436.82946029661,,,2,SH.XPD.CHEX.PC.CD,Current health expenditure per capita (current US$),XD,High income
,2012,4408.31890095369,,,2,SH.XPD.CHEX.PC.CD,Current health expenditure per capita (current US$),XD,High income
,2011,4388.57462442442,,,2,SH.XPD.CHEX.PC.CD,Current health expenditure per capita (current US$),XD,High income
,2010,4075.62348747242,,,2,SH.XPD.CHEX.PC.CD,Current health expenditure per capita (current US$),XD,High income
,2009,3939.40853319884,,,2,SH.XPD.CHEX.PC.CD,Current health expenditure per capita (current US$),XD,High income
,2008,3893.89667269145,,,2,SH.XPD.CHEX.PC.CD,Current health expenditure per capita (current US$),XD,High income
,2007,3622.23793937007,,,2,SH.XPD.CHEX.PC.CD,Current health expenditure per capita (current US$),XD,High income
,2006,3325.55718043693,,,2,SH.XPD.CHEX.PC.CD,Current health expenditure per capita (current US$),XD,High income
,2005,3144.86466310372,,,2,SH.XPD.CHEX.PC.CD,Current health expenditure per capita (current US$),XD,High income
,2004,2974.6128224078,,,2,SH.XPD.CHEX.PC.CD,Current health expenditure per capita (current US$),XD,High income
,2003,2699.22271994533,,,2,SH.XPD.CHEX.PC.CD,Current health expenditure per capita (current US$),XD,High income
,2002,2374.04519538122,,,2,SH.XPD.CHEX.PC.CD,Current health expenditure per capita (current US$),XD,High income
,2001,2188.98141212393,,,2,SH.XPD.CHEX.PC.CD,Current health expenditure per capita (current US$),XD,High income
,2000,2108.17152251742,,,2,SH.XPD.CHEX.PC.CD,Current health expenditure per capita (current US$),XD,High income
IBD,2023,465.617090196061,,,2,SH.XPD.CHEX.PC.CD,Current health expenditure per capita (current US$),XF,IBRD only
IBD,2022,447.260654903885,,,2,SH.XPD.CHEX.PC.CD,Current health expenditure per capita (current US$),XF,IBRD only
IBD,2021,409.708232311971,,,2,SH.XPD.CHEX.PC.CD,Current health expenditure per capita (current US$),XF,IBRD only
IBD,2020,356.808048107177,,,2,SH.XPD.CHEX.PC.CD,Current health expenditure per capita (current US$),XF,IBRD only
IBD,2019,348.259188407069,,,2,SH.XPD.CHEX.PC.CD,Current health expenditure per capita (current US$),XF,IBRD only
IBD,2018,336.657577777028,,,2,SH.XPD.CHEX.PC.CD,Current health expenditure per capita (current US$),XF,IBRD only
IBD,2017,323.348313106482,,,2,SH.XPD.CHEX.PC.CD,Current health expenditure per capita (current US$),XF,IBRD only
IBD,2016,295.17943343273,,,2,SH.XPD.CHEX.PC.CD,Current health expenditure per capita (current US$),XF,IBRD only
IBD,2015,297.690339285266,,,2,SH.XPD.CHEX.PC.CD,Current health expenditure per capita (current US$),XF,IBRD only
IBD,2014,312.124093742608,,,2,SH.XPD.CHEX.PC.CD,Current health expenditure per capita (current US$),XF,IBRD only
IBD,2013,305.301586834021,,,2,SH.XPD.CHEX.PC.CD,Current health expenditure per capita (current US$),XF,IBRD only
IBD,2012,284.914827647415,,,2,SH.XPD.CHEX.PC.CD,Current health expenditure per capita (current US$),XF,IBRD only
IBD,2011,267.529859798835,,,2,SH.XPD.CHEX.PC.CD,Current health expenditure per capita (current US$),XF,IBRD only
IBD,2010,230.125570534571,,,2,SH.XPD.CHEX.PC.CD,Current health expenditure per capita (current US$),XF,IBRD only
IBD,2009,199.519304236268,,,2,SH.XPD.CHEX.PC.CD,Current health expenditure per capita (current US$),XF,IBRD only
IBD,2008,195.420467832049,,,2,SH.XPD.CHEX.PC.CD,Current health expenditure per capita (current US$),XF,IBRD only
IBD,2007,161.900229434482,,,2,SH.XPD.CHEX.PC.CD,Current health expenditure per capita (current US$),XF,IBRD only
IBD,2006,134.078231895779,,,2,SH.XPD.CHEX.PC.CD,Current health expenditure per capita (current US$),XF,IBRD only
IBD,2005,116.236753420594,,,2,SH.XPD.CHEX.PC.CD,Current health expenditure per capita (current US$),XF,IBRD only
IBD,2004,98.3778597773573,,,2,SH.XPD.CHEX.PC.CD,Current health expenditure per capita (current US$),XF,IBRD only
IBD,2003,84.6631943198898,,,2,SH.XPD.CHEX.PC.CD,Current health expenditure per capita (current US$),XF,IBRD only
IBD,2002,75.9585740018375,,,2,SH.XPD.CHEX.PC.CD,Current health expenditure per capita (current US$),XF,IBRD only
IBD,2001,76.6680894327063,,,2,SH.XPD.CHEX.PC.CD,Current health expenditure per capita (current US$),XF,IBRD only
IBD,2000,76.0538342062542,,,2,SH.XPD.CHEX.PC.CD,Current health expenditure per capita (current US$),XF,IBRD only
IBT,2023,351.469684570639,,,2,SH.XPD.CHEX.PC.CD,Current health expenditure per capita (current US$),ZT,IDA & IBRD total
IBT,2022,340.419197270122,,,2,SH.XPD.CHEX.PC.CD,Current health expenditure per capita (current US$),ZT,IDA & IBRD total
IBT,2021,315.387354788525,,,2,SH.XPD.CHEX.PC.CD,Current health expenditure per capita (current US$),ZT,IDA & IBRD total
IBT,2020,275.754500893646,,,2,SH.XPD.CHEX.PC.CD,Current health expenditure per capita (current US$),ZT,IDA & IBRD total
IBT,2019,269.799873822321,,,2,SH.XPD.CHEX.PC.CD,Current health expenditure per capita (current US$),ZT,IDA & IBRD total
IBT,2018,262.14387443513,,,2,SH.XPD.CHEX.PC.CD,Current health expenditure per capita (current US$),ZT,IDA & IBRD total
IBT,2017,252.521826412286,,,2,SH.XPD.CHEX.PC.CD,Current health expenditure per capita (current US$),ZT,IDA & IBRD total
IBT,2016,232.806411330013,,,2,SH.XPD.CHEX.PC.CD,Current health expenditure per capita (current US$),ZT,IDA & IBRD total
IBT,2015,235.742542286724,,,2,SH.XPD.CHEX.PC.CD,Current health expenditure per capita (current US$),ZT,IDA & IBRD total
IBT,2014,247.377460159091,,,2,SH.XPD.CHEX.PC.CD,Current health expenditure per capita (current US$),ZT,IDA & IBRD total
IBT,2013,242.128990272552,,,2,SH.XPD.CHEX.PC.CD,Current health expenditure per capita (current US$),ZT,IDA & IBRD total
IBT,2012,226.686869033802,,,2,SH.XPD.CHEX.PC.CD,Current health expenditure per capita (current US$),ZT,IDA & IBRD total
IBT,2011,213.468699052341,,,2,SH.XPD.CHEX.PC.CD,Current health expenditure per capita (current US$),ZT,IDA & IBRD total
IBT,2010,184.845752267164,,,2,SH.XPD.CHEX.PC.CD,Current health expenditure per capita (current US$),ZT,IDA & IBRD total
IBT,2009,161.487634978118,,,2,SH.XPD.CHEX.PC.CD,Current health expenditure per capita (current US$),ZT,IDA & IBRD total
IBT,2008,158.822462037938,,,2,SH.XPD.CHEX.PC.CD,Current health expenditure per capita (current US$),ZT,IDA & IBRD total
IBT,2007,132.426976063104,,,2,SH.XPD.CHEX.PC.CD,Current health expenditure per capita (current US$),ZT,IDA & IBRD total
IBT,2006,110.416587295162,,,2,SH.XPD.CHEX.PC.CD,Current health expenditure per capita (current US$),ZT,IDA & IBRD total
IBT,2005,95.8013909302806,,,2,SH.XPD.CHEX.PC.CD,Current health expenditure per capita (current US$),ZT,IDA & IBRD total
IBT,2004,81.3353187152867,,,2,SH.XPD.CHEX.PC.CD,Current health expenditure per capita (current US$),ZT,IDA & IBRD total
IBT,2003,70.2678533984006,,,2,SH.XPD.CHEX.PC.CD,Current health expenditure per capita (current US$),ZT,IDA & IBRD total
IBT,2002,62.7164908174632,,,2,SH.XPD.CHEX.PC.CD,Current health expenditure per capita (current US$),ZT,IDA & IBRD total
IBT,2001,63.4016504418087,,,2,SH.XPD.CHEX.PC.CD,Current health expenditure per capita (current US$),ZT,IDA & IBRD total
IBT,2000,63.1658957366583,,,2,SH.XPD.CHEX.PC.CD,Current health expenditure per capita (current US$),ZT,IDA & IBRD total
IDB,2023,64.9669025090336,,,2,SH.XPD.CHEX.PC.CD,Current health expenditure per capita (current US$),XH,IDA blend
IDB,2022,74.7290098121786,,,2,SH.XPD.CHEX.PC.CD,Current health expenditure per capita (current US$),XH,IDA blend
IDB,2021,73.1611514380078,,,2,SH.XPD.CHEX.PC.CD,Current health expenditure per capita (current US$),XH,IDA blend
IDB,2020,62.2351683824119,,,2,SH.XPD.CHEX.PC.CD,Current health expenditure per capita (current US$),XH,IDA blend
IDB,2019,59.8472026609195,,,2,SH.XPD.CHEX.PC.CD,Current health expenditure per capita (current US$),XH,IDA blend
IDB,2018,59.3786192623958,,,2,SH.XPD.CHEX.PC.CD,Current health expenditure per capita (current US$),XH,IDA blend
IDB,2017,61.2120673777082,,,2,SH.XPD.CHEX.PC.CD,Current health expenditure per capita (current US$),XH,IDA blend
IDB,2016,63.531177139193,,,2,SH.XPD.CHEX.PC.CD,Current health expenditure per capita (current US$),XH,IDA blend
IDB,2015,68.2794383868766,,,2,SH.XPD.CHEX.PC.CD,Current health expenditure per capita (current US$),XH,IDA blend
IDB,2014,72.3016792525535,,,2,SH.XPD.CHEX.PC.CD,Current health expenditure per capita (current US$),XH,IDA blend
IDB,2013,68.3300188974294,,,2,SH.XPD.CHEX.PC.CD,Current health expenditure per capita (current US$),XH,IDA blend
IDB,2012,62.8204238854453,,,2,SH.XPD.CHEX.PC.CD,Current health expenditure per capita (current US$),XH,IDA blend
IDB,2011,57.9393574920277,,,2,SH.XPD.CHEX.PC.CD,Current health expenditure per capita (current US$),XH,IDA blend
IDB,2010,53.9348799073605,,,2,SH.XPD.CHEX.PC.CD,Current health expenditure per capita (current US$),XH,IDA blend
IDB,2009,48.5203308634708,,,2,SH.XPD.CHEX.PC.CD,Current health expenditure per capita (current US$),XH,IDA blend
IDB,2008,52.125404825236,,,2,SH.XPD.CHEX.PC.CD,Current health expenditure per capita (current US$),XH,IDA blend
IDB,2007,47.2054749701501,,,2,SH.XPD.CHEX.PC.CD,Current health expenditure per capita (current US$),XH,IDA blend
IDB,2006,43.2617749225958,,,2,SH.XPD.CHEX.PC.CD,Current health expenditure per capita (current US$),XH,IDA blend
IDB,2005,36.0423086939208,,,2,SH.XPD.CHEX.PC.CD,Current health expenditure per capita (current US$),XH,IDA blend
IDB,2004,30.4450181117763,,,2,SH.XPD.CHEX.PC.CD,Current health expenditure per capita (current US$),XH,IDA blend
IDB,2003,27.3807599846087,,,2,SH.XPD.CHEX.PC.CD,Current health expenditure per capita (current US$),XH,IDA blend
IDB,2002,19.4867345036995,,,2,SH.XPD.CHEX.PC.CD,Current health expenditure per capita (current US$),XH,IDA blend
IDB,2001,19.0649704976059,,,2,SH.XPD.CHEX.PC.CD,Current health expenditure per capita (current US$),XH,IDA blend
IDB,2000,20.0116363787541,,,2,SH.XPD.CHEX.PC.CD,Current health expenditure per capita (current US$),XH,IDA blend
IDX,2023,52.3747915542405,,,2,SH.XPD.CHEX.PC.CD,Current health expenditure per capita (current US$),XI,IDA only
IDX,2022,52.4713106089102,,,2,SH.XPD.CHEX.PC.CD,Current health expenditure per capita (current US$),XI,IDA only
IDX,2021,55.7245648986845,,,2,SH.XPD.CHEX.PC.CD,Current health expenditure per capita (current US$),XI,IDA only
IDX,2020,50.0148506151922,,,2,SH.XPD.CHEX.PC.CD,Current health expenditure per capita (current US$),XI,IDA only
IDX,2019,47.9646002895583,,,2,SH.XPD.CHEX.PC.CD,Current health expenditure per capita (current US$),XI,IDA only
IDX,2018,48.7454738900374,,,2,SH.XPD.CHEX.PC.CD,Current health expenditure per capita (current US$),XI,IDA only
IDX,2017,46.8245624920488,,,2,SH.XPD.CHEX.PC.CD,Current health expenditure per capita (current US$),XI,IDA only
IDX,2016,46.8596192372033,,,2,SH.XPD.CHEX.PC.CD,Current health expenditure per capita (current US$),XI,IDA only
IDX,2015,47.332842565969,,,2,SH.XPD.CHEX.PC.CD,Current health expenditure per capita (current US$),XI,IDA only
IDX,2014,47.1492488551438,,,2,SH.XPD.CHEX.PC.CD,Current health expenditure per capita (current US$),XI,IDA only
IDX,2013,45.3677963630269,,,2,SH.XPD.CHEX.PC.CD,Current health expenditure per capita (current US$),XI,IDA only
IDX,2012,42.3391364725113,,,2,SH.XPD.CHEX.PC.CD,Current health expenditure per capita (current US$),XI,IDA only
IDX,2011,41.2666025809263,,,2,SH.XPD.CHEX.PC.CD,Current health expenditure per capita (current US$),XI,IDA only
IDX,2010,38.2545491903365,,,2,SH.XPD.CHEX.PC.CD,Current health expenditure per capita (current US$),XI,IDA only
IDX,2009,35.9727763868289,,,2,SH.XPD.CHEX.PC.CD,Current health expenditure per capita (current US$),XI,IDA only
IDX,2008,34.57454233789,,,2,SH.XPD.CHEX.PC.CD,Current health expenditure per capita (current US$),XI,IDA only
IDX,2007,30.0018087787112,,,2,SH.XPD.CHEX.PC.CD,Current health expenditure per capita (current US$),XI,IDA only
IDX,2006,25.8461075977378,,,2,SH.XPD.CHEX.PC.CD,Current health expenditure per capita (current US$),XI,IDA only
IDX,2005,22.3141536719347,,,2,SH.XPD.CHEX.PC.CD,Current health expenditure per capita (current US$),XI,IDA only
IDX,2004,19.4856154616046,,,2,SH.XPD.CHEX.PC.CD,Current health expenditure per capita (current US$),XI,IDA only
IDX,2003,17.0206541389255,,,2,SH.XPD.CHEX.PC.CD,Current health expenditure per capita (current US$),XI,IDA only
IDX,2002,15.2358865725171,,,2,SH.XPD.CHEX.PC.CD,Current health expenditure per capita (current US$),XI,IDA only
IDX,2001,14.0992364259106,,,2,SH.XPD.CHEX.PC.CD,Current health expenditure per capita (current US$),XI,IDA only
IDX,2000,14.4051407978313,,,2,SH.XPD.CHEX.PC.CD,Current health expenditure per capita (current US$),XI,IDA only
IDA,2023,56.7698238047863,,,2,SH.XPD.CHEX.PC.CD,Current health expenditure per capita (current US$),XG,IDA total
IDA,2022,60.2565768256145,,,2,SH.XPD.CHEX.PC.CD,Current health expenditure per capita (current US$),XG,IDA total
IDA,2021,61.8326042497348,,,2,SH.XPD.CHEX.PC.CD,Current health expenditure per capita (current US$),XG,IDA total
IDA,2020,54.3023285620949,,,2,SH.XPD.CHEX.PC.CD,Current health expenditure per capita (current US$),XG,IDA total
IDA,2019,52.1421464716009,,,2,SH.XPD.CHEX.PC.CD,Current health expenditure per capita (current US$),XG,IDA total
IDA,2018,52.4918720972449,,,2,SH.XPD.CHEX.PC.CD,Current health expenditure per capita (current US$),XG,IDA total
IDA,2017,51.9025668711728,,,2,SH.XPD.CHEX.PC.CD,Current health expenditure per capita (current US$),XG,IDA total
IDA,2016,52.7931467764091,,,2,SH.XPD.CHEX.PC.CD,Current health expenditure per capita (current US$),XG,IDA total
IDA,2015,54.8022691689404,,,2,SH.XPD.CHEX.PC.CD,Current health expenditure per capita (current US$),XG,IDA total
IDA,2014,56.1265766661405,,,2,SH.XPD.CHEX.PC.CD,Current health expenditure per capita (current US$),XG,IDA total
IDA,2013,53.5654285388603,,,2,SH.XPD.CHEX.PC.CD,Current health expenditure per capita (current US$),XG,IDA total
IDA,2012,49.7079904230576,,,2,SH.XPD.CHEX.PC.CD,Current health expenditure per capita (current US$),XG,IDA total
IDA,2011,47.2624033024569,,,2,SH.XPD.CHEX.PC.CD,Current health expenditure per capita (current US$),XG,IDA total
IDA,2010,43.8857414498149,,,2,SH.XPD.CHEX.PC.CD,Current health expenditure per capita (current US$),XG,IDA total
IDA,2009,40.3914671579165,,,2,SH.XPD.CHEX.PC.CD,Current health expenditure per capita (current US$),XG,IDA total
IDA,2008,40.739132815932,,,2,SH.XPD.CHEX.PC.CD,Current health expenditure per capita (current US$),XG,IDA total
IDA,2007,36.0275142066591,,,2,SH.XPD.CHEX.PC.CD,Current health expenditure per capita (current US$),XG,IDA total
IDA,2006,31.932165554825,,,2,SH.XPD.CHEX.PC.CD,Current health expenditure per capita (current US$),XG,IDA total
IDA,2005,27.1052137082905,,,2,SH.XPD.CHEX.PC.CD,Current health expenditure per capita (current US$),XG,IDA total
IDA,2004,23.3039699615021,,,2,SH.XPD.CHEX.PC.CD,Current health expenditure per capita (current US$),XG,IDA total
IDA,2003,20.6235837941042,,,2,SH.XPD.CHEX.PC.CD,Current health expenditure per capita (current US$),XG,IDA total
IDA,2002,16.7107047826559,,,2,SH.XPD.CHEX.PC.CD,Current health expenditure per capita (current US$),XG,IDA total
IDA,2001,15.8515676683523,,,2,SH.XPD.CHEX.PC.CD,Current health expenditure per capita (current US$),XG,IDA total
IDA,2000,16.3789703801006,,,2,SH.XPD.CHEX.PC.CD,Current health expenditure per capita (current US$),XG,IDA total
LTE,2023,785.276694974898,,,2,SH.XPD.CHEX.PC.CD,Current health expenditure per capita (current US$),V3,Late-demographic dividend
LTE,2022,757.7803277233,,,2,SH.XPD.CHEX.PC.CD,Current health expenditure per capita (current US$),V3,Late-demographic dividend
LTE,2021,685.250208787111,,,2,SH.XPD.CHEX.PC.CD,Current health expenditure per capita (current US$),V3,Late-demographic dividend
LTE,2020,599.999591287701,,,2,SH.XPD.CHEX.PC.CD,Current health expenditure per capita (current US$),V3,Late-demographic dividend
LTE,2019,578.29718987738,,,2,SH.XPD.CHEX.PC.CD,Current health expenditure per capita (current US$),V3,Late-demographic dividend
LTE,2018,552.925978121776,,,2,SH.XPD.CHEX.PC.CD,Current health expenditure per capita (current US$),V3,Late-demographic dividend
LTE,2017,508.245446456403,,,2,SH.XPD.CHEX.PC.CD,Current health expenditure per capita (current US$),V3,Late-demographic dividend
LTE,2016,453.387708419732,,,2,SH.XPD.CHEX.PC.CD,Current health expenditure per capita (current US$),V3,Late-demographic dividend
LTE,2015,449.515822465306,,,2,SH.XPD.CHEX.PC.CD,Current health expenditure per capita (current US$),V3,Late-demographic dividend
LTE,2014,477.348940512601,,,2,SH.XPD.CHEX.PC.CD,Current health expenditure per capita (current US$),V3,Late-demographic dividend
LTE,2013,454.990353521171,,,2,SH.XPD.CHEX.PC.CD,Current health expenditure per capita (current US$),V3,Late-demographic dividend
LTE,2012,415.551293402972,,,2,SH.XPD.CHEX.PC.CD,Current health expenditure per capita (current US$),V3,Late-demographic dividend
LTE,2011,387.551093885873,,,2,SH.XPD.CHEX.PC.CD,Current health expenditure per capita (current US$),V3,Late-demographic dividend
LTE,2010,327.100889944449,,,2,SH.XPD.CHEX.PC.CD,Current health expenditure per capita (current US$),V3,Late-demographic dividend
LTE,2009,286.830138175873,,,2,SH.XPD.CHEX.PC.CD,Current health expenditure per capita (current US$),V3,Late-demographic dividend
LTE,2008,275.276270748682,,,2,SH.XPD.CHEX.PC.CD,Current health expenditure per capita (current US$),V3,Late-demographic dividend
LTE,2007,217.760278278715,,,2,SH.XPD.CHEX.PC.CD,Current health expenditure per capita (current US$),V3,Late-demographic dividend
LTE,2006,176.636192540343,,,2,SH.XPD.CHEX.PC.CD,Current health expenditure per capita (current US$),V3,Late-demographic dividend
LTE,2005,149.245755301258,,,2,SH.XPD.CHEX.PC.CD,Current health expenditure per capita (current US$),V3,Late-demographic dividend
LTE,2004,124.445885360333,,,2,SH.XPD.CHEX.PC.CD,Current health expenditure per capita (current US$),V3,Late-demographic dividend
LTE,2003,105.930580947632,,,2,SH.XPD.CHEX.PC.CD,Current health expenditure per capita (current US$),V3,Late-demographic dividend
LTE,2002,94.9356882498863,,,2,SH.XPD.CHEX.PC.CD,Current health expenditure per capita (current US$),V3,Late-demographic dividend
LTE,2001,89.2896771260257,,,2,SH.XPD.CHEX.PC.CD,Current health expenditure per capita (current US$),V3,Late-demographic dividend
LTE,2000,88.51988529003,,,2,SH.XPD.CHEX.PC.CD,Current health expenditure per capita (current US$),V3,Late-demographic dividend
LCN,2023,816.199426229249,,,2,SH.XPD.CHEX.PC.CD,Current health expenditure per capita (current US$),ZJ,Latin America & Caribbean
LCN,2022,732.077211521163,,,2,SH.XPD.CHEX.PC.CD,Current health expenditure per capita (current US$),ZJ,Latin America & Caribbean
LCN,2021,673.508345214622,,,2,SH.XPD.CHEX.PC.CD,Current health expenditure per capita (current US$),ZJ,Latin America & Caribbean
LCN,2020,590.885593157634,,,2,SH.XPD.CHEX.PC.CD,Current health expenditure per capita (current US$),ZJ,Latin America & Caribbean
LCN,2019,661.879991697161,,,2,SH.XPD.CHEX.PC.CD,Current health expenditure per capita (current US$),ZJ,Latin America & Caribbean
LCN,2018,678.196454377282,,,2,SH.XPD.CHEX.PC.CD,Current health expenditure per capita (current US$),ZJ,Latin America & Caribbean
LCN,2017,739.436479369295,,,2,SH.XPD.CHEX.PC.CD,Current health expenditure per capita (current US$),ZJ,Latin America & Caribbean
LCN,2016,655.698700817697,,,2,SH.XPD.CHEX.PC.CD,Current health expenditure per capita (current US$),ZJ,Latin America & Caribbean
LCN,2015,682.328296273033,,,2,SH.XPD.CHEX.PC.CD,Current health expenditure per capita (current US$),ZJ,Latin America & Caribbean
LCN,2014,764.606149531184,,,2,SH.XPD.CHEX.PC.CD,Current health expenditure per capita (current US$),ZJ,Latin America & Caribbean
LCN,2013,759.778531553803,,,2,SH.XPD.CHEX.PC.CD,Current health expenditure per capita (current US$),ZJ,Latin America & Caribbean
LCN,2012,725.93494406431,,,2,SH.XPD.CHEX.PC.CD,Current health expenditure per capita (current US$),ZJ,Latin America & Caribbean
LCN,2011,726.823051423349,,,2,SH.XPD.CHEX.PC.CD,Current health expenditure per capita (current US$),ZJ,Latin America & Caribbean
LCN,2010,638.268486621135,,,2,SH.XPD.CHEX.PC.CD,Current health expenditure per capita (current US$),ZJ,Latin America & Caribbean
LCN,2009,537.954762172632,,,2,SH.XPD.CHEX.PC.CD,Current health expenditure per capita (current US$),ZJ,Latin America & Caribbean
LCN,2008,542.190518399797,,,2,SH.XPD.CHEX.PC.CD,Current health expenditure per capita (current US$),ZJ,Latin America & Caribbean
LCN,2007,471.865542425534,,,2,SH.XPD.CHEX.PC.CD,Current health expenditure per capita (current US$),ZJ,Latin America & Caribbean
LCN,2006,395.877355864769,,,2,SH.XPD.CHEX.PC.CD,Current health expenditure per capita (current US$),ZJ,Latin America & Caribbean
LCN,2005,340.033715210499,,,2,SH.XPD.CHEX.PC.CD,Current health expenditure per capita (current US$),ZJ,Latin America & Caribbean
LCN,2004,280.635231020958,,,2,SH.XPD.CHEX.PC.CD,Current health expenditure per capita (current US$),ZJ,Latin America & Caribbean
LCN,2003,247.559167878752,,,2,SH.XPD.CHEX.PC.CD,Current health expenditure per capita (current US$),ZJ,Latin America & Caribbean
LCN,2002,236.419682552944,,,2,SH.XPD.CHEX.PC.CD,Current health expenditure per capita (current US$),ZJ,Latin America & Caribbean
LCN,2001,273.756343439891,,,2,SH.XPD.CHEX.PC.CD,Current health expenditure per capita (current US$),ZJ,Latin America & Caribbean
LCN,2000,282.193679838271,,,2,SH.XPD.CHEX.PC.CD,Current health expenditure per capita (current US$),ZJ,Latin America & Caribbean
LAC,2023,769.182757433836,,,2,SH.XPD.CHEX.PC.CD,Current health expenditure per capita (current US$),XJ,Latin America & Caribbean (excluding high income)
LAC,2022,689.108261314266,,,2,SH.XPD.CHEX.PC.CD,Current health expenditure per capita (current US$),XJ,Latin America & Caribbean (excluding high income)
LAC,2021,628.903455537878,,,2,SH.XPD.CHEX.PC.CD,Current health expenditure per capita (current US$),XJ,Latin America & Caribbean (excluding high income)
LAC,2020,553.91125089194,,,2,SH.XPD.CHEX.PC.CD,Current health expenditure per capita (current US$),XJ,Latin America & Caribbean (excluding high income)
LAC,2019,625.54860894948,,,2,SH.XPD.CHEX.PC.CD,Current health expenditure per capita (current US$),XJ,Latin America & Caribbean (excluding high income)
LAC,2018,641.218783295966,,,2,SH.XPD.CHEX.PC.CD,Current health expenditure per capita (current US$),XJ,Latin America & Caribbean (excluding high income)
LAC,2017,708.202232748272,,,2,SH.XPD.CHEX.PC.CD,Current health expenditure per capita (current US$),XJ,Latin America & Caribbean (excluding high income)
LAC,2016,627.547817762521,,,2,SH.XPD.CHEX.PC.CD,Current health expenditure per capita (current US$),XJ,Latin America & Caribbean (excluding high income)
LAC,2015,658.199565034184,,,2,SH.XPD.CHEX.PC.CD,Current health expenditure per capita (current US$),XJ,Latin America & Caribbean (excluding high income)
LAC,2014,745.450301691212,,,2,SH.XPD.CHEX.PC.CD,Current health expenditure per capita (current US$),XJ,Latin America & Caribbean (excluding high income)
LAC,2013,740.074327074727,,,2,SH.XPD.CHEX.PC.CD,Current health expenditure per capita (current US$),XJ,Latin America & Caribbean (excluding high income)
LAC,2012,709.664865838534,,,2,SH.XPD.CHEX.PC.CD,Current health expenditure per capita (current US$),XJ,Latin America & Caribbean (excluding high income)
LAC,2011,714.959753619363,,,2,SH.XPD.CHEX.PC.CD,Current health expenditure per capita (current US$),XJ,Latin America & Caribbean (excluding high income)
LAC,2010,627.712492654115,,,2,SH.XPD.CHEX.PC.CD,Current health expenditure per capita (current US$),XJ,Latin America & Caribbean (excluding high income)
LAC,2009,528.666795970581,,,2,SH.XPD.CHEX.PC.CD,Current health expenditure per capita (current US$),XJ,Latin America & Caribbean (excluding high income)
LAC,2008,534.147320268985,,,2,SH.XPD.CHEX.PC.CD,Current health expenditure per capita (current US$),XJ,Latin America & Caribbean (excluding high income)
LAC,2007,464.927590532076,,,2,SH.XPD.CHEX.PC.CD,Current health expenditure per capita (current US$),XJ,Latin America & Caribbean (excluding high income)
LAC,2006,389.006188275715,,,2,SH.XPD.CHEX.PC.CD,Current health expenditure per capita (current US$),XJ,Latin America & Caribbean (excluding high income)
LAC,2005,333.449206730627,,,2,SH.XPD.CHEX.PC.CD,Current health expenditure per capita (current US$),XJ,Latin America & Caribbean (excluding high income)
LAC,2004,273.652512568084,,,2,SH.XPD.CHEX.PC.CD,Current health expenditure per capita (current US$),XJ,Latin America & Caribbean (excluding high income)
LAC,2003,241.630770636812,,,2,SH.XPD.CHEX.PC.CD,Current health expenditure per capita (current US$),XJ,Latin America & Caribbean (excluding high income)
LAC,2002,230.584472924668,,,2,SH.XPD.CHEX.PC.CD,Current health expenditure per capita (current US$),XJ,Latin America & Caribbean (excluding high income)
LAC,2001,268.820547254515,,,2,SH.XPD.CHEX.PC.CD,Current health expenditure per capita (current US$),XJ,Latin America & Caribbean (excluding high income)
LAC,2000,276.718444956662,,,2,SH.XPD.CHEX.PC.CD,Current health expenditure per capita (current US$),XJ,Latin America & Caribbean (excluding high income)
TLA,2023,815.300226297436,,,2,SH.XPD.CHEX.PC.CD,Current health expenditure per capita (current US$),T2,Latin America & the Caribbean (IDA & IBRD countries)
TLA,2022,731.083036553733,,,2,SH.XPD.CHEX.PC.CD,Current health expenditure per capita (current US$),T2,Latin America & the Caribbean (IDA & IBRD countries)
TLA,2021,672.712481297088,,,2,SH.XPD.CHEX.PC.CD,Current health expenditure per capita (current US$),T2,Latin America & the Caribbean (IDA & IBRD countries)
TLA,2020,579.294045090621,,,2,SH.XPD.CHEX.PC.CD,Current health expenditure per capita (current US$),T2,Latin America & the Caribbean (IDA & IBRD countries)
TLA,2019,654.635269750467,,,2,SH.XPD.CHEX.PC.CD,Current health expenditure per capita (current US$),T2,Latin America & the Caribbean (IDA & IBRD countries)
TLA,2018,671.941089009649,,,2,SH.XPD.CHEX.PC.CD,Current health expenditure per capita (current US$),T2,Latin America & the Caribbean (IDA & IBRD countries)
TLA,2017,733.765560892935,,,2,SH.XPD.CHEX.PC.CD,Current health expenditure per capita (current US$),T2,Latin America & the Caribbean (IDA & IBRD countries)
TLA,2016,648.459181358459,,,2,SH.XPD.CHEX.PC.CD,Current health expenditure per capita (current US$),T2,Latin America & the Caribbean (IDA & IBRD countries)
TLA,2015,675.637724305284,,,2,SH.XPD.CHEX.PC.CD,Current health expenditure per capita (current US$),T2,Latin America & the Caribbean (IDA & IBRD countries)
TLA,2014,761.976801878057,,,2,SH.XPD.CHEX.PC.CD,Current health expenditure per capita (current US$),T2,Latin America & the Caribbean (IDA & IBRD countries)
TLA,2013,760.195365496209,,,2,SH.XPD.CHEX.PC.CD,Current health expenditure per capita (current US$),T2,Latin America & the Caribbean (IDA & IBRD countries)
TLA,2012,727.927931463268,,,2,SH.XPD.CHEX.PC.CD,Current health expenditure per capita (current US$),T2,Latin America & the Caribbean (IDA & IBRD countries)
TLA,2011,726.976954542189,,,2,SH.XPD.CHEX.PC.CD,Current health expenditure per capita (current US$),T2,Latin America & the Caribbean (IDA & IBRD countries)
TLA,2010,638.340784983717,,,2,SH.XPD.CHEX.PC.CD,Current health expenditure per capita (current US$),T2,Latin America & the Caribbean (IDA & IBRD countries)
TLA,2009,534.467313644727,,,2,SH.XPD.CHEX.PC.CD,Current health expenditure per capita (current US$),T2,Latin America & the Caribbean (IDA & IBRD countries)
TLA,2008,540.165436739077,,,2,SH.XPD.CHEX.PC.CD,Current health expenditure per capita (current US$),T2,Latin America & the Caribbean (IDA & IBRD countries)
TLA,2007,469.174815545155,,,2,SH.XPD.CHEX.PC.CD,Current health expenditure per capita (current US$),T2,Latin America & the Caribbean (IDA & IBRD countries)
TLA,2006,395.495292411491,,,2,SH.XPD.CHEX.PC.CD,Current health expenditure per capita (current US$),T2,Latin America & the Caribbean (IDA & IBRD countries)
TLA,2005,339.675448509304,,,2,SH.XPD.CHEX.PC.CD,Current health expenditure per capita (current US$),T2,Latin America & the Caribbean (IDA & IBRD countries)
TLA,2004,281.174540891774,,,2,SH.XPD.CHEX.PC.CD,Current health expenditure per capita (current US$),T2,Latin America & the Caribbean (IDA & IBRD countries)
TLA,2003,247.462050804773,,,2,SH.XPD.CHEX.PC.CD,Current health expenditure per capita (current US$),T2,Latin America & the Caribbean (IDA & IBRD countries)
TLA,2002,236.404421460454,,,2,SH.XPD.CHEX.PC.CD,Current health expenditure per capita (current US$),T2,Latin America & the Caribbean (IDA & IBRD countries)
TLA,2001,274.992905550895,,,2,SH.XPD.CHEX.PC.CD,Current health expenditure per capita (current US$),T2,Latin America & the Caribbean (IDA & IBRD countries)
TLA,2000,284.08364673607,,,2,SH.XPD.CHEX.PC.CD,Current health expenditure per capita (current US$),T2,Latin America & the Caribbean (IDA & IBRD countries)
LDC,2023,47.1167386189336,,,2,SH.XPD.CHEX.PC.CD,Current health expenditure per capita (current US$),XL,Least developed countries: UN classification
LDC,2022,47.759406094258,,,2,SH.XPD.CHEX.PC.CD,Current health expenditure per capita (current US$),XL,Least developed countries: UN classification
LDC,2021,48.1824454570162,,,2,SH.XPD.CHEX.PC.CD,Current health expenditure per capita (current US$),XL,Least developed countries: UN classification
LDC,2020,43.5824295346523,,,2,SH.XPD.CHEX.PC.CD,Current health expenditure per capita (current US$),XL,Least developed countries: UN classification
LDC,2019,42.6402286239909,,,2,SH.XPD.CHEX.PC.CD,Current health expenditure per capita (current US$),XL,Least developed countries: UN classification
LDC,2018,44.606592137406,,,2,SH.XPD.CHEX.PC.CD,Current health expenditure per capita (current US$),XL,Least developed countries: UN classification
LDC,2017,43.7602227355742,,,2,SH.XPD.CHEX.PC.CD,Current health expenditure per capita (current US$),XL,Least developed countries: UN classification
LDC,2016,42.9537467618986,,,2,SH.XPD.CHEX.PC.CD,Current health expenditure per capita (current US$),XL,Least developed countries: UN classification
LDC,2015,43.3198978854134,,,2,SH.XPD.CHEX.PC.CD,Current health expenditure per capita (current US$),XL,Least developed countries: UN classification
LDC,2014,43.6680456926318,,,2,SH.XPD.CHEX.PC.CD,Current health expenditure per capita (current US$),XL,Least developed countries: UN classification
LDC,2013,41.3174516198532,,,2,SH.XPD.CHEX.PC.CD,Current health expenditure per capita (current US$),XL,Least developed countries: UN classification
LDC,2012,38.0589446484464,,,2,SH.XPD.CHEX.PC.CD,Current health expenditure per capita (current US$),XL,Least developed countries: UN classification
LDC,2011,36.3832955931103,,,2,SH.XPD.CHEX.PC.CD,Current health expenditure per capita (current US$),XL,Least developed countries: UN classification
LDC,2010,32.9625009502665,,,2,SH.XPD.CHEX.PC.CD,Current health expenditure per capita (current US$),XL,Least developed countries: UN classification
LDC,2009,32.0393199303347,,,2,SH.XPD.CHEX.PC.CD,Current health expenditure per capita (current US$),XL,Least developed countries: UN classification
LDC,2008,31.2165805808575,,,2,SH.XPD.CHEX.PC.CD,Current health expenditure per capita (current US$),XL,Least developed countries: UN classification
LDC,2007,26.6540030804229,,,2,SH.XPD.CHEX.PC.CD,Current health expenditure per capita (current US$),XL,Least developed countries: UN classification
LDC,2006,22.6033827041661,,,2,SH.XPD.CHEX.PC.CD,Current health expenditure per capita (current US$),XL,Least developed countries: UN classification
LDC,2005,19.2157003669988,,,2,SH.XPD.CHEX.PC.CD,Current health expenditure per capita (current US$),XL,Least developed countries: UN classification
LDC,2004,16.9925716814447,,,2,SH.XPD.CHEX.PC.CD,Current health expenditure per capita (current US$),XL,Least developed countries: UN classification
LDC,2003,14.4611974881022,,,2,SH.XPD.CHEX.PC.CD,Current health expenditure per capita (current US$),XL,Least developed countries: UN classification
LDC,2002,12.6051901393184,,,2,SH.XPD.CHEX.PC.CD,Current health expenditure per capita (current US$),XL,Least developed countries: UN classification
LDC,2001,11.5684129102104,,,2,SH.XPD.CHEX.PC.CD,Current health expenditure per capita (current US$),XL,Least developed countries: UN classification
LDC,2000,11.6057609128975,,,2,SH.XPD.CHEX.PC.CD,Current health expenditure per capita (current US$),XL,Least developed countries: UN classification
LMY,2023,319.998423368315,,,2,SH.XPD.CHEX.PC.CD,Current health expenditure per capita (current US$),XO,Low & middle income
LMY,2022,310.053897751789,,,2,SH.XPD.CHEX.PC.CD,Current health expenditure per capita (current US$),XO,Low & middle income
LMY,2021,288.500970764422,,,2,SH.XPD.CHEX.PC.CD,Current health expenditure per capita (current US$),XO,Low & middle income
LMY,2020,252.960696498692,,,2,SH.XPD.CHEX.PC.CD,Current health expenditure per capita (current US$),XO,Low & middle income
LMY,2019,250.110629856494,,,2,SH.XPD.CHEX.PC.CD,Current health expenditure per capita (current US$),XO,Low & middle income
LMY,2018,243.177825281173,,,2,SH.XPD.CHEX.PC.CD,Current health expenditure per capita (current US$),XO,Low & middle income
LMY,2017,234.982527022959,,,2,SH.XPD.CHEX.PC.CD,Current health expenditure per capita (current US$),XO,Low & middle income
LMY,2016,218.707618046406,,,2,SH.XPD.CHEX.PC.CD,Current health expenditure per capita (current US$),XO,Low & middle income
LMY,2015,221.29285957191,,,2,SH.XPD.CHEX.PC.CD,Current health expenditure per capita (current US$),XO,Low & middle income
LMY,2014,226.131529774297,,,2,SH.XPD.CHEX.PC.CD,Current health expenditure per capita (current US$),XO,Low & middle income
LMY,2013,218.766817749199,,,2,SH.XPD.CHEX.PC.CD,Current health expenditure per capita (current US$),XO,Low & middle income
LMY,2012,204.550015215053,,,2,SH.XPD.CHEX.PC.CD,Current health expenditure per capita (current US$),XO,Low & middle income
LMY,2011,192.520289878571,,,2,SH.XPD.CHEX.PC.CD,Current health expenditure per capita (current US$),XO,Low & middle income
LMY,2010,166.161294932361,,,2,SH.XPD.CHEX.PC.CD,Current health expenditure per capita (current US$),XO,Low & middle income
LMY,2009,144.090619735682,,,2,SH.XPD.CHEX.PC.CD,Current health expenditure per capita (current US$),XO,Low & middle income
LMY,2008,137.330277239075,,,2,SH.XPD.CHEX.PC.CD,Current health expenditure per capita (current US$),XO,Low & middle income
LMY,2007,116.18225292646,,,2,SH.XPD.CHEX.PC.CD,Current health expenditure per capita (current US$),XO,Low & middle income
LMY,2006,97.7385691552569,,,2,SH.XPD.CHEX.PC.CD,Current health expenditure per capita (current US$),XO,Low & middle income
LMY,2005,85.428487381047,,,2,SH.XPD.CHEX.PC.CD,Current health expenditure per capita (current US$),XO,Low & middle income
LMY,2004,72.93364825848,,,2,SH.XPD.CHEX.PC.CD,Current health expenditure per capita (current US$),XO,Low & middle income
LMY,2003,63.5208404762119,,,2,SH.XPD.CHEX.PC.CD,Current health expenditure per capita (current US$),XO,Low & middle income
LMY,2002,56.7765564912927,,,2,SH.XPD.CHEX.PC.CD,Current health expenditure per capita (current US$),XO,Low & middle income
LMY,2001,58.2655819326632,,,2,SH.XPD.CHEX.PC.CD,Current health expenditure per capita (current US$),XO,Low & middle income
LMY,2000,58.9298884823493,,,2,SH.XPD.CHEX.PC.CD,Current health expenditure per capita (current US$),XO,Low & middle income
,2023,37.7366370178588,,,2,SH.XPD.CHEX.PC.CD,Current health expenditure per capita (current US$),XM,Low income
,2022,37.6292534361888,,,2,SH.XPD.CHEX.PC.CD,Current health expenditure per capita (current US$),XM,Low income
,2021,36.8326513517749,,,2,SH.XPD.CHEX.PC.CD,Current health expenditure per capita (current US$),XM,Low income
,2020,36.1610991326606,,,2,SH.XPD.CHEX.PC.CD,Current health expenditure per capita (current US$),XM,Low income
,2019,35.1047770648325,,,2,SH.XPD.CHEX.PC.CD,Current health expenditure per capita (current US$),XM,Low income
,2018,37.8340091123274,,,2,SH.XPD.CHEX.PC.CD,Current health expenditure per capita (current US$),XM,Low income
,2017,36.3478931435026,,,2,SH.XPD.CHEX.PC.CD,Current health expenditure per capita (current US$),XM,Low income
,2016,37.2649120637488,,,2,SH.XPD.CHEX.PC.CD,Current health expenditure per capita (current US$),XM,Low income
,2015,39.2792691205827,,,2,SH.XPD.CHEX.PC.CD,Current health expenditure per capita (current US$),XM,Low income
,2014,40.5151075626366,,,2,SH.XPD.CHEX.PC.CD,Current health expenditure per capita (current US$),XM,Low income
,2013,38.1405771210779,,,2,SH.XPD.CHEX.PC.CD,Current health expenditure per capita (current US$),XM,Low income
,2012,36.3020536195539,,,2,SH.XPD.CHEX.PC.CD,Current health expenditure per capita (current US$),XM,Low income
,2011,35.9922155527616,,,2,SH.XPD.CHEX.PC.CD,Current health expenditure per capita (current US$),XM,Low income
,2010,35.1090997100979,,,2,SH.XPD.CHEX.PC.CD,Current health expenditure per capita (current US$),XM,Low income
,2009,34.4974042044612,,,2,SH.XPD.CHEX.PC.CD,Current health expenditure per capita (current US$),XM,Low income
,2008,33.69305847354,,,2,SH.XPD.CHEX.PC.CD,Current health expenditure per capita (current US$),XM,Low income
,2007,29.6838926752411,,,2,SH.XPD.CHEX.PC.CD,Current health expenditure per capita (current US$),XM,Low income
,2006,24.5964010099313,,,2,SH.XPD.CHEX.PC.CD,Current health expenditure per capita (current US$),XM,Low income
,2005,20.8437428946831,,,2,SH.XPD.CHEX.PC.CD,Current health expenditure per capita (current US$),XM,Low income
,2004,18.0699402402256,,,2,SH.XPD.CHEX.PC.CD,Current health expenditure per capita (current US$),XM,Low income
,2003,15.593686521938,,,2,SH.XPD.CHEX.PC.CD,Current health expenditure per capita (current US$),XM,Low income
,2002,13.820855631187,,,2,SH.XPD.CHEX.PC.CD,Current health expenditure per capita (current US$),XM,Low income
,2001,12.8958309051265,,,2,SH.XPD.CHEX.PC.CD,Current health expenditure per capita (current US$),XM,Low income
,2000,14.2763030217541,,,2,SH.XPD.CHEX.PC.CD,Current health expenditure per capita (current US$),XM,Low income
,2023,84.598990751583,,,2,SH.XPD.CHEX.PC.CD,Current health expenditure per capita (current US$),XN,Lower middle income
,2022,86.5849135716444,,,2,SH.XPD.CHEX.PC.CD,Current health expenditure per capita (current US$),XN,Lower middle income
,2021,83.6223644223039,,,2,SH.XPD.CHEX.PC.CD,Current health expenditure per capita (current US$),XN,Lower middle income
,2020,71.5165376983127,,,2,SH.XPD.CHEX.PC.CD,Current health expenditure per capita (current US$),XN,Lower middle income
,2019,69.0093270906258,,,2,SH.XPD.CHEX.PC.CD,Current health expenditure per capita (current US$),XN,Lower middle income
,2018,66.670528046304,,,2,SH.XPD.CHEX.PC.CD,Current health expenditure per capita (current US$),XN,Lower middle income
,2017,64.7796792885906,,,2,SH.XPD.CHEX.PC.CD,Current health expenditure per capita (current US$),XN,Lower middle income
,2016,67.7227067256924,,,2,SH.XPD.CHEX.PC.CD,Current health expenditure per capita (current US$),XN,Lower middle income
,2015,68.8137584023809,,,2,SH.XPD.CHEX.PC.CD,Current health expenditure per capita (current US$),XN,Lower middle income
,2014,68.6151858398804,,,2,SH.XPD.CHEX.PC.CD,Current health expenditure per capita (current US$),XN,Lower middle income
,2013,66.3377908253515,,,2,SH.XPD.CHEX.PC.CD,Current health expenditure per capita (current US$),XN,Lower middle income
,2012,60.1582324760935,,,2,SH.XPD.CHEX.PC.CD,Current health expenditure per capita (current US$),XN,Lower middle income
,2011,57.7723003767385,,,2,SH.XPD.CHEX.PC.CD,Current health expenditure per capita (current US$),XN,Lower middle income
,2010,52.7769775029726,,,2,SH.XPD.CHEX.PC.CD,Current health expenditure per capita (current US$),XN,Lower middle income
,2009,46.8974209552876,,,2,SH.XPD.CHEX.PC.CD,Current health expenditure per capita (current US$),XN,Lower middle income
,2008,46.5772881050658,,,2,SH.XPD.CHEX.PC.CD,Current health expenditure per capita (current US$),XN,Lower middle income
,2007,42.0517129647586,,,2,SH.XPD.CHEX.PC.CD,Current health expenditure per capita (current US$),XN,Lower middle income
,2006,36.280915751815,,,2,SH.XPD.CHEX.PC.CD,Current health expenditure per capita (current US$),XN,Lower middle income
,2005,32.4573885953359,,,2,SH.XPD.CHEX.PC.CD,Current health expenditure per capita (current US$),XN,Lower middle income
,2004,28.9569227518271,,,2,SH.XPD.CHEX.PC.CD,Current health expenditure per capita (current US$),XN,Lower middle income
,2003,25.7884508456334,,,2,SH.XPD.CHEX.PC.CD,Current health expenditure per capita (current US$),XN,Lower middle income
,2002,23.0250205077019,,,2,SH.XPD.CHEX.PC.CD,Current health expenditure per capita (current US$),XN,Lower middle income
,2001,22.6030025312979,,,2,SH.XPD.CHEX.PC.CD,Current health expenditure per capita (current US$),XN,Lower middle income
,2000,21.8112612057297,,,2,SH.XPD.CHEX.PC.CD,Current health expenditure per capita (current US$),XN,Lower middle income
MEA,2023,310.969724717209,,,2,SH.XPD.CHEX.PC.CD,Current health expenditure per capita (current US$),ZQ,"Middle East, North Africa, Afghanistan & Pakistan"
MEA,2022,304.783955176052,,,2,SH.XPD.CHEX.PC.CD,Current health expenditure per capita (current US$),ZQ,"Middle East, North Africa, Afghanistan & Pakistan"
MEA,2021,294.888636725992,,,2,SH.XPD.CHEX.PC.CD,Current health expenditure per capita (current US$),ZQ,"Middle East, North Africa, Afghanistan & Pakistan"
MEA,2020,277.315342121299,,,2,SH.XPD.CHEX.PC.CD,Current health expenditure per capita (current US$),ZQ,"Middle East, North Africa, Afghanistan & Pakistan"
MEA,2019,276.604898950364,,,2,SH.XPD.CHEX.PC.CD,Current health expenditure per capita (current US$),ZQ,"Middle East, North Africa, Afghanistan & Pakistan"
MEA,2018,277.246934086199,,,2,SH.XPD.CHEX.PC.CD,Current health expenditure per capita (current US$),ZQ,"Middle East, North Africa, Afghanistan & Pakistan"
MEA,2017,287.67052775355,,,2,SH.XPD.CHEX.PC.CD,Current health expenditure per capita (current US$),ZQ,"Middle East, North Africa, Afghanistan & Pakistan"
MEA,2016,280.363793333504,,,2,SH.XPD.CHEX.PC.CD,Current health expenditure per capita (current US$),ZQ,"Middle East, North Africa, Afghanistan & Pakistan"
MEA,2015,275.945184678584,,,2,SH.XPD.CHEX.PC.CD,Current health expenditure per capita (current US$),ZQ,"Middle East, North Africa, Afghanistan & Pakistan"
MEA,2014,281.936310466207,,,2,SH.XPD.CHEX.PC.CD,Current health expenditure per capita (current US$),ZQ,"Middle East, North Africa, Afghanistan & Pakistan"
MEA,2013,266.514616894441,,,2,SH.XPD.CHEX.PC.CD,Current health expenditure per capita (current US$),ZQ,"Middle East, North Africa, Afghanistan & Pakistan"
MEA,2012,263.576317132359,,,2,SH.XPD.CHEX.PC.CD,Current health expenditure per capita (current US$),ZQ,"Middle East, North Africa, Afghanistan & Pakistan"
MEA,2011,248.633930530043,,,2,SH.XPD.CHEX.PC.CD,Current health expenditure per capita (current US$),ZQ,"Middle East, North Africa, Afghanistan & Pakistan"
MEA,2010,218.14772021924,,,2,SH.XPD.CHEX.PC.CD,Current health expenditure per capita (current US$),ZQ,"Middle East, North Africa, Afghanistan & Pakistan"
MEA,2009,202.48528568994,,,2,SH.XPD.CHEX.PC.CD,Current health expenditure per capita (current US$),ZQ,"Middle East, North Africa, Afghanistan & Pakistan"
MEA,2008,186.748752329642,,,2,SH.XPD.CHEX.PC.CD,Current health expenditure per capita (current US$),ZQ,"Middle East, North Africa, Afghanistan & Pakistan"
MEA,2007,158.676155464358,,,2,SH.XPD.CHEX.PC.CD,Current health expenditure per capita (current US$),ZQ,"Middle East, North Africa, Afghanistan & Pakistan"
MEA,2006,136.608882469712,,,2,SH.XPD.CHEX.PC.CD,Current health expenditure per capita (current US$),ZQ,"Middle East, North Africa, Afghanistan & Pakistan"
MEA,2005,121.683320292599,,,2,SH.XPD.CHEX.PC.CD,Current health expenditure per capita (current US$),ZQ,"Middle East, North Africa, Afghanistan & Pakistan"
MEA,2004,108.427592145805,,,2,SH.XPD.CHEX.PC.CD,Current health expenditure per capita (current US$),ZQ,"Middle East, North Africa, Afghanistan & Pakistan"
MEA,2003,98.5574446724188,,,2,SH.XPD.CHEX.PC.CD,Current health expenditure per capita (current US$),ZQ,"Middle East, North Africa, Afghanistan & Pakistan"
MEA,2002,98.7719924380713,,,2,SH.XPD.CHEX.PC.CD,Current health expenditure per capita (current US$),ZQ,"Middle East, North Africa, Afghanistan & Pakistan"
MEA,2001,103.214306160753,,,2,SH.XPD.CHEX.PC.CD,Current health expenditure per capita (current US$),ZQ,"Middle East, North Africa, Afghanistan & Pakistan"
MEA,2000,100.067455641548,,,2,SH.XPD.CHEX.PC.CD,Current health expenditure per capita (current US$),ZQ,"Middle East, North Africa, Afghanistan & Pakistan"
MNA,2023,140.204332765848,,,2,SH.XPD.CHEX.PC.CD,Current health expenditure per capita (current US$),XQ,"Middle East, North Africa, Afghanistan & Pakistan (excluding high income)"
MNA,2022,137.178960567695,,,2,SH.XPD.CHEX.PC.CD,Current health expenditure per capita (current US$),XQ,"Middle East, North Africa, Afghanistan & Pakistan (excluding high income)"
MNA,2021,132.824474109095,,,2,SH.XPD.CHEX.PC.CD,Current health expenditure per capita (current US$),XQ,"Middle East, North Africa, Afghanistan & Pakistan (excluding high income)"
MNA,2020,125.750005425982,,,2,SH.XPD.CHEX.PC.CD,Current health expenditure per capita (current US$),XQ,"Middle East, North Africa, Afghanistan & Pakistan (excluding high income)"
MNA,2019,135.944696475486,,,2,SH.XPD.CHEX.PC.CD,Current health expenditure per capita (current US$),XQ,"Middle East, North Africa, Afghanistan & Pakistan (excluding high income)"
MNA,2018,139.902719650037,,,2,SH.XPD.CHEX.PC.CD,Current health expenditure per capita (current US$),XQ,"Middle East, North Africa, Afghanistan & Pakistan (excluding high income)"
MNA,2017,159.087335046839,,,2,SH.XPD.CHEX.PC.CD,Current health expenditure per capita (current US$),XQ,"Middle East, North Africa, Afghanistan & Pakistan (excluding high income)"
MNA,2016,158.319363742984,,,2,SH.XPD.CHEX.PC.CD,Current health expenditure per capita (current US$),XQ,"Middle East, North Africa, Afghanistan & Pakistan (excluding high income)"
MNA,2015,159.772759933662,,,2,SH.XPD.CHEX.PC.CD,Current health expenditure per capita (current US$),XQ,"Middle East, North Africa, Afghanistan & Pakistan (excluding high income)"
MNA,2014,161.57789085985,,,2,SH.XPD.CHEX.PC.CD,Current health expenditure per capita (current US$),XQ,"Middle East, North Africa, Afghanistan & Pakistan (excluding high income)"
MNA,2013,158.090976950287,,,2,SH.XPD.CHEX.PC.CD,Current health expenditure per capita (current US$),XQ,"Middle East, North Africa, Afghanistan & Pakistan (excluding high income)"
MNA,2012,167.647661012941,,,2,SH.XPD.CHEX.PC.CD,Current health expenditure per capita (current US$),XQ,"Middle East, North Africa, Afghanistan & Pakistan (excluding high income)"
MNA,2011,158.778757989943,,,2,SH.XPD.CHEX.PC.CD,Current health expenditure per capita (current US$),XQ,"Middle East, North Africa, Afghanistan & Pakistan (excluding high income)"
MNA,2010,140.539041915876,,,2,SH.XPD.CHEX.PC.CD,Current health expenditure per capita (current US$),XQ,"Middle East, North Africa, Afghanistan & Pakistan (excluding high income)"
MNA,2009,127.401517091482,,,2,SH.XPD.CHEX.PC.CD,Current health expenditure per capita (current US$),XQ,"Middle East, North Africa, Afghanistan & Pakistan (excluding high income)"
MNA,2008,115.762752686957,,,2,SH.XPD.CHEX.PC.CD,Current health expenditure per capita (current US$),XQ,"Middle East, North Africa, Afghanistan & Pakistan (excluding high income)"
MNA,2007,96.7627295637141,,,2,SH.XPD.CHEX.PC.CD,Current health expenditure per capita (current US$),XQ,"Middle East, North Africa, Afghanistan & Pakistan (excluding high income)"
MNA,2006,81.046497753379,,,2,SH.XPD.CHEX.PC.CD,Current health expenditure per capita (current US$),XQ,"Middle East, North Africa, Afghanistan & Pakistan (excluding high income)"
MNA,2005,71.8909347897181,,,2,SH.XPD.CHEX.PC.CD,Current health expenditure per capita (current US$),XQ,"Middle East, North Africa, Afghanistan & Pakistan (excluding high income)"
MNA,2004,63.553445589671,,,2,SH.XPD.CHEX.PC.CD,Current health expenditure per capita (current US$),XQ,"Middle East, North Africa, Afghanistan & Pakistan (excluding high income)"
MNA,2003,55.5453882427863,,,2,SH.XPD.CHEX.PC.CD,Current health expenditure per capita (current US$),XQ,"Middle East, North Africa, Afghanistan & Pakistan (excluding high income)"
MNA,2002,56.1663704367494,,,2,SH.XPD.CHEX.PC.CD,Current health expenditure per capita (current US$),XQ,"Middle East, North Africa, Afghanistan & Pakistan (excluding high income)"
MNA,2001,57.0200978953891,,,2,SH.XPD.CHEX.PC.CD,Current health expenditure per capita (current US$),XQ,"Middle East, North Africa, Afghanistan & Pakistan (excluding high income)"
MNA,2000,55.0209389217475,,,2,SH.XPD.CHEX.PC.CD,Current health expenditure per capita (current US$),XQ,"Middle East, North Africa, Afghanistan & Pakistan (excluding high income)"
TMN,2023,138.738077507188,,,2,SH.XPD.CHEX.PC.CD,Current health expenditure per capita (current US$),T3,"Middle East, North Africa, Afghanistan & Pakistan (IDA & IBRD)"
TMN,2022,135.665737678531,,,2,SH.XPD.CHEX.PC.CD,Current health expenditure per capita (current US$),T3,"Middle East, North Africa, Afghanistan & Pakistan (IDA & IBRD)"
TMN,2021,131.194717308625,,,2,SH.XPD.CHEX.PC.CD,Current health expenditure per capita (current US$),T3,"Middle East, North Africa, Afghanistan & Pakistan (IDA & IBRD)"
TMN,2020,124.429475733351,,,2,SH.XPD.CHEX.PC.CD,Current health expenditure per capita (current US$),T3,"Middle East, North Africa, Afghanistan & Pakistan (IDA & IBRD)"
TMN,2019,134.686334431318,,,2,SH.XPD.CHEX.PC.CD,Current health expenditure per capita (current US$),T3,"Middle East, North Africa, Afghanistan & Pakistan (IDA & IBRD)"
TMN,2018,138.635536441969,,,2,SH.XPD.CHEX.PC.CD,Current health expenditure per capita (current US$),T3,"Middle East, North Africa, Afghanistan & Pakistan (IDA & IBRD)"
TMN,2017,158.055271163238,,,2,SH.XPD.CHEX.PC.CD,Current health expenditure per capita (current US$),T3,"Middle East, North Africa, Afghanistan & Pakistan (IDA & IBRD)"
TMN,2016,157.358811613511,,,2,SH.XPD.CHEX.PC.CD,Current health expenditure per capita (current US$),T3,"Middle East, North Africa, Afghanistan & Pakistan (IDA & IBRD)"
TMN,2015,158.912484998384,,,2,SH.XPD.CHEX.PC.CD,Current health expenditure per capita (current US$),T3,"Middle East, North Africa, Afghanistan & Pakistan (IDA & IBRD)"
TMN,2014,160.550691705319,,,2,SH.XPD.CHEX.PC.CD,Current health expenditure per capita (current US$),T3,"Middle East, North Africa, Afghanistan & Pakistan (IDA & IBRD)"
TMN,2013,156.958699881176,,,2,SH.XPD.CHEX.PC.CD,Current health expenditure per capita (current US$),T3,"Middle East, North Africa, Afghanistan & Pakistan (IDA & IBRD)"
TMN,2012,166.77722955891,,,2,SH.XPD.CHEX.PC.CD,Current health expenditure per capita (current US$),T3,"Middle East, North Africa, Afghanistan & Pakistan (IDA & IBRD)"
TMN,2011,157.78716341065,,,2,SH.XPD.CHEX.PC.CD,Current health expenditure per capita (current US$),T3,"Middle East, North Africa, Afghanistan & Pakistan (IDA & IBRD)"
TMN,2010,140.018203256574,,,2,SH.XPD.CHEX.PC.CD,Current health expenditure per capita (current US$),T3,"Middle East, North Africa, Afghanistan & Pakistan (IDA & IBRD)"
TMN,2009,126.780026071251,,,2,SH.XPD.CHEX.PC.CD,Current health expenditure per capita (current US$),T3,"Middle East, North Africa, Afghanistan & Pakistan (IDA & IBRD)"
TMN,2008,115.205391260363,,,2,SH.XPD.CHEX.PC.CD,Current health expenditure per capita (current US$),T3,"Middle East, North Africa, Afghanistan & Pakistan (IDA & IBRD)"
TMN,2007,96.4215660809456,,,2,SH.XPD.CHEX.PC.CD,Current health expenditure per capita (current US$),T3,"Middle East, North Africa, Afghanistan & Pakistan (IDA & IBRD)"
TMN,2006,80.5732025348774,,,2,SH.XPD.CHEX.PC.CD,Current health expenditure per capita (current US$),T3,"Middle East, North Africa, Afghanistan & Pakistan (IDA & IBRD)"
TMN,2005,71.331811402318,,,2,SH.XPD.CHEX.PC.CD,Current health expenditure per capita (current US$),T3,"Middle East, North Africa, Afghanistan & Pakistan (IDA & IBRD)"
TMN,2004,62.991830485538,,,2,SH.XPD.CHEX.PC.CD,Current health expenditure per capita (current US$),T3,"Middle East, North Africa, Afghanistan & Pakistan (IDA & IBRD)"
TMN,2003,55.1851594392889,,,2,SH.XPD.CHEX.PC.CD,Current health expenditure per capita (current US$),T3,"Middle East, North Africa, Afghanistan & Pakistan (IDA & IBRD)"
TMN,2002,55.7463851142089,,,2,SH.XPD.CHEX.PC.CD,Current health expenditure per capita (current US$),T3,"Middle East, North Africa, Afghanistan & Pakistan (IDA & IBRD)"
TMN,2001,56.5235121099821,,,2,SH.XPD.CHEX.PC.CD,Current health expenditure per capita (current US$),T3,"Middle East, North Africa, Afghanistan & Pakistan (IDA & IBRD)"
TMN,2000,54.4968243727188,,,2,SH.XPD.CHEX.PC.CD,Current health expenditure per capita (current US$),T3,"Middle East, North Africa, Afghanistan & Pakistan (IDA & IBRD)"
MIC,2023,353.652823157167,,,2,SH.XPD.CHEX.PC.CD,Current health expenditure per capita (current US$),XP,Middle income
MIC,2022,341.902784730703,,,2,SH.XPD.CHEX.PC.CD,Current health expenditure per capita (current US$),XP,Middle income
MIC,2021,317.147776777465,,,2,SH.XPD.CHEX.PC.CD,Current health expenditure per capita (current US$),XP,Middle income
MIC,2020,277.112303362011,,,2,SH.XPD.CHEX.PC.CD,Current health expenditure per capita (current US$),XP,Middle income
MIC,2019,273.594359283376,,,2,SH.XPD.CHEX.PC.CD,Current health expenditure per capita (current US$),XP,Middle income
MIC,2018,265.175174620183,,,2,SH.XPD.CHEX.PC.CD,Current health expenditure per capita (current US$),XP,Middle income
MIC,2017,255.992022217377,,,2,SH.XPD.CHEX.PC.CD,Current health expenditure per capita (current US$),XP,Middle income
MIC,2016,237.224613493272,,,2,SH.XPD.CHEX.PC.CD,Current health expenditure per capita (current US$),XP,Middle income
MIC,2015,239.56122992208,,,2,SH.XPD.CHEX.PC.CD,Current health expenditure per capita (current US$),XP,Middle income
MIC,2014,244.488141087329,,,2,SH.XPD.CHEX.PC.CD,Current health expenditure per capita (current US$),XP,Middle income
MIC,2013,236.389242842547,,,2,SH.XPD.CHEX.PC.CD,Current health expenditure per capita (current US$),XP,Middle income
MIC,2012,220.347721213285,,,2,SH.XPD.CHEX.PC.CD,Current health expenditure per capita (current US$),XP,Middle income
MIC,2011,206.992484988271,,,2,SH.XPD.CHEX.PC.CD,Current health expenditure per capita (current US$),XP,Middle income
MIC,2010,178.0796210473,,,2,SH.XPD.CHEX.PC.CD,Current health expenditure per capita (current US$),XP,Middle income
MIC,2009,153.919620001281,,,2,SH.XPD.CHEX.PC.CD,Current health expenditure per capita (current US$),XP,Middle income
MIC,2008,146.469915555814,,,2,SH.XPD.CHEX.PC.CD,Current health expenditure per capita (current US$),XP,Middle income
MIC,2007,123.682970678785,,,2,SH.XPD.CHEX.PC.CD,Current health expenditure per capita (current US$),XP,Middle income
MIC,2006,103.969709376121,,,2,SH.XPD.CHEX.PC.CD,Current health expenditure per capita (current US$),XP,Middle income
MIC,2005,90.8328517614538,,,2,SH.XPD.CHEX.PC.CD,Current health expenditure per capita (current US$),XP,Middle income
MIC,2004,77.4493119948345,,,2,SH.XPD.CHEX.PC.CD,Current health expenditure per capita (current US$),XP,Middle income
MIC,2003,67.4031774189229,,,2,SH.XPD.CHEX.PC.CD,Current health expenditure per capita (current US$),XP,Middle income
MIC,2002,60.2168191730392,,,2,SH.XPD.CHEX.PC.CD,Current health expenditure per capita (current US$),XP,Middle income
MIC,2001,61.6356047370937,,,2,SH.XPD.CHEX.PC.CD,Current health expenditure per capita (current US$),XP,Middle income
MIC,2000,62.1988075388928,,,2,SH.XPD.CHEX.PC.CD,Current health expenditure per capita (current US$),XP,Middle income
NAC,2023,12698.7344525575,,,2,SH.XPD.CHEX.PC.CD,Current health expenditure per capita (current US$),XU,North America
NAC,2022,11924.6950605155,,,2,SH.XPD.CHEX.PC.CD,Current health expenditure per capita (current US$),XU,North America
NAC,2021,11505.0810084106,,,2,SH.XPD.CHEX.PC.CD,Current health expenditure per capita (current US$),XU,North America
NAC,2020,11030.9216326206,,,2,SH.XPD.CHEX.PC.CD,Current health expenditure per capita (current US$),XU,North America
NAC,2019,9992.72741968316,,,2,SH.XPD.CHEX.PC.CD,Current health expenditure per capita (current US$),XU,North America
NAC,2018,9660.53793736176,,,2,SH.XPD.CHEX.PC.CD,Current health expenditure per capita (current US$),XU,North America
NAC,2017,9326.7061287435,,,2,SH.XPD.CHEX.PC.CD,Current health expenditure per capita (current US$),XU,North America
NAC,2016,9045.88220949926,,,2,SH.XPD.CHEX.PC.CD,Current health expenditure per capita (current US$),XU,North America
NAC,2015,8747.32526885579,,,2,SH.XPD.CHEX.PC.CD,Current health expenditure per capita (current US$),XU,North America
NAC,2014,8438.05301814995,,,2,SH.XPD.CHEX.PC.CD,Current health expenditure per capita (current US$),XU,North America
NAC,2013,8117.86686961012,,,2,SH.XPD.CHEX.PC.CD,Current health expenditure per capita (current US$),XU,North America
NAC,2012,7989.42877217773,,,2,SH.XPD.CHEX.PC.CD,Current health expenditure per capita (current US$),XU,North America
NAC,2011,7756.30697689534,,,2,SH.XPD.CHEX.PC.CD,Current health expenditure per capita (current US$),XU,North America
NAC,2010,7561.25568309711,,,2,SH.XPD.CHEX.PC.CD,Current health expenditure per capita (current US$),XU,North America
NAC,2009,7292.85104928575,,,2,SH.XPD.CHEX.PC.CD,Current health expenditure per capita (current US$),XU,North America
NAC,2008,7078.0569544403,,,2,SH.XPD.CHEX.PC.CD,Current health expenditure per capita (current US$),XU,North America
NAC,2007,6861.78912618278,,,2,SH.XPD.CHEX.PC.CD,Current health expenditure per capita (current US$),XU,North America
NAC,2006,6502.88258605572,,,2,SH.XPD.CHEX.PC.CD,Current health expenditure per capita (current US$),XU,North America
NAC,2005,6117.72962294646,,,2,SH.XPD.CHEX.PC.CD,Current health expenditure per capita (current US$),XU,North America
NAC,2004,5759.51678118708,,,2,SH.XPD.CHEX.PC.CD,Current health expenditure per capita (current US$),XU,North America
NAC,2003,5417.79823368656,,,2,SH.XPD.CHEX.PC.CD,Current health expenditure per capita (current US$),XU,North America
NAC,2002,5014.02615656326,,,2,SH.XPD.CHEX.PC.CD,Current health expenditure per capita (current US$),XU,North America
NAC,2001,4620.92748521486,,,2,SH.XPD.CHEX.PC.CD,Current health expenditure per capita (current US$),XU,North America
NAC,2000,4297.41815364329,,,2,SH.XPD.CHEX.PC.CD,Current health expenditure per capita (current US$),XU,North America
,2023,,,,2,SH.XPD.CHEX.PC.CD,Current health expenditure per capita (current US$),XY,Not classified
,2022,,,,2,SH.XPD.CHEX.PC.CD,Current health expenditure per capita (current US$),XY,Not classified
,2021,,,,2,SH.XPD.CHEX.PC.CD,Current health expenditure per capita (current US$),XY,Not classified
,2020,,,,2,SH.XPD.CHEX.PC.CD,Current health expenditure per capita (current US$),XY,Not classified
,2019,,,,2,SH.XPD.CHEX.PC.CD,Current health expenditure per capita (current US$),XY,Not classified
,2018,,,,2,SH.XPD.CHEX.PC.CD,Current health expenditure per capita (current US$),XY,Not classified
,2017,,,,2,SH.XPD.CHEX.PC.CD,Current health expenditure per capita (current US$),XY,Not classified
,2016,,,,2,SH.XPD.CHEX.PC.CD,Current health expenditure per capita (current US$),XY,Not classified
,2015,,,,2,SH.XPD.CHEX.PC.CD,Current health expenditure per capita (current US$),XY,Not classified
,2014,,,,2,SH.XPD.CHEX.PC.CD,Current health expenditure per capita (current US$),XY,Not classified
,2013,,,,2,SH.XPD.CHEX.PC.CD,Current health expenditure per capita (current US$),XY,Not classified
,2012,,,,2,SH.XPD.CHEX.PC.CD,Current health expenditure per capita (current US$),XY,Not classified
,2011,,,,2,SH.XPD.CHEX.PC.CD,Current health expenditure per capita (current US$),XY,Not classified
,2010,,,,2,SH.XPD.CHEX.PC.CD,Current health expenditure per capita (current US$),XY,Not classified
,2009,,,,2,SH.XPD.CHEX.PC.CD,Current health expenditure per capita (current US$),XY,Not classified
,2008,,,,2,SH.XPD.CHEX.PC.CD,Current health expenditure per capita (current US$),XY,Not classified
,2007,,,,2,SH.XPD.CHEX.PC.CD,Current health expenditure per capita (current US$),XY,Not classified
,2006,,,,2,SH.XPD.CHEX.PC.CD,Current health expenditure per capita (current US$),XY,Not classified
,2005,,,,2,SH.XPD.CHEX.PC.CD,Current health expenditure per capita (current US$),XY,Not classified
,2004,,,,2,SH.XPD.CHEX.PC.CD,Current health expenditure per capita (current US$),XY,Not classified
,2003,,,,2,SH.XPD.CHEX.PC.CD,Current health expenditure per capita (current US$),XY,Not classified
,2002,,,,2,SH.XPD.CHEX.PC.CD,Current health expenditure per capita (current US$),XY,Not classified
,2001,,,,2,SH.XPD.CHEX.PC.CD,Current health expenditure per capita (current US$),XY,Not classified
,2000,,,,2,SH.XPD.CHEX.PC.CD,Current health expenditure per capita (current US$),XY,Not classified
OED,2023,5915.54267586571,,,2,SH.XPD.CHEX.PC.CD,Current health expenditure per capita (current US$),OE,OECD members
OED,2022,5630.09565413039,,,2,SH.XPD.CHEX.PC.CD,Current health expenditure per capita (current US$),OE,OECD members
OED,2021,5716.25755236816,,,2,SH.XPD.CHEX.PC.CD,Current health expenditure per capita (current US$),OE,OECD members
OED,2020,5299.92923102032,,,2,SH.XPD.CHEX.PC.CD,Current health expenditure per capita (current US$),OE,OECD members
OED,2019,4885.84558449251,,,2,SH.XPD.CHEX.PC.CD,Current health expenditure per capita (current US$),OE,OECD members
OED,2018,4804.8720315435,,,2,SH.XPD.CHEX.PC.CD,Current health expenditure per capita (current US$),OE,OECD members
OED,2017,4593.86479128032,,,2,SH.XPD.CHEX.PC.CD,Current health expenditure per capita (current US$),OE,OECD members
OED,2016,4448.93897113615,,,2,SH.XPD.CHEX.PC.CD,Current health expenditure per capita (current US$),OE,OECD members
OED,2015,4326.51774770484,,,2,SH.XPD.CHEX.PC.CD,Current health expenditure per capita (current US$),OE,OECD members
OED,2014,4493.43503373231,,,2,SH.XPD.CHEX.PC.CD,Current health expenditure per capita (current US$),OE,OECD members
OED,2013,4372.73206738339,,,2,SH.XPD.CHEX.PC.CD,Current health expenditure per capita (current US$),OE,OECD members
OED,2012,4350.45469523628,,,2,SH.XPD.CHEX.PC.CD,Current health expenditure per capita (current US$),OE,OECD members
OED,2011,4341.01371046285,,,2,SH.XPD.CHEX.PC.CD,Current health expenditure per capita (current US$),OE,OECD members
OED,2010,4047.09086608608,,,2,SH.XPD.CHEX.PC.CD,Current health expenditure per capita (current US$),OE,OECD members
OED,2009,3918.85041658081,,,2,SH.XPD.CHEX.PC.CD,Current health expenditure per capita (current US$),OE,OECD members
OED,2008,3878.71907113635,,,2,SH.XPD.CHEX.PC.CD,Current health expenditure per capita (current US$),OE,OECD members
OED,2007,3626.28485957125,,,2,SH.XPD.CHEX.PC.CD,Current health expenditure per capita (current US$),OE,OECD members
OED,2006,3337.2848700885,,,2,SH.XPD.CHEX.PC.CD,Current health expenditure per capita (current US$),OE,OECD members
OED,2005,3166.51671804892,,,2,SH.XPD.CHEX.PC.CD,Current health expenditure per capita (current US$),OE,OECD members
OED,2004,3002.68490622968,,,2,SH.XPD.CHEX.PC.CD,Current health expenditure per capita (current US$),OE,OECD members
OED,2003,2730.40249695169,,,2,SH.XPD.CHEX.PC.CD,Current health expenditure per capita (current US$),OE,OECD members
OED,2002,2407.63339586563,,,2,SH.XPD.CHEX.PC.CD,Current health expenditure per capita (current US$),OE,OECD members
OED,2001,2225.0142650724,,,2,SH.XPD.CHEX.PC.CD,Current health expenditure per capita (current US$),OE,OECD members
OED,2000,2149.39705600623,,,2,SH.XPD.CHEX.PC.CD,Current health expenditure per capita (current US$),OE,OECD members
OSS,2023,1203.88225536395,,,2,SH.XPD.CHEX.PC.CD,Current health expenditure per capita (current US$),S4,Other small states
OSS,2022,1117.93956877042,,,2,SH.XPD.CHEX.PC.CD,Current health expenditure per capita (current US$),S4,Other small states
OSS,2021,1150.97538567959,,,2,SH.XPD.CHEX.PC.CD,Current health expenditure per capita (current US$),S4,Other small states
OSS,2020,989.041056411903,,,2,SH.XPD.CHEX.PC.CD,Current health expenditure per capita (current US$),S4,Other small states
OSS,2019,930.960863900857,,,2,SH.XPD.CHEX.PC.CD,Current health expenditure per capita (current US$),S4,Other small states
OSS,2018,915.684368930563,,,2,SH.XPD.CHEX.PC.CD,Current health expenditure per capita (current US$),S4,Other small states
OSS,2017,833.968543908001,,,2,SH.XPD.CHEX.PC.CD,Current health expenditure per capita (current US$),S4,Other small states
OSS,2016,761.486513338512,,,2,SH.XPD.CHEX.PC.CD,Current health expenditure per capita (current US$),S4,Other small states
OSS,2015,717.47568606246,,,2,SH.XPD.CHEX.PC.CD,Current health expenditure per capita (current US$),S4,Other small states
OSS,2014,784.248841413371,,,2,SH.XPD.CHEX.PC.CD,Current health expenditure per capita (current US$),S4,Other small states
OSS,2013,747.145098275729,,,2,SH.XPD.CHEX.PC.CD,Current health expenditure per capita (current US$),S4,Other small states
OSS,2012,703.78445212039,,,2,SH.XPD.CHEX.PC.CD,Current health expenditure per capita (current US$),S4,Other small states
OSS,2011,733.855152737728,,,2,SH.XPD.CHEX.PC.CD,Current health expenditure per capita (current US$),S4,Other small states
OSS,2010,693.761529237095,,,2,SH.XPD.CHEX.PC.CD,Current health expenditure per capita (current US$),S4,Other small states
OSS,2009,691.330782751149,,,2,SH.XPD.CHEX.PC.CD,Current health expenditure per capita (current US$),S4,Other small states
OSS,2008,750.965363519624,,,2,SH.XPD.CHEX.PC.CD,Current health expenditure per capita (current US$),S4,Other small states
OSS,2007,673.620423278128,,,2,SH.XPD.CHEX.PC.CD,Current health expenditure per capita (current US$),S4,Other small states
OSS,2006,573.130311793115,,,2,SH.XPD.CHEX.PC.CD,Current health expenditure per capita (current US$),S4,Other small states
OSS,2005,542.800898012148,,,2,SH.XPD.CHEX.PC.CD,Current health expenditure per capita (current US$),S4,Other small states
OSS,2004,488.808744539987,,,2,SH.XPD.CHEX.PC.CD,Current health expenditure per capita (current US$),S4,Other small states
OSS,2003,419.440350347494,,,2,SH.XPD.CHEX.PC.CD,Current health expenditure per capita (current US$),S4,Other small states
OSS,2002,359.742568985926,,,2,SH.XPD.CHEX.PC.CD,Current health expenditure per capita (current US$),S4,Other small states
OSS,2001,313.739274872019,,,2,SH.XPD.CHEX.PC.CD,Current health expenditure per capita (current US$),S4,Other small states
OSS,2000,319.910678357728,,,2,SH.XPD.CHEX.PC.CD,Current health expenditure per capita (current US$),S4,Other small states
PSS,2023,234.298336830729,,,2,SH.XPD.CHEX.PC.CD,Current health expenditure per capita (current US$),S2,Pacific island small states
PSS,2022,228.226159867358,,,2,SH.XPD.CHEX.PC.CD,Current health expenditure per capita (current US$),S2,Pacific island small states
PSS,2021,265.263233002078,,,2,SH.XPD.CHEX.PC.CD,Current health expenditure per capita (current US$),S2,Pacific island small states
PSS,2020,227.820353598018,,,2,SH.XPD.CHEX.PC.CD,Current health expenditure per capita (current US$),S2,Pacific island small states
PSS,2019,226.264029255156,,,2,SH.XPD.CHEX.PC.CD,Current health expenditure per capita (current US$),S2,Pacific island small states
PSS,2018,217.726443231222,,,2,SH.XPD.CHEX.PC.CD,Current health expenditure per capita (current US$),S2,Pacific island small states
PSS,2017,189.672446994708,,,2,SH.XPD.CHEX.PC.CD,Current health expenditure per capita (current US$),S2,Pacific island small states
PSS,2016,185.426164810969,,,2,SH.XPD.CHEX.PC.CD,Current health expenditure per capita (current US$),S2,Pacific island small states
PSS,2015,177.995108423985,,,2,SH.XPD.CHEX.PC.CD,Current health expenditure per capita (current US$),S2,Pacific island small states
PSS,2014,185.365653231477,,,2,SH.XPD.CHEX.PC.CD,Current health expenditure per capita (current US$),S2,Pacific island small states
PSS,2013,177.072067466154,,,2,SH.XPD.CHEX.PC.CD,Current health expenditure per capita (current US$),S2,Pacific island small states
PSS,2012,176.404466568278,,,2,SH.XPD.CHEX.PC.CD,Current health expenditure per capita (current US$),S2,Pacific island small states
PSS,2011,163.359225207776,,,2,SH.XPD.CHEX.PC.CD,Current health expenditure per capita (current US$),S2,Pacific island small states
PSS,2010,151.415096684753,,,2,SH.XPD.CHEX.PC.CD,Current health expenditure per capita (current US$),S2,Pacific island small states
PSS,2009,146.721591434268,,,2,SH.XPD.CHEX.PC.CD,Current health expenditure per capita (current US$),S2,Pacific island small states
PSS,2008,150.050372396979,,,2,SH.XPD.CHEX.PC.CD,Current health expenditure per capita (current US$),S2,Pacific island small states
PSS,2007,145.971920203499,,,2,SH.XPD.CHEX.PC.CD,Current health expenditure per capita (current US$),S2,Pacific island small states
PSS,2006,139.540128866858,,,2,SH.XPD.CHEX.PC.CD,Current health expenditure per capita (current US$),S2,Pacific island small states
PSS,2005,138.541264199658,,,2,SH.XPD.CHEX.PC.CD,Current health expenditure per capita (current US$),S2,Pacific island small states
PSS,2004,116.518901463803,,,2,SH.XPD.CHEX.PC.CD,Current health expenditure per capita (current US$),S2,Pacific island small states
PSS,2003,94.9725034187979,,,2,SH.XPD.CHEX.PC.CD,Current health expenditure per capita (current US$),S2,Pacific island small states
PSS,2002,88.3824422971553,,,2,SH.XPD.CHEX.PC.CD,Current health expenditure per capita (current US$),S2,Pacific island small states
PSS,2001,79.4335892004223,,,2,SH.XPD.CHEX.PC.CD,Current health expenditure per capita (current US$),S2,Pacific island small states
PSS,2000,82.6006911322602,,,2,SH.XPD.CHEX.PC.CD,Current health expenditure per capita (current US$),S2,Pacific island small states
PST,2023,7413.23852188777,,,2,SH.XPD.CHEX.PC.CD,Current health expenditure per capita (current US$),V4,Post-demographic dividend
PST,2022,7086.1736773892,,,2,SH.XPD.CHEX.PC.CD,Current health expenditure per capita (current US$),V4,Post-demographic dividend
PST,2021,6913.70050761654,,,2,SH.XPD.CHEX.PC.CD,Current health expenditure per capita (current US$),V4,Post-demographic dividend
PST,2020,6358.76046290451,,,2,SH.XPD.CHEX.PC.CD,Current health expenditure per capita (current US$),V4,Post-demographic dividend
PST,2019,5831.50920900274,,,2,SH.XPD.CHEX.PC.CD,Current health expenditure per capita (current US$),V4,Post-demographic dividend
PST,2018,5719.28052644392,,,2,SH.XPD.CHEX.PC.CD,Current health expenditure per capita (current US$),V4,Post-demographic dividend
PST,2017,5452.60851500304,,,2,SH.XPD.CHEX.PC.CD,Current health expenditure per capita (current US$),V4,Post-demographic dividend
PST,2016,5275.02298467372,,,2,SH.XPD.CHEX.PC.CD,Current health expenditure per capita (current US$),V4,Post-demographic dividend
PST,2015,5112.93998162001,,,2,SH.XPD.CHEX.PC.CD,Current health expenditure per capita (current US$),V4,Post-demographic dividend
PST,2014,5284.81764224541,,,2,SH.XPD.CHEX.PC.CD,Current health expenditure per capita (current US$),V4,Post-demographic dividend
PST,2013,5127.10763074032,,,2,SH.XPD.CHEX.PC.CD,Current health expenditure per capita (current US$),V4,Post-demographic dividend
PST,2012,5103.12543291364,,,2,SH.XPD.CHEX.PC.CD,Current health expenditure per capita (current US$),V4,Post-demographic dividend
PST,2011,5082.95126159156,,,2,SH.XPD.CHEX.PC.CD,Current health expenditure per capita (current US$),V4,Post-demographic dividend
PST,2010,4725.59187383918,,,2,SH.XPD.CHEX.PC.CD,Current health expenditure per capita (current US$),V4,Post-demographic dividend
PST,2009,4573.81851627166,,,2,SH.XPD.CHEX.PC.CD,Current health expenditure per capita (current US$),V4,Post-demographic dividend
PST,2008,4500.1603493697,,,2,SH.XPD.CHEX.PC.CD,Current health expenditure per capita (current US$),V4,Post-demographic dividend
PST,2007,4209.53153380327,,,2,SH.XPD.CHEX.PC.CD,Current health expenditure per capita (current US$),V4,Post-demographic dividend
PST,2006,3878.69184430608,,,2,SH.XPD.CHEX.PC.CD,Current health expenditure per capita (current US$),V4,Post-demographic dividend
PST,2005,3677.64494703088,,,2,SH.XPD.CHEX.PC.CD,Current health expenditure per capita (current US$),V4,Post-demographic dividend
PST,2004,3488.0996185494,,,2,SH.XPD.CHEX.PC.CD,Current health expenditure per capita (current US$),V4,Post-demographic dividend
PST,2003,3170.04298248973,,,2,SH.XPD.CHEX.PC.CD,Current health expenditure per capita (current US$),V4,Post-demographic dividend
PST,2002,2787.47909876318,,,2,SH.XPD.CHEX.PC.CD,Current health expenditure per capita (current US$),V4,Post-demographic dividend
PST,2001,2569.36477721755,,,2,SH.XPD.CHEX.PC.CD,Current health expenditure per capita (current US$),V4,Post-demographic dividend
PST,2000,2477.35256407878,,,2,SH.XPD.CHEX.PC.CD,Current health expenditure per capita (current US$),V4,Post-demographic dividend
PRE,2023,65.286827901308,,,2,SH.XPD.CHEX.PC.CD,Current health expenditure per capita (current US$),V1,Pre-demographic dividend
PRE,2022,68.6305046490946,,,2,SH.XPD.CHEX.PC.CD,Current health expenditure per capita (current US$),V1,Pre-demographic dividend
PRE,2021,64.8410367574783,,,2,SH.XPD.CHEX.PC.CD,Current health expenditure per capita (current US$),V1,Pre-demographic dividend
PRE,2020,58.8363731657314,,,2,SH.XPD.CHEX.PC.CD,Current health expenditure per capita (current US$),V1,Pre-demographic dividend
PRE,2019,57.5741584522018,,,2,SH.XPD.CHEX.PC.CD,Current health expenditure per capita (current US$),V1,Pre-demographic dividend
PRE,2018,56.1506000130814,,,2,SH.XPD.CHEX.PC.CD,Current health expenditure per capita (current US$),V1,Pre-demographic dividend
PRE,2017,57.5102082656623,,,2,SH.XPD.CHEX.PC.CD,Current health expenditure per capita (current US$),V1,Pre-demographic dividend
PRE,2016,59.5406046088633,,,2,SH.XPD.CHEX.PC.CD,Current health expenditure per capita (current US$),V1,Pre-demographic dividend
PRE,2015,61.8741806481895,,,2,SH.XPD.CHEX.PC.CD,Current health expenditure per capita (current US$),V1,Pre-demographic dividend
PRE,2014,68.7256206455684,,,2,SH.XPD.CHEX.PC.CD,Current health expenditure per capita (current US$),V1,Pre-demographic dividend
PRE,2013,67.1908704287985,,,2,SH.XPD.CHEX.PC.CD,Current health expenditure per capita (current US$),V1,Pre-demographic dividend
PRE,2012,61.6702470644718,,,2,SH.XPD.CHEX.PC.CD,Current health expenditure per capita (current US$),V1,Pre-demographic dividend
PRE,2011,58.8589056369694,,,2,SH.XPD.CHEX.PC.CD,Current health expenditure per capita (current US$),V1,Pre-demographic dividend
PRE,2010,53.8941162383128,,,2,SH.XPD.CHEX.PC.CD,Current health expenditure per capita (current US$),V1,Pre-demographic dividend
PRE,2009,52.3424228222144,,,2,SH.XPD.CHEX.PC.CD,Current health expenditure per capita (current US$),V1,Pre-demographic dividend
PRE,2008,55.279979358177,,,2,SH.XPD.CHEX.PC.CD,Current health expenditure per capita (current US$),V1,Pre-demographic dividend
PRE,2007,46.970525164413,,,2,SH.XPD.CHEX.PC.CD,Current health expenditure per capita (current US$),V1,Pre-demographic dividend
PRE,2006,40.330435423869,,,2,SH.XPD.CHEX.PC.CD,Current health expenditure per capita (current US$),V1,Pre-demographic dividend
PRE,2005,33.8796086868975,,,2,SH.XPD.CHEX.PC.CD,Current health expenditure per capita (current US$),V1,Pre-demographic dividend
PRE,2004,29.4908726690144,,,2,SH.XPD.CHEX.PC.CD,Current health expenditure per capita (current US$),V1,Pre-demographic dividend
PRE,2003,24.55262943658,,,2,SH.XPD.CHEX.PC.CD,Current health expenditure per capita (current US$),V1,Pre-demographic dividend
PRE,2002,17.1707053641135,,,2,SH.XPD.CHEX.PC.CD,Current health expenditure per capita (current US$),V1,Pre-demographic dividend
PRE,2001,16.3868806918109,,,2,SH.XPD.CHEX.PC.CD,Current health expenditure per capita (current US$),V1,Pre-demographic dividend
PRE,2000,16.36503280441,,,2,SH.XPD.CHEX.PC.CD,Current health expenditure per capita (current US$),V1,Pre-demographic dividend
SST,2023,1008.72140097749,,,2,SH.XPD.CHEX.PC.CD,Current health expenditure per capita (current US$),S1,Small states
SST,2022,953.147727709784,,,2,SH.XPD.CHEX.PC.CD,Current health expenditure per capita (current US$),S1,Small states
SST,2021,964.438696145427,,,2,SH.XPD.CHEX.PC.CD,Current health expenditure per capita (current US$),S1,Small states
SST,2020,843.402903978223,,,2,SH.XPD.CHEX.PC.CD,Current health expenditure per capita (current US$),S1,Small states
SST,2019,811.643543754382,,,2,SH.XPD.CHEX.PC.CD,Current health expenditure per capita (current US$),S1,Small states
SST,2018,793.866190378651,,,2,SH.XPD.CHEX.PC.CD,Current health expenditure per capita (current US$),S1,Small states
SST,2017,737.742913227614,,,2,SH.XPD.CHEX.PC.CD,Current health expenditure per capita (current US$),S1,Small states
SST,2016,681.723000451672,,,2,SH.XPD.CHEX.PC.CD,Current health expenditure per capita (current US$),S1,Small states
SST,2015,654.350530128462,,,2,SH.XPD.CHEX.PC.CD,Current health expenditure per capita (current US$),S1,Small states
SST,2014,692.573503719694,,,2,SH.XPD.CHEX.PC.CD,Current health expenditure per capita (current US$),S1,Small states
SST,2013,664.001615191806,,,2,SH.XPD.CHEX.PC.CD,Current health expenditure per capita (current US$),S1,Small states
SST,2012,629.190196035618,,,2,SH.XPD.CHEX.PC.CD,Current health expenditure per capita (current US$),S1,Small states
SST,2011,639.574729092561,,,2,SH.XPD.CHEX.PC.CD,Current health expenditure per capita (current US$),S1,Small states
SST,2010,604.299714141107,,,2,SH.XPD.CHEX.PC.CD,Current health expenditure per capita (current US$),S1,Small states
SST,2009,596.481093157385,,,2,SH.XPD.CHEX.PC.CD,Current health expenditure per capita (current US$),S1,Small states
SST,2008,630.039959000115,,,2,SH.XPD.CHEX.PC.CD,Current health expenditure per capita (current US$),S1,Small states
SST,2007,568.917573478167,,,2,SH.XPD.CHEX.PC.CD,Current health expenditure per capita (current US$),S1,Small states
SST,2006,492.69311745954,,,2,SH.XPD.CHEX.PC.CD,Current health expenditure per capita (current US$),S1,Small states
SST,2005,462.973035502228,,,2,SH.XPD.CHEX.PC.CD,Current health expenditure per capita (current US$),S1,Small states
SST,2004,414.408609155649,,,2,SH.XPD.CHEX.PC.CD,Current health expenditure per capita (current US$),S1,Small states
SST,2003,358.587209648316,,,2,SH.XPD.CHEX.PC.CD,Current health expenditure per capita (current US$),S1,Small states
SST,2002,311.81972778189,,,2,SH.XPD.CHEX.PC.CD,Current health expenditure per capita (current US$),S1,Small states
SST,2001,274.352885350345,,,2,SH.XPD.CHEX.PC.CD,Current health expenditure per capita (current US$),S1,Small states
SST,2000,278.299514679322,,,2,SH.XPD.CHEX.PC.CD,Current health expenditure per capita (current US$),S1,Small states
SAS,2023,82.4869859574525,,,2,SH.XPD.CHEX.PC.CD,Current health expenditure per capita (current US$),8S,South Asia
SAS,2022,79.9919658936364,,,2,SH.XPD.CHEX.PC.CD,Current health expenditure per capita (current US$),8S,South Asia
SAS,2021,75.4653344021482,,,2,SH.XPD.CHEX.PC.CD,Current health expenditure per capita (current US$),8S,South Asia
SAS,2020,63.7995398712069,,,2,SH.XPD.CHEX.PC.CD,Current health expenditure per capita (current US$),8S,South Asia
SAS,2019,60.4097547940249,,,2,SH.XPD.CHEX.PC.CD,Current health expenditure per capita (current US$),8S,South Asia
SAS,2018,57.6271937496546,,,2,SH.XPD.CHEX.PC.CD,Current health expenditure per capita (current US$),8S,South Asia
SAS,2017,56.5030929296534,,,2,SH.XPD.CHEX.PC.CD,Current health expenditure per capita (current US$),8S,South Asia
SAS,2016,58.8470714953936,,,2,SH.XPD.CHEX.PC.CD,Current health expenditure per capita (current US$),8S,South Asia
SAS,2015,56.7417052203767,,,2,SH.XPD.CHEX.PC.CD,Current health expenditure per capita (current US$),8S,South Asia
SAS,2014,54.5770272304796,,,2,SH.XPD.CHEX.PC.CD,Current health expenditure per capita (current US$),8S,South Asia
SAS,2013,53.3691511888425,,,2,SH.XPD.CHEX.PC.CD,Current health expenditure per capita (current US$),8S,South Asia
SAS,2012,46.6152634556105,,,2,SH.XPD.CHEX.PC.CD,Current health expenditure per capita (current US$),8S,South Asia
SAS,2011,46.3723319841827,,,2,SH.XPD.CHEX.PC.CD,Current health expenditure per capita (current US$),8S,South Asia
SAS,2010,42.9875789328061,,,2,SH.XPD.CHEX.PC.CD,Current health expenditure per capita (current US$),8S,South Asia
SAS,2009,36.6066043494591,,,2,SH.XPD.CHEX.PC.CD,Current health expenditure per capita (current US$),8S,South Asia
SAS,2008,35.8991784899837,,,2,SH.XPD.CHEX.PC.CD,Current health expenditure per capita (current US$),8S,South Asia
SAS,2007,33.6163714653392,,,2,SH.XPD.CHEX.PC.CD,Current health expenditure per capita (current US$),8S,South Asia
SAS,2006,27.8197395950161,,,2,SH.XPD.CHEX.PC.CD,Current health expenditure per capita (current US$),8S,South Asia
SAS,2005,25.9963521416384,,,2,SH.XPD.CHEX.PC.CD,Current health expenditure per capita (current US$),8S,South Asia
SAS,2004,23.6062832132497,,,2,SH.XPD.CHEX.PC.CD,Current health expenditure per capita (current US$),8S,South Asia
SAS,2003,20.7401925548585,,,2,SH.XPD.CHEX.PC.CD,Current health expenditure per capita (current US$),8S,South Asia
SAS,2002,19.1463941065192,,,2,SH.XPD.CHEX.PC.CD,Current health expenditure per capita (current US$),8S,South Asia
SAS,2001,18.6610216987411,,,2,SH.XPD.CHEX.PC.CD,Current health expenditure per capita (current US$),8S,South Asia
SAS,2000,17.5952509504928,,,2,SH.XPD.CHEX.PC.CD,Current health expenditure per capita (current US$),8S,South Asia
TSA,2023,82.4869859574525,,,2,SH.XPD.CHEX.PC.CD,Current health expenditure per capita (current US$),T5,South Asia (IDA & IBRD)
TSA,2022,79.9919658936364,,,2,SH.XPD.CHEX.PC.CD,Current health expenditure per capita (current US$),T5,South Asia (IDA & IBRD)
TSA,2021,75.4653344021482,,,2,SH.XPD.CHEX.PC.CD,Current health expenditure per capita (current US$),T5,South Asia (IDA & IBRD)
TSA,2020,63.7995398712069,,,2,SH.XPD.CHEX.PC.CD,Current health expenditure per capita (current US$),T5,South Asia (IDA & IBRD)
TSA,2019,60.4097547940249,,,2,SH.XPD.CHEX.PC.CD,Current health expenditure per capita (current US$),T5,South Asia (IDA & IBRD)
TSA,2018,57.6271937496546,,,2,SH.XPD.CHEX.PC.CD,Current health expenditure per capita (current US$),T5,South Asia (IDA & IBRD)
TSA,2017,56.5030929296534,,,2,SH.XPD.CHEX.PC.CD,Current health expenditure per capita (current US$),T5,South Asia (IDA & IBRD)
TSA,2016,58.8470714953936,,,2,SH.XPD.CHEX.PC.CD,Current health expenditure per capita (current US$),T5,South Asia (IDA & IBRD)
TSA,2015,56.7417052203768,,,2,SH.XPD.CHEX.PC.CD,Current health expenditure per capita (current US$),T5,South Asia (IDA & IBRD)
TSA,2014,54.5770272304796,,,2,SH.XPD.CHEX.PC.CD,Current health expenditure per capita (current US$),T5,South Asia (IDA & IBRD)
TSA,2013,53.3691511888425,,,2,SH.XPD.CHEX.PC.CD,Current health expenditure per capita (current US$),T5,South Asia (IDA & IBRD)
TSA,2012,46.6152634556105,,,2,SH.XPD.CHEX.PC.CD,Current health expenditure per capita (current US$),T5,South Asia (IDA & IBRD)
TSA,2011,46.3723319841827,,,2,SH.XPD.CHEX.PC.CD,Current health expenditure per capita (current US$),T5,South Asia (IDA & IBRD)
TSA,2010,42.9875789328061,,,2,SH.XPD.CHEX.PC.CD,Current health expenditure per capita (current US$),T5,South Asia (IDA & IBRD)
TSA,2009,36.6066043494592,,,2,SH.XPD.CHEX.PC.CD,Current health expenditure per capita (current US$),T5,South Asia (IDA & IBRD)
TSA,2008,35.8991784899837,,,2,SH.XPD.CHEX.PC.CD,Current health expenditure per capita (current US$),T5,South Asia (IDA & IBRD)
TSA,2007,33.6163714653392,,,2,SH.XPD.CHEX.PC.CD,Current health expenditure per capita (current US$),T5,South Asia (IDA & IBRD)
TSA,2006,27.8197395950161,,,2,SH.XPD.CHEX.PC.CD,Current health expenditure per capita (current US$),T5,South Asia (IDA & IBRD)
TSA,2005,25.9963521416384,,,2,SH.XPD.CHEX.PC.CD,Current health expenditure per capita (current US$),T5,South Asia (IDA & IBRD)
TSA,2004,23.6062832132497,,,2,SH.XPD.CHEX.PC.CD,Current health expenditure per capita (current US$),T5,South Asia (IDA & IBRD)
TSA,2003,20.7401925548585,,,2,SH.XPD.CHEX.PC.CD,Current health expenditure per capita (current US$),T5,South Asia (IDA & IBRD)
TSA,2002,19.1463941065192,,,2,SH.XPD.CHEX.PC.CD,Current health expenditure per capita (current US$),T5,South Asia (IDA & IBRD)
TSA,2001,18.6610216987411,,,2,SH.XPD.CHEX.PC.CD,Current health expenditure per capita (current US$),T5,South Asia (IDA & IBRD)
TSA,2000,17.5952509504928,,,2,SH.XPD.CHEX.PC.CD,Current health expenditure per capita (current US$),T5,South Asia (IDA & IBRD)
SSF,2023,79.3654150583237,,,2,SH.XPD.CHEX.PC.CD,Current health expenditure per capita (current US$),ZG,Sub-Saharan Africa
SSF,2022,84.9402456642482,,,2,SH.XPD.CHEX.PC.CD,Current health expenditure per capita (current US$),ZG,Sub-Saharan Africa
SSF,2021,84.384351286224,,,2,SH.XPD.CHEX.PC.CD,Current health expenditure per capita (current US$),ZG,Sub-Saharan Africa
SSF,2020,74.6336640581291,,,2,SH.XPD.CHEX.PC.CD,Current health expenditure per capita (current US$),ZG,Sub-Saharan Africa
SSF,2019,75.7644771440423,,,2,SH.XPD.CHEX.PC.CD,Current health expenditure per capita (current US$),ZG,Sub-Saharan Africa
SSF,2018,76.2644789808074,,,2,SH.XPD.CHEX.PC.CD,Current health expenditure per capita (current US$),ZG,Sub-Saharan Africa
SSF,2017,77.094841045757,,,2,SH.XPD.CHEX.PC.CD,Current health expenditure per capita (current US$),ZG,Sub-Saharan Africa
SSF,2016,75.8169337540862,,,2,SH.XPD.CHEX.PC.CD,Current health expenditure per capita (current US$),ZG,Sub-Saharan Africa
SSF,2015,82.5345596656596,,,2,SH.XPD.CHEX.PC.CD,Current health expenditure per capita (current US$),ZG,Sub-Saharan Africa
SSF,2014,90.3702168395063,,,2,SH.XPD.CHEX.PC.CD,Current health expenditure per capita (current US$),ZG,Sub-Saharan Africa
SSF,2013,92.8421638066783,,,2,SH.XPD.CHEX.PC.CD,Current health expenditure per capita (current US$),ZG,Sub-Saharan Africa
SSF,2012,92.0302408004662,,,2,SH.XPD.CHEX.PC.CD,Current health expenditure per capita (current US$),ZG,Sub-Saharan Africa
SSF,2011,92.8304925094644,,,2,SH.XPD.CHEX.PC.CD,Current health expenditure per capita (current US$),ZG,Sub-Saharan Africa
SSF,2010,85.6851226173168,,,2,SH.XPD.CHEX.PC.CD,Current health expenditure per capita (current US$),ZG,Sub-Saharan Africa
SSF,2009,75.5779658469389,,,2,SH.XPD.CHEX.PC.CD,Current health expenditure per capita (current US$),ZG,Sub-Saharan Africa
SSF,2008,75.5930351020549,,,2,SH.XPD.CHEX.PC.CD,Current health expenditure per capita (current US$),ZG,Sub-Saharan Africa
SSF,2007,70.9227391878954,,,2,SH.XPD.CHEX.PC.CD,Current health expenditure per capita (current US$),ZG,Sub-Saharan Africa
SSF,2006,63.974140168855,,,2,SH.XPD.CHEX.PC.CD,Current health expenditure per capita (current US$),ZG,Sub-Saharan Africa
SSF,2005,57.3746369552643,,,2,SH.XPD.CHEX.PC.CD,Current health expenditure per capita (current US$),ZG,Sub-Saharan Africa
SSF,2004,51.0211037402445,,,2,SH.XPD.CHEX.PC.CD,Current health expenditure per capita (current US$),ZG,Sub-Saharan Africa
SSF,2003,42.4429177498249,,,2,SH.XPD.CHEX.PC.CD,Current health expenditure per capita (current US$),ZG,Sub-Saharan Africa
SSF,2002,28.5862074788386,,,2,SH.XPD.CHEX.PC.CD,Current health expenditure per capita (current US$),ZG,Sub-Saharan Africa
SSF,2001,29.8046351322342,,,2,SH.XPD.CHEX.PC.CD,Current health expenditure per capita (current US$),ZG,Sub-Saharan Africa
SSF,2000,32.4308099069193,,,2,SH.XPD.CHEX.PC.CD,Current health expenditure per capita (current US$),ZG,Sub-Saharan Africa
SSA,2023,79.3000496608214,,,2,SH.XPD.CHEX.PC.CD,Current health expenditure per capita (current US$),ZF,Sub-Saharan Africa (excluding high income)
SSA,2022,84.8794895814932,,,2,SH.XPD.CHEX.PC.CD,Current health expenditure per capita (current US$),ZF,Sub-Saharan Africa (excluding high income)
SSA,2021,84.3391558512111,,,2,SH.XPD.CHEX.PC.CD,Current health expenditure per capita (current US$),ZF,Sub-Saharan Africa (excluding high income)
SSA,2020,74.5834016395752,,,2,SH.XPD.CHEX.PC.CD,Current health expenditure per capita (current US$),ZF,Sub-Saharan Africa (excluding high income)
SSA,2019,75.7130467464987,,,2,SH.XPD.CHEX.PC.CD,Current health expenditure per capita (current US$),ZF,Sub-Saharan Africa (excluding high income)
SSA,2018,76.2113611724364,,,2,SH.XPD.CHEX.PC.CD,Current health expenditure per capita (current US$),ZF,Sub-Saharan Africa (excluding high income)
SSA,2017,77.0424878221974,,,2,SH.XPD.CHEX.PC.CD,Current health expenditure per capita (current US$),ZF,Sub-Saharan Africa (excluding high income)
SSA,2016,75.7626158514115,,,2,SH.XPD.CHEX.PC.CD,Current health expenditure per capita (current US$),ZF,Sub-Saharan Africa (excluding high income)
SSA,2015,82.489905443893,,,2,SH.XPD.CHEX.PC.CD,Current health expenditure per capita (current US$),ZF,Sub-Saharan Africa (excluding high income)
SSA,2014,90.3240961089984,,,2,SH.XPD.CHEX.PC.CD,Current health expenditure per capita (current US$),ZF,Sub-Saharan Africa (excluding high income)
SSA,2013,92.7997521990177,,,2,SH.XPD.CHEX.PC.CD,Current health expenditure per capita (current US$),ZF,Sub-Saharan Africa (excluding high income)
SSA,2012,91.9850962765647,,,2,SH.XPD.CHEX.PC.CD,Current health expenditure per capita (current US$),ZF,Sub-Saharan Africa (excluding high income)
SSA,2011,92.794952404546,,,2,SH.XPD.CHEX.PC.CD,Current health expenditure per capita (current US$),ZF,Sub-Saharan Africa (excluding high income)
SSA,2010,85.6476733622525,,,2,SH.XPD.CHEX.PC.CD,Current health expenditure per capita (current US$),ZF,Sub-Saharan Africa (excluding high income)
SSA,2009,75.5533711609083,,,2,SH.XPD.CHEX.PC.CD,Current health expenditure per capita (current US$),ZF,Sub-Saharan Africa (excluding high income)
SSA,2008,75.561816439401,,,2,SH.XPD.CHEX.PC.CD,Current health expenditure per capita (current US$),ZF,Sub-Saharan Africa (excluding high income)
SSA,2007,70.884263647712,,,2,SH.XPD.CHEX.PC.CD,Current health expenditure per capita (current US$),ZF,Sub-Saharan Africa (excluding high income)
SSA,2006,63.927591475461,,,2,SH.XPD.CHEX.PC.CD,Current health expenditure per capita (current US$),ZF,Sub-Saharan Africa (excluding high income)
SSA,2005,57.3303096239246,,,2,SH.XPD.CHEX.PC.CD,Current health expenditure per capita (current US$),ZF,Sub-Saharan Africa (excluding high income)
SSA,2004,50.9765719971032,,,2,SH.XPD.CHEX.PC.CD,Current health expenditure per capita (current US$),ZF,Sub-Saharan Africa (excluding high income)
SSA,2003,42.401847447924,,,2,SH.XPD.CHEX.PC.CD,Current health expenditure per capita (current US$),ZF,Sub-Saharan Africa (excluding high income)
SSA,2002,28.5483190788951,,,2,SH.XPD.CHEX.PC.CD,Current health expenditure per capita (current US$),ZF,Sub-Saharan Africa (excluding high income)
SSA,2001,29.7678000611969,,,2,SH.XPD.CHEX.PC.CD,Current health expenditure per capita (current US$),ZF,Sub-Saharan Africa (excluding high income)
SSA,2000,32.3926210615205,,,2,SH.XPD.CHEX.PC.CD,Current health expenditure per capita (current US$),ZF,Sub-Saharan Africa (excluding high income)
TSS,2023,79.3654150583237,,,2,SH.XPD.CHEX.PC.CD,Current health expenditure per capita (current US$),T6,Sub-Saharan Africa (IDA & IBRD countries)
TSS,2022,84.9402456642481,,,2,SH.XPD.CHEX.PC.CD,Current health expenditure per capita (current US$),T6,Sub-Saharan Africa (IDA & IBRD countries)
TSS,2021,84.384351286224,,,2,SH.XPD.CHEX.PC.CD,Current health expenditure per capita (current US$),T6,Sub-Saharan Africa (IDA & IBRD countries)
TSS,2020,74.6336640581291,,,2,SH.XPD.CHEX.PC.CD,Current health expenditure per capita (current US$),T6,Sub-Saharan Africa (IDA & IBRD countries)
TSS,2019,75.7644771440424,,,2,SH.XPD.CHEX.PC.CD,Current health expenditure per capita (current US$),T6,Sub-Saharan Africa (IDA & IBRD countries)
TSS,2018,76.2644789808074,,,2,SH.XPD.CHEX.PC.CD,Current health expenditure per capita (current US$),T6,Sub-Saharan Africa (IDA & IBRD countries)
TSS,2017,77.094841045757,,,2,SH.XPD.CHEX.PC.CD,Current health expenditure per capita (current US$),T6,Sub-Saharan Africa (IDA & IBRD countries)
TSS,2016,75.8169337540862,,,2,SH.XPD.CHEX.PC.CD,Current health expenditure per capita (current US$),T6,Sub-Saharan Africa (IDA & IBRD countries)
TSS,2015,82.5345596656596,,,2,SH.XPD.CHEX.PC.CD,Current health expenditure per capita (current US$),T6,Sub-Saharan Africa (IDA & IBRD countries)
TSS,2014,90.3702168395063,,,2,SH.XPD.CHEX.PC.CD,Current health expenditure per capita (current US$),T6,Sub-Saharan Africa (IDA & IBRD countries)
TSS,2013,92.8421638066783,,,2,SH.XPD.CHEX.PC.CD,Current health expenditure per capita (current US$),T6,Sub-Saharan Africa (IDA & IBRD countries)
TSS,2012,92.0302408004662,,,2,SH.XPD.CHEX.PC.CD,Current health expenditure per capita (current US$),T6,Sub-Saharan Africa (IDA & IBRD countries)
TSS,2011,92.8304925094644,,,2,SH.XPD.CHEX.PC.CD,Current health expenditure per capita (current US$),T6,Sub-Saharan Africa (IDA & IBRD countries)
TSS,2010,85.6851226173169,,,2,SH.XPD.CHEX.PC.CD,Current health expenditure per capita (current US$),T6,Sub-Saharan Africa (IDA & IBRD countries)
TSS,2009,75.5779658469388,,,2,SH.XPD.CHEX.PC.CD,Current health expenditure per capita (current US$),T6,Sub-Saharan Africa (IDA & IBRD countries)
TSS,2008,75.5930351020549,,,2,SH.XPD.CHEX.PC.CD,Current health expenditure per capita (current US$),T6,Sub-Saharan Africa (IDA & IBRD countries)
TSS,2007,70.9227391878954,,,2,SH.XPD.CHEX.PC.CD,Current health expenditure per capita (current US$),T6,Sub-Saharan Africa (IDA & IBRD countries)
TSS,2006,63.974140168855,,,2,SH.XPD.CHEX.PC.CD,Current health expenditure per capita (current US$),T6,Sub-Saharan Africa (IDA & IBRD countries)
TSS,2005,57.3746369552643,,,2,SH.XPD.CHEX.PC.CD,Current health expenditure per capita (current US$),T6,Sub-Saharan Africa (IDA & IBRD countries)
TSS,2004,51.0211037402445,,,2,SH.XPD.CHEX.PC.CD,Current health expenditure per capita (current US$),T6,Sub-Saharan Africa (IDA & IBRD countries)
TSS,2003,42.4429177498249,,,2,SH.XPD.CHEX.PC.CD,Current health expenditure per capita (current US$),T6,Sub-Saharan Africa (IDA & IBRD countries)
TSS,2002,28.5862074788386,,,2,SH.XPD.CHEX.PC.CD,Current health expenditure per capita (current US$),T6,Sub-Saharan Africa (IDA & IBRD countries)
TSS,2001,29.8046351322342,,,2,SH.XPD.CHEX.PC.CD,Current health expenditure per capita (current US$),T6,Sub-Saharan Africa (IDA & IBRD countries)
TSS,2000,32.4308099069193,,,2,SH.XPD.CHEX.PC.CD,Current health expenditure per capita (current US$),T6,Sub-Saharan Africa (IDA & IBRD countries)
,2023,610.379204364837,,,2,SH.XPD.CHEX.PC.CD,Current health expenditure per capita (current US$),XT,Upper middle income
,2022,583.24846400338,,,2,SH.XPD.CHEX.PC.CD,Current health expenditure per capita (current US$),XT,Upper middle income
,2021,532.828434281708,,,2,SH.XPD.CHEX.PC.CD,Current health expenditure per capita (current US$),XT,Upper middle income
,2020,464.733731702839,,,2,SH.XPD.CHEX.PC.CD,Current health expenditure per capita (current US$),XT,Upper middle income
,2019,458.859585802992,,,2,SH.XPD.CHEX.PC.CD,Current health expenditure per capita (current US$),XT,Upper middle income
,2018,443.758429496345,,,2,SH.XPD.CHEX.PC.CD,Current health expenditure per capita (current US$),XT,Upper middle income
,2017,424.997040412608,,,2,SH.XPD.CHEX.PC.CD,Current health expenditure per capita (current US$),XT,Upper middle income
,2016,386.088448013374,,,2,SH.XPD.CHEX.PC.CD,Current health expenditure per capita (current US$),XT,Upper middle income
,2015,388.543990145725,,,2,SH.XPD.CHEX.PC.CD,Current health expenditure per capita (current US$),XT,Upper middle income
,2014,396.977769740294,,,2,SH.XPD.CHEX.PC.CD,Current health expenditure per capita (current US$),XT,Upper middle income
,2013,382.868625127928,,,2,SH.XPD.CHEX.PC.CD,Current health expenditure per capita (current US$),XT,Upper middle income
,2012,357.375412105536,,,2,SH.XPD.CHEX.PC.CD,Current health expenditure per capita (current US$),XT,Upper middle income
,2011,333.721637648579,,,2,SH.XPD.CHEX.PC.CD,Current health expenditure per capita (current US$),XT,Upper middle income
,2010,283.63425453225,,,2,SH.XPD.CHEX.PC.CD,Current health expenditure per capita (current US$),XT,Upper middle income
,2009,242.770805000098,,,2,SH.XPD.CHEX.PC.CD,Current health expenditure per capita (current US$),XT,Upper middle income
,2008,228.68406642485,,,2,SH.XPD.CHEX.PC.CD,Current health expenditure per capita (current US$),XT,Upper middle income
,2007,190.277731031518,,,2,SH.XPD.CHEX.PC.CD,Current health expenditure per capita (current US$),XT,Upper middle income
,2006,158.663651451135,,,2,SH.XPD.CHEX.PC.CD,Current health expenditure per capita (current US$),XT,Upper middle income
,2005,137.569695710133,,,2,SH.XPD.CHEX.PC.CD,Current health expenditure per capita (current US$),XT,Upper middle income
,2004,115.909017260022,,,2,SH.XPD.CHEX.PC.CD,Current health expenditure per capita (current US$),XT,Upper middle income
,2003,100.084536181253,,,2,SH.XPD.CHEX.PC.CD,Current health expenditure per capita (current US$),XT,Upper middle income
,2002,89.414432234512,,,2,SH.XPD.CHEX.PC.CD,Current health expenditure per capita (current US$),XT,Upper middle income
,2001,91.9597887677849,,,2,SH.XPD.CHEX.PC.CD,Current health expenditure per capita (current US$),XT,Upper middle income
,2000,93.2478184001494,,,2,SH.XPD.CHEX.PC.CD,Current health expenditure per capita (current US$),XT,Upper middle income
WLD,2023,1317.2564716259,,,2,SH.XPD.CHEX.PC.CD,Current health expenditure per capita (current US$),1W,World
WLD,2022,1266.20700430915,,,2,SH.XPD.CHEX.PC.CD,Current health expenditure per capita (current US$),1W,World
WLD,2021,1257.61590669893,,,2,SH.XPD.CHEX.PC.CD,Current health expenditure per capita (current US$),1W,World
WLD,2020,1159.69675152588,,,2,SH.XPD.CHEX.PC.CD,Current health expenditure per capita (current US$),1W,World
WLD,2019,1084.6050485617,,,2,SH.XPD.CHEX.PC.CD,Current health expenditure per capita (current US$),1W,World
WLD,2018,1067.41927020965,,,2,SH.XPD.CHEX.PC.CD,Current health expenditure per capita (current US$),1W,World
WLD,2017,1028.42157826006,,,2,SH.XPD.CHEX.PC.CD,Current health expenditure per capita (current US$),1W,World
WLD,2016,991.779310632074,,,2,SH.XPD.CHEX.PC.CD,Current health expenditure per capita (current US$),1W,World
WLD,2015,974.714283707483,,,2,SH.XPD.CHEX.PC.CD,Current health expenditure per capita (current US$),1W,World
WLD,2014,1016.28242446794,,,2,SH.XPD.CHEX.PC.CD,Current health expenditure per capita (current US$),1W,World
WLD,2013,992.544064432825,,,2,SH.XPD.CHEX.PC.CD,Current health expenditure per capita (current US$),1W,World
WLD,2012,982.124707347714,,,2,SH.XPD.CHEX.PC.CD,Current health expenditure per capita (current US$),1W,World
WLD,2011,973.884436496644,,,2,SH.XPD.CHEX.PC.CD,Current health expenditure per capita (current US$),1W,World
WLD,2010,899.870938625946,,,2,SH.XPD.CHEX.PC.CD,Current health expenditure per capita (current US$),1W,World
WLD,2009,863.261218165917,,,2,SH.XPD.CHEX.PC.CD,Current health expenditure per capita (current US$),1W,World
WLD,2008,853.654200676634,,,2,SH.XPD.CHEX.PC.CD,Current health expenditure per capita (current US$),1W,World
WLD,2007,788.525890688642,,,2,SH.XPD.CHEX.PC.CD,Current health expenditure per capita (current US$),1W,World
WLD,2006,720.36392283676,,,2,SH.XPD.CHEX.PC.CD,Current health expenditure per capita (current US$),1W,World
WLD,2005,679.51552648078,,,2,SH.XPD.CHEX.PC.CD,Current health expenditure per capita (current US$),1W,World
WLD,2004,640.48919365945,,,2,SH.XPD.CHEX.PC.CD,Current health expenditure per capita (current US$),1W,World
WLD,2003,582.872849613217,,,2,SH.XPD.CHEX.PC.CD,Current health expenditure per capita (current US$),1W,World
WLD,2002,518.875511335795,,,2,SH.XPD.CHEX.PC.CD,Current health expenditure per capita (current US$),1W,World
WLD,2001,487.964671408194,,,2,SH.XPD.CHEX.PC.CD,Current health expenditure per capita (current US$),1W,World
WLD,2000,475.64703113457,,,2,SH.XPD.CHEX.PC.CD,Current health expenditure per capita (current US$),1W,World
AFG,2023,59.06770706,,,2,SH.XPD.CHEX.PC.CD,Current health expenditure per capita (current US$),AF,Afghanistan
AFG,2022,80.6516037,,,2,SH.XPD.CHEX.PC.CD,Current health expenditure per capita (current US$),AF,Afghanistan
AFG,2021,81.52112579,,,2,SH.XPD.CHEX.PC.CD,Current health expenditure per capita (current US$),AF,Afghanistan
AFG,2020,80.0892334,,,2,SH.XPD.CHEX.PC.CD,Current health expenditure per capita (current US$),AF,Afghanistan
AFG,2019,74.0642395,,,2,SH.XPD.CHEX.PC.CD,Current health expenditure per capita (current US$),AF,Afghanistan
AFG,2018,71.22509003,,,2,SH.XPD.CHEX.PC.CD,Current health expenditure per capita (current US$),AF,Afghanistan
AFG,2017,66.82388306,,,2,SH.XPD.CHEX.PC.CD,Current health expenditure per capita (current US$),AF,Afghanistan
AFG,2016,61.37234497,,,2,SH.XPD.CHEX.PC.CD,Current health expenditure per capita (current US$),AF,Afghanistan
AFG,2015,59.91960526,,,2,SH.XPD.CHEX.PC.CD,Current health expenditure per capita (current US$),AF,Afghanistan
AFG,2014,60.04951096,,,2,SH.XPD.CHEX.PC.CD,Current health expenditure per capita (current US$),AF,Afghanistan
AFG,2013,56.16043472,,,2,SH.XPD.CHEX.PC.CD,Current health expenditure per capita (current US$),AF,Afghanistan
AFG,2012,52.45247269,,,2,SH.XPD.CHEX.PC.CD,Current health expenditure per capita (current US$),AF,Afghanistan
AFG,2011,52.18721771,,,2,SH.XPD.CHEX.PC.CD,Current health expenditure per capita (current US$),AF,Afghanistan
AFG,2010,46.42438889,,,2,SH.XPD.CHEX.PC.CD,Current health expenditure per capita (current US$),AF,Afghanistan
AFG,2009,43.13351822,,,2,SH.XPD.CHEX.PC.CD,Current health expenditure per capita (current US$),AF,Afghanistan
AFG,2008,39.88624954,,,2,SH.XPD.CHEX.PC.CD,Current health expenditure per capita (current US$),AF,Afghanistan
AFG,2007,32.70893097,,,2,SH.XPD.CHEX.PC.CD,Current health expenditure per capita (current US$),AF,Afghanistan
AFG,2006,28.9412632,,,2,SH.XPD.CHEX.PC.CD,Current health expenditure per capita (current US$),AF,Afghanistan
AFG,2005,25.11388779,,,2,SH.XPD.CHEX.PC.CD,Current health expenditure per capita (current US$),AF,Afghanistan
AFG,2004,21.42300415,,,2,SH.XPD.CHEX.PC.CD,Current health expenditure per capita (current US$),AF,Afghanistan
AFG,2003,17.74602509,,,2,SH.XPD.CHEX.PC.CD,Current health expenditure per capita (current US$),AF,Afghanistan
AFG,2002,16.70697403,,,2,SH.XPD.CHEX.PC.CD,Current health expenditure per capita (current US$),AF,Afghanistan
AFG,2001,,,,2,SH.XPD.CHEX.PC.CD,Current health expenditure per capita (current US$),AF,Afghanistan
AFG,2000,,,,2,SH.XPD.CHEX.PC.CD,Current health expenditure per capita (current US$),AF,Afghanistan
ALB,2023,590.62799072,,,2,SH.XPD.CHEX.PC.CD,Current health expenditure per capita (current US$),AL,Albania
ALB,2022,506.86920166,,,2,SH.XPD.CHEX.PC.CD,Current health expenditure per capita (current US$),AL,Albania
ALB,2021,465.57043457,,,2,SH.XPD.CHEX.PC.CD,Current health expenditure per capita (current US$),AL,Albania
ALB,2020,396.17477417,,,2,SH.XPD.CHEX.PC.CD,Current health expenditure per capita (current US$),AL,Albania
ALB,2019,366.34014893,,,2,SH.XPD.CHEX.PC.CD,Current health expenditure per capita (current US$),AL,Albania
ALB,2018,349.21127319,,,2,SH.XPD.CHEX.PC.CD,Current health expenditure per capita (current US$),AL,Albania
ALB,2017,295.52346802,,,2,SH.XPD.CHEX.PC.CD,Current health expenditure per capita (current US$),AL,Albania
ALB,2016,275.43676758,,,2,SH.XPD.CHEX.PC.CD,Current health expenditure per capita (current US$),AL,Albania
ALB,2015,253.93347168,,,2,SH.XPD.CHEX.PC.CD,Current health expenditure per capita (current US$),AL,Albania
ALB,2014,293.1267395,,,2,SH.XPD.CHEX.PC.CD,Current health expenditure per capita (current US$),AL,Albania
ALB,2013,276.0765686,,,2,SH.XPD.CHEX.PC.CD,Current health expenditure per capita (current US$),AL,Albania
ALB,2012,260.68319702,,,2,SH.XPD.CHEX.PC.CD,Current health expenditure per capita (current US$),AL,Albania
ALB,2011,273.75292969,,,2,SH.XPD.CHEX.PC.CD,Current health expenditure per capita (current US$),AL,Albania
ALB,2010,253.98246765,,,2,SH.XPD.CHEX.PC.CD,Current health expenditure per capita (current US$),AL,Albania
ALB,2009,236.94244385,,,2,SH.XPD.CHEX.PC.CD,Current health expenditure per capita (current US$),AL,Albania
ALB,2008,237.10340881,,,2,SH.XPD.CHEX.PC.CD,Current health expenditure per capita (current US$),AL,Albania
ALB,2007,209.31910706,,,2,SH.XPD.CHEX.PC.CD,Current health expenditure per capita (current US$),AL,Albania
ALB,2006,164.22090149,,,2,SH.XPD.CHEX.PC.CD,Current health expenditure per capita (current US$),AL,Albania
ALB,2005,149.97515869,,,2,SH.XPD.CHEX.PC.CD,Current health expenditure per capita (current US$),AL,Albania
ALB,2004,136.50724792,,,2,SH.XPD.CHEX.PC.CD,Current health expenditure per capita (current US$),AL,Albania
ALB,2003,105.43667603,,,2,SH.XPD.CHEX.PC.CD,Current health expenditure per capita (current US$),AL,Albania
ALB,2002,78.72909546,,,2,SH.XPD.CHEX.PC.CD,Current health expenditure per capita (current US$),AL,Albania
ALB,2001,73.92171478,,,2,SH.XPD.CHEX.PC.CD,Current health expenditure per capita (current US$),AL,Albania
ALB,2000,65.47674561,,,2,SH.XPD.CHEX.PC.CD,Current health expenditure per capita (current US$),AL,Albania
DZA,2023,233.37947083,,,2,SH.XPD.CHEX.PC.CD,Current health expenditure per capita (current US$),DZ,Algeria
DZA,2022,180.33454895,,,2,SH.XPD.CHEX.PC.CD,Current health expenditure per capita (current US$),DZ,Algeria
DZA,2021,208.93911743,,,2,SH.XPD.CHEX.PC.CD,Current health expenditure per capita (current US$),DZ,Algeria
DZA,2020,211.07240295,,,2,SH.XPD.CHEX.PC.CD,Current health expenditure per capita (current US$),DZ,Algeria
DZA,2019,242.07049561,,,2,SH.XPD.CHEX.PC.CD,Current health expenditure per capita (current US$),DZ,Algeria
DZA,2018,271.53808594,,,2,SH.XPD.CHEX.PC.CD,Current health expenditure per capita (current US$),DZ,Algeria
DZA,2017,270.93231201,,,2,SH.XPD.CHEX.PC.CD,Current health expenditure per capita (current US$),DZ,Algeria
DZA,2016,265.53491211,,,2,SH.XPD.CHEX.PC.CD,Current health expenditure per capita (current US$),DZ,Algeria
DZA,2015,296.76834106,,,2,SH.XPD.CHEX.PC.CD,Current health expenditure per capita (current US$),DZ,Algeria
DZA,2014,366.58615112,,,2,SH.XPD.CHEX.PC.CD,Current health expenditure per capita (current US$),DZ,Algeria
DZA,2013,337.57348633,,,2,SH.XPD.CHEX.PC.CD,Current health expenditure per capita (current US$),DZ,Algeria
DZA,2012,340.09176636,,,2,SH.XPD.CHEX.PC.CD,Current health expenditure per capita (current US$),DZ,Algeria
DZA,2011,285.5020752,,,2,SH.XPD.CHEX.PC.CD,Current health expenditure per capita (current US$),DZ,Algeria
DZA,2010,227.95396423,,,2,SH.XPD.CHEX.PC.CD,Current health expenditure per capita (current US$),DZ,Algeria
DZA,2009,207.20181274,,,2,SH.XPD.CHEX.PC.CD,Current health expenditure per capita (current US$),DZ,Algeria
DZA,2008,206.37207031,,,2,SH.XPD.CHEX.PC.CD,Current health expenditure per capita (current US$),DZ,Algeria
DZA,2007,150.86651611,,,2,SH.XPD.CHEX.PC.CD,Current health expenditure per capita (current US$),DZ,Algeria
DZA,2006,116.7750473,,,2,SH.XPD.CHEX.PC.CD,Current health expenditure per capita (current US$),DZ,Algeria
DZA,2005,100.83694458,,,2,SH.XPD.CHEX.PC.CD,Current health expenditure per capita (current US$),DZ,Algeria
DZA,2004,92.6876297,,,2,SH.XPD.CHEX.PC.CD,Current health expenditure per capita (current US$),DZ,Algeria
DZA,2003,75.9513092,,,2,SH.XPD.CHEX.PC.CD,Current health expenditure per capita (current US$),DZ,Algeria
DZA,2002,66.681633,,,2,SH.XPD.CHEX.PC.CD,Current health expenditure per capita (current US$),DZ,Algeria
DZA,2001,67.05859375,,,2,SH.XPD.CHEX.PC.CD,Current health expenditure per capita (current US$),DZ,Algeria
DZA,2000,61.85785294,,,2,SH.XPD.CHEX.PC.CD,Current health expenditure per capita (current US$),DZ,Algeria
ASM,2023,,,,2,SH.XPD.CHEX.PC.CD,Current health expenditure per capita (current US$),AS,American Samoa
ASM,2022,,,,2,SH.XPD.CHEX.PC.CD,Current health expenditure per capita (current US$),AS,American Samoa
ASM,2021,,,,2,SH.XPD.CHEX.PC.CD,Current health expenditure per capita (current US$),AS,American Samoa
ASM,2020,,,,2,SH.XPD.CHEX.PC.CD,Current health expenditure per capita (current US$),AS,American Samoa
ASM,2019,,,,2,SH.XPD.CHEX.PC.CD,Current health expenditure per capita (current US$),AS,American Samoa
ASM,2018,,,,2,SH.XPD.CHEX.PC.CD,Current health expenditure per capita (current US$),AS,American Samoa
ASM,2017,,,,2,SH.XPD.CHEX.PC.CD,Current health expenditure per capita (current US$),AS,American Samoa
ASM,2016,,,,2,SH.XPD.CHEX.PC.CD,Current health expenditure per capita (current US$),AS,American Samoa
ASM,2015,,,,2,SH.XPD.CHEX.PC.CD,Current health expenditure per capita (current US$),AS,American Samoa
ASM,2014,,,,2,SH.XPD.CHEX.PC.CD,Current health expenditure per capita (current US$),AS,American Samoa
ASM,2013,,,,2,SH.XPD.CHEX.PC.CD,Current health expenditure per capita (current US$),AS,American Samoa
ASM,2012,,,,2,SH.XPD.CHEX.PC.CD,Current health expenditure per capita (current US$),AS,American Samoa
ASM,2011,,,,2,SH.XPD.CHEX.PC.CD,Current health expenditure per capita (current US$),AS,American Samoa
ASM,2010,,,,2,SH.XPD.CHEX.PC.CD,Current health expenditure per capita (current US$),AS,American Samoa
ASM,2009,,,,2,SH.XPD.CHEX.PC.CD,Current health expenditure per capita (current US$),AS,American Samoa
ASM,2008,,,,2,SH.XPD.CHEX.PC.CD,Current health expenditure per capita (current US$),AS,American Samoa
ASM,2007,,,,2,SH.XPD.CHEX.PC.CD,Current health expenditure per capita (current US$),AS,American Samoa
ASM,2006,,,,2,SH.XPD.CHEX.PC.CD,Current health expenditure per capita (current US$),AS,American Samoa
ASM,2005,,,,2,SH.XPD.CHEX.PC.CD,Current health expenditure per capita (current US$),AS,American Samoa
ASM,2004,,,,2,SH.XPD.CHEX.PC.CD,Current health expenditure per capita (current US$),AS,American Samoa
ASM,2003,,,,2,SH.XPD.CHEX.PC.CD,Current health expenditure per capita (current US$),AS,American Samoa
ASM,2002,,,,2,SH.XPD.CHEX.PC.CD,Current health expenditure per capita (current US$),AS,American Samoa
ASM,2001,,,,2,SH.XPD.CHEX.PC.CD,Current health expenditure per capita (current US$),AS,American Samoa
ASM,2000,,,,2,SH.XPD.CHEX.PC.CD,Current health expenditure per capita (current US$),AS,American Samoa
AND,2023,3605.19799805,,,2,SH.XPD.CHEX.PC.CD,Current health expenditure per capita (current US$),AD,Andorra
AND,2022,3190.11328125,,,2,SH.XPD.CHEX.PC.CD,Current health expenditure per capita (current US$),AD,Andorra
AND,2021,3668.44750977,,,2,SH.XPD.CHEX.PC.CD,Current health expenditure per capita (current US$),AD,Andorra
AND,2020,3282.02587891,,,2,SH.XPD.CHEX.PC.CD,Current health expenditure per capita (current US$),AD,Andorra
AND,2019,3021.078125,,,2,SH.XPD.CHEX.PC.CD,Current health expenditure per capita (current US$),AD,Andorra
AND,2018,3159.16162109,,,2,SH.XPD.CHEX.PC.CD,Current health expenditure per capita (current US$),AD,Andorra
AND,2017,2876.24194336,,,2,SH.XPD.CHEX.PC.CD,Current health expenditure per capita (current US$),AD,Andorra
AND,2016,2785.64599609,,,2,SH.XPD.CHEX.PC.CD,Current health expenditure per capita (current US$),AD,Andorra
AND,2015,2672.49731445,,,2,SH.XPD.CHEX.PC.CD,Current health expenditure per capita (current US$),AD,Andorra
AND,2014,3005.21557617,,,2,SH.XPD.CHEX.PC.CD,Current health expenditure per capita (current US$),AD,Andorra
AND,2013,2886.97241211,,,2,SH.XPD.CHEX.PC.CD,Current health expenditure per capita (current US$),AD,Andorra
AND,2012,2788.69238281,,,2,SH.XPD.CHEX.PC.CD,Current health expenditure per capita (current US$),AD,Andorra
AND,2011,3555.52319336,,,2,SH.XPD.CHEX.PC.CD,Current health expenditure per capita (current US$),AD,Andorra
AND,2010,3286.52954102,,,2,SH.XPD.CHEX.PC.CD,Current health expenditure per capita (current US$),AD,Andorra
AND,2009,2679.67358398,,,2,SH.XPD.CHEX.PC.CD,Current health expenditure per capita (current US$),AD,Andorra
AND,2008,2790.11254883,,,2,SH.XPD.CHEX.PC.CD,Current health expenditure per capita (current US$),AD,Andorra
AND,2007,2388.17407227,,,2,SH.XPD.CHEX.PC.CD,Current health expenditure per capita (current US$),AD,Andorra
AND,2006,2151.95092773,,,2,SH.XPD.CHEX.PC.CD,Current health expenditure per capita (current US$),AD,Andorra
AND,2005,2279.53051758,,,2,SH.XPD.CHEX.PC.CD,Current health expenditure per capita (current US$),AD,Andorra
AND,2004,2060.26928711,,,2,SH.XPD.CHEX.PC.CD,Current health expenditure per capita (current US$),AD,Andorra
AND,2003,1888.13574219,,,2,SH.XPD.CHEX.PC.CD,Current health expenditure per capita (current US$),AD,Andorra
AND,2002,1590.68554688,,,2,SH.XPD.CHEX.PC.CD,Current health expenditure per capita (current US$),AD,Andorra
AND,2001,1378.70837402,,,2,SH.XPD.CHEX.PC.CD,Current health expenditure per capita (current US$),AD,Andorra
AND,2000,1294.09118652,,,2,SH.XPD.CHEX.PC.CD,Current health expenditure per capita (current US$),AD,Andorra
AGO,2023,76.07118225,,,2,SH.XPD.CHEX.PC.CD,Current health expenditure per capita (current US$),AO,Angola
AGO,2022,103.94506073,,,2,SH.XPD.CHEX.PC.CD,Current health expenditure per capita (current US$),AO,Angola
AGO,2021,66.94487,,,2,SH.XPD.CHEX.PC.CD,Current health expenditure per capita (current US$),AO,Angola
AGO,2020,56.01641846,,,2,SH.XPD.CHEX.PC.CD,Current health expenditure per capita (current US$),AO,Angola
AGO,2019,64.4466095,,,2,SH.XPD.CHEX.PC.CD,Current health expenditure per capita (current US$),AO,Angola
AGO,2018,83.87555695,,,2,SH.XPD.CHEX.PC.CD,Current health expenditure per capita (current US$),AO,Angola
AGO,2017,112.75364685,,,2,SH.XPD.CHEX.PC.CD,Current health expenditure per capita (current US$),AO,Angola
AGO,2016,94.01481628,,,2,SH.XPD.CHEX.PC.CD,Current health expenditure per capita (current US$),AO,Angola
AGO,2015,107.52857208,,,2,SH.XPD.CHEX.PC.CD,Current health expenditure per capita (current US$),AO,Angola
AGO,2014,130.5861969,,,2,SH.XPD.CHEX.PC.CD,Current health expenditure per capita (current US$),AO,Angola
AGO,2013,142.78450012,,,2,SH.XPD.CHEX.PC.CD,Current health expenditure per capita (current US$),AO,Angola
AGO,2012,121.84848022,,,2,SH.XPD.CHEX.PC.CD,Current health expenditure per capita (current US$),AO,Angola
AGO,2011,122.11888123,,,2,SH.XPD.CHEX.PC.CD,Current health expenditure per capita (current US$),AO,Angola
AGO,2010,96.95197296,,,2,SH.XPD.CHEX.PC.CD,Current health expenditure per capita (current US$),AO,Angola
AGO,2009,120.5289917,,,2,SH.XPD.CHEX.PC.CD,Current health expenditure per capita (current US$),AO,Angola
AGO,2008,136.34094238,,,2,SH.XPD.CHEX.PC.CD,Current health expenditure per capita (current US$),AO,Angola
AGO,2007,93.42698669,,,2,SH.XPD.CHEX.PC.CD,Current health expenditure per capita (current US$),AO,Angola
AGO,2006,70.28185272,,,2,SH.XPD.CHEX.PC.CD,Current health expenditure per capita (current US$),AO,Angola
AGO,2005,54.66142273,,,2,SH.XPD.CHEX.PC.CD,Current health expenditure per capita (current US$),AO,Angola
AGO,2004,50.23310852,,,2,SH.XPD.CHEX.PC.CD,Current health expenditure per capita (current US$),AO,Angola
AGO,2003,35.2206955,,,2,SH.XPD.CHEX.PC.CD,Current health expenditure per capita (current US$),AO,Angola
AGO,2002,29.37077141,,,2,SH.XPD.CHEX.PC.CD,Current health expenditure per capita (current US$),AO,Angola
AGO,2001,29.26095772,,,2,SH.XPD.CHEX.PC.CD,Current health expenditure per capita (current US$),AO,Angola
AGO,2000,13.15998554,,,2,SH.XPD.CHEX.PC.CD,Current health expenditure per capita (current US$),AO,Angola
ATG,2023,841.24884033,,,2,SH.XPD.CHEX.PC.CD,Current health expenditure per capita (current US$),AG,Antigua and Barbuda
ATG,2022,891.00323486,,,2,SH.XPD.CHEX.PC.CD,Current health expenditure per capita (current US$),AG,Antigua and Barbuda
ATG,2021,835.06512451,,,2,SH.XPD.CHEX.PC.CD,Current health expenditure per capita (current US$),AG,Antigua and Barbuda
ATG,2020,873.5246582,,,2,SH.XPD.CHEX.PC.CD,Current health expenditure per capita (current US$),AG,Antigua and Barbuda
ATG,2019,808.14996338,,,2,SH.XPD.CHEX.PC.CD,Current health expenditure per capita (current US$),AG,Antigua and Barbuda
ATG,2018,856.37127686,,,2,SH.XPD.CHEX.PC.CD,Current health expenditure per capita (current US$),AG,Antigua and Barbuda
ATG,2017,791.12322998,,,2,SH.XPD.CHEX.PC.CD,Current health expenditure per capita (current US$),AG,Antigua and Barbuda
ATG,2016,817.88891602,,,2,SH.XPD.CHEX.PC.CD,Current health expenditure per capita (current US$),AG,Antigua and Barbuda
ATG,2015,789.30975342,,,2,SH.XPD.CHEX.PC.CD,Current health expenditure per capita (current US$),AG,Antigua and Barbuda
ATG,2014,826.75598145,,,2,SH.XPD.CHEX.PC.CD,Current health expenditure per capita (current US$),AG,Antigua and Barbuda
ATG,2013,739.10491943,,,2,SH.XPD.CHEX.PC.CD,Current health expenditure per capita (current US$),AG,Antigua and Barbuda
ATG,2012,753.50183105,,,2,SH.XPD.CHEX.PC.CD,Current health expenditure per capita (current US$),AG,Antigua and Barbuda
ATG,2011,717.28186035,,,2,SH.XPD.CHEX.PC.CD,Current health expenditure per capita (current US$),AG,Antigua and Barbuda
ATG,2010,724.08880615,,,2,SH.XPD.CHEX.PC.CD,Current health expenditure per capita (current US$),AG,Antigua and Barbuda
ATG,2009,609.50390625,,,2,SH.XPD.CHEX.PC.CD,Current health expenditure per capita (current US$),AG,Antigua and Barbuda
ATG,2008,694.03344727,,,2,SH.XPD.CHEX.PC.CD,Current health expenditure per capita (current US$),AG,Antigua and Barbuda
ATG,2007,714.27496338,,,2,SH.XPD.CHEX.PC.CD,Current health expenditure per capita (current US$),AG,Antigua and Barbuda
ATG,2006,665.11560059,,,2,SH.XPD.CHEX.PC.CD,Current health expenditure per capita (current US$),AG,Antigua and Barbuda
ATG,2005,641.3157959,,,2,SH.XPD.CHEX.PC.CD,Current health expenditure per capita (current US$),AG,Antigua and Barbuda
ATG,2004,597.74902344,,,2,SH.XPD.CHEX.PC.CD,Current health expenditure per capita (current US$),AG,Antigua and Barbuda
ATG,2003,613.65112305,,,2,SH.XPD.CHEX.PC.CD,Current health expenditure per capita (current US$),AG,Antigua and Barbuda
ATG,2002,559.08331299,,,2,SH.XPD.CHEX.PC.CD,Current health expenditure per capita (current US$),AG,Antigua and Barbuda
ATG,2001,572.20776367,,,2,SH.XPD.CHEX.PC.CD,Current health expenditure per capita (current US$),AG,Antigua and Barbuda
ATG,2000,520.12213135,,,2,SH.XPD.CHEX.PC.CD,Current health expenditure per capita (current US$),AG,Antigua and Barbuda
ARG,2023,1456.98596191,,,2,SH.XPD.CHEX.PC.CD,Current health expenditure per capita (current US$),AR,Argentina
ARG,2022,1415.79577637,,,2,SH.XPD.CHEX.PC.CD,Current health expenditure per capita (current US$),AR,Argentina
ARG,2021,1182.15930176,,,2,SH.XPD.CHEX.PC.CD,Current health expenditure per capita (current US$),AR,Argentina
ARG,2020,910.9586792,,,2,SH.XPD.CHEX.PC.CD,Current health expenditure per capita (current US$),AR,Argentina
ARG,2019,1007.45629883,,,2,SH.XPD.CHEX.PC.CD,Current health expenditure per capita (current US$),AR,Argentina
ARG,2018,1195.59973145,,,2,SH.XPD.CHEX.PC.CD,Current health expenditure per capita (current US$),AR,Argentina
ARG,2017,1491.11877441,,,2,SH.XPD.CHEX.PC.CD,Current health expenditure per capita (current US$),AR,Argentina
ARG,2016,1276.79785156,,,2,SH.XPD.CHEX.PC.CD,Current health expenditure per capita (current US$),AR,Argentina
ARG,2015,1523.90979004,,,2,SH.XPD.CHEX.PC.CD,Current health expenditure per capita (current US$),AR,Argentina
ARG,2014,1291.32458496,,,2,SH.XPD.CHEX.PC.CD,Current health expenditure per capita (current US$),AR,Argentina
ARG,2013,1428.91125488,,,2,SH.XPD.CHEX.PC.CD,Current health expenditure per capita (current US$),AR,Argentina
ARG,2012,1363.21618652,,,2,SH.XPD.CHEX.PC.CD,Current health expenditure per capita (current US$),AR,Argentina
ARG,2011,1208.23120117,,,2,SH.XPD.CHEX.PC.CD,Current health expenditure per capita (current US$),AR,Argentina
ARG,2010,979.7689209,,,2,SH.XPD.CHEX.PC.CD,Current health expenditure per capita (current US$),AR,Argentina
ARG,2009,787.78051758,,,2,SH.XPD.CHEX.PC.CD,Current health expenditure per capita (current US$),AR,Argentina
ARG,2008,745.40356445,,,2,SH.XPD.CHEX.PC.CD,Current health expenditure per capita (current US$),AR,Argentina
ARG,2007,569.27264404,,,2,SH.XPD.CHEX.PC.CD,Current health expenditure per capita (current US$),AR,Argentina
ARG,2006,456.06246948,,,2,SH.XPD.CHEX.PC.CD,Current health expenditure per capita (current US$),AR,Argentina
ARG,2005,395.64596558,,,2,SH.XPD.CHEX.PC.CD,Current health expenditure per capita (current US$),AR,Argentina
ARG,2004,303.31906128,,,2,SH.XPD.CHEX.PC.CD,Current health expenditure per capita (current US$),AR,Argentina
ARG,2003,261.2038269,,,2,SH.XPD.CHEX.PC.CD,Current health expenditure per capita (current US$),AR,Argentina
ARG,2002,219.96408081,,,2,SH.XPD.CHEX.PC.CD,Current health expenditure per capita (current US$),AR,Argentina
ARG,2001,660.63378906,,,2,SH.XPD.CHEX.PC.CD,Current health expenditure per capita (current US$),AR,Argentina
ARG,2000,702.23309326,,,2,SH.XPD.CHEX.PC.CD,Current health expenditure per capita (current US$),AR,Argentina
ARM,2023,766.95874023,,,2,SH.XPD.CHEX.PC.CD,Current health expenditure per capita (current US$),AM,Armenia
ARM,2022,674.78619385,,,2,SH.XPD.CHEX.PC.CD,Current health expenditure per capita (current US$),AM,Armenia
ARM,2021,595.83544922,,,2,SH.XPD.CHEX.PC.CD,Current health expenditure per capita (current US$),AM,Armenia
ARM,2020,535.2723999,,,2,SH.XPD.CHEX.PC.CD,Current health expenditure per capita (current US$),AM,Armenia
ARM,2019,533.69952393,,,2,SH.XPD.CHEX.PC.CD,Current health expenditure per capita (current US$),AM,Armenia
ARM,2018,428.34579468,,,2,SH.XPD.CHEX.PC.CD,Current health expenditure per capita (current US$),AM,Armenia
ARM,2017,409.80145264,,,2,SH.XPD.CHEX.PC.CD,Current health expenditure per capita (current US$),AM,Armenia
ARM,2016,359.58227539,,,2,SH.XPD.CHEX.PC.CD,Current health expenditure per capita (current US$),AM,Armenia
ARM,2015,365.51950073,,,2,SH.XPD.CHEX.PC.CD,Current health expenditure per capita (current US$),AM,Armenia
ARM,2014,404.33874512,,,2,SH.XPD.CHEX.PC.CD,Current health expenditure per capita (current US$),AM,Armenia
ARM,2013,392.85253906,,,2,SH.XPD.CHEX.PC.CD,Current health expenditure per capita (current US$),AM,Armenia
ARM,2012,331.91378784,,,2,SH.XPD.CHEX.PC.CD,Current health expenditure per capita (current US$),AM,Armenia
ARM,2011,325.29086304,,,2,SH.XPD.CHEX.PC.CD,Current health expenditure per capita (current US$),AM,Armenia
ARM,2010,291.77758789,,,2,SH.XPD.CHEX.PC.CD,Current health expenditure per capita (current US$),AM,Armenia
ARM,2009,247.90641785,,,2,SH.XPD.CHEX.PC.CD,Current health expenditure per capita (current US$),AM,Armenia
ARM,2008,261.59963989,,,2,SH.XPD.CHEX.PC.CD,Current health expenditure per capita (current US$),AM,Armenia
ARM,2007,170.15332031,,,2,SH.XPD.CHEX.PC.CD,Current health expenditure per capita (current US$),AM,Armenia
ARM,2006,124.8989563,,,2,SH.XPD.CHEX.PC.CD,Current health expenditure per capita (current US$),AM,Armenia
ARM,2005,95.55093384,,,2,SH.XPD.CHEX.PC.CD,Current health expenditure per capita (current US$),AM,Armenia
ARM,2004,71.65074158,,,2,SH.XPD.CHEX.PC.CD,Current health expenditure per capita (current US$),AM,Armenia
ARM,2003,66.31577301,,,2,SH.XPD.CHEX.PC.CD,Current health expenditure per capita (current US$),AM,Armenia
ARM,2002,59.20983887,,,2,SH.XPD.CHEX.PC.CD,Current health expenditure per capita (current US$),AM,Armenia
ARM,2001,31.90725899,,,2,SH.XPD.CHEX.PC.CD,Current health expenditure per capita (current US$),AM,Armenia
ARM,2000,25.6606369,,,2,SH.XPD.CHEX.PC.CD,Current health expenditure per capita (current US$),AM,Armenia
ABW,2023,,,,2,SH.XPD.CHEX.PC.CD,Current health expenditure per capita (current US$),AW,Aruba
ABW,2022,,,,2,SH.XPD.CHEX.PC.CD,Current health expenditure per capita (current US$),AW,Aruba
ABW,2021,,,,2,SH.XPD.CHEX.PC.CD,Current health expenditure per capita (current US$),AW,Aruba
ABW,2020,,,,2,SH.XPD.CHEX.PC.CD,Current health expenditure per capita (current US$),AW,Aruba
ABW,2019,,,,2,SH.XPD.CHEX.PC.CD,Current health expenditure per capita (current US$),AW,Aruba
ABW,2018,,,,2,SH.XPD.CHEX.PC.CD,Current health expenditure per capita (current US$),AW,Aruba
ABW,2017,,,,2,SH.XPD.CHEX.PC.CD,Current health expenditure per capita (current US$),AW,Aruba
ABW,2016,,,,2,SH.XPD.CHEX.PC.CD,Current health expenditure per capita (current US$),AW,Aruba
ABW,2015,,,,2,SH.XPD.CHEX.PC.CD,Current health expenditure per capita (current US$),AW,Aruba
ABW,2014,,,,2,SH.XPD.CHEX.PC.CD,Current health expenditure per capita (current US$),AW,Aruba
ABW,2013,,,,2,SH.XPD.CHEX.PC.CD,Current health expenditure per capita (current US$),AW,Aruba
ABW,2012,,,,2,SH.XPD.CHEX.PC.CD,Current health expenditure per capita (current US$),AW,Aruba
ABW,2011,,,,2,SH.XPD.CHEX.PC.CD,Current health expenditure per capita (current US$),AW,Aruba
ABW,2010,,,,2,SH.XPD.CHEX.PC.CD,Current health expenditure per capita (current US$),AW,Aruba
ABW,2009,,,,2,SH.XPD.CHEX.PC.CD,Current health expenditure per capita (current US$),AW,Aruba
ABW,2008,,,,2,SH.XPD.CHEX.PC.CD,Current health expenditure per capita (current US$),AW,Aruba
ABW,2007,,,,2,SH.XPD.CHEX.PC.CD,Current health expenditure per capita (current US$),AW,Aruba
ABW,2006,,,,2,SH.XPD.CHEX.PC.CD,Current health expenditure per capita (current US$),AW,Aruba
ABW,2005,,,,2,SH.XPD.CHEX.PC.CD,Current health expenditure per capita (current US$),AW,Aruba
ABW,2004,,,,2,SH.XPD.CHEX.PC.CD,Current health expenditure per capita (current US$),AW,Aruba
ABW,2003,,,,2,SH.XPD.CHEX.PC.CD,Current health expenditure per capita (current US$),AW,Aruba
ABW,2002,,,,2,SH.XPD.CHEX.PC.CD,Current health expenditure per capita (current US$),AW,Aruba
ABW,2001,,,,2,SH.XPD.CHEX.PC.CD,Current health expenditure per capita (current US$),AW,Aruba
ABW,2000,,,,2,SH.XPD.CHEX.PC.CD,Current health expenditure per capita (current US$),AW,Aruba
AUS,2023,6980.38525391,,,2,SH.XPD.CHEX.PC.CD,Current health expenditure per capita (current US$),AU,Australia
AUS,2022,6723.98242188,,,2,SH.XPD.CHEX.PC.CD,Current health expenditure per capita (current US$),AU,Australia
AUS,2021,7092.13476563,,,2,SH.XPD.CHEX.PC.CD,Current health expenditure per capita (current US$),AU,Australia
AUS,2020,5968.00341797,,,2,SH.XPD.CHEX.PC.CD,Current health expenditure per capita (current US$),AU,Australia
AUS,2019,5543.37841797,,,2,SH.XPD.CHEX.PC.CD,Current health expenditure per capita (current US$),AU,Australia
AUS,2018,5843.64794922,,,2,SH.XPD.CHEX.PC.CD,Current health expenditure per capita (current US$),AU,Australia
AUS,2017,5770.69042969,,,2,SH.XPD.CHEX.PC.CD,Current health expenditure per capita (current US$),AU,Australia
AUS,2016,5418.43652344,,,2,SH.XPD.CHEX.PC.CD,Current health expenditure per capita (current US$),AU,Australia
AUS,2015,5271.93310547,,,2,SH.XPD.CHEX.PC.CD,Current health expenditure per capita (current US$),AU,Australia
AUS,2014,6098.25439453,,,2,SH.XPD.CHEX.PC.CD,Current health expenditure per capita (current US$),AU,Australia
AUS,2013,5811.86865234,,,2,SH.XPD.CHEX.PC.CD,Current health expenditure per capita (current US$),AU,Australia
AUS,2012,6038.87158203,,,2,SH.XPD.CHEX.PC.CD,Current health expenditure per capita (current US$),AU,Australia
AUS,2011,5876.88525391,,,2,SH.XPD.CHEX.PC.CD,Current health expenditure per capita (current US$),AU,Australia
AUS,2010,4947.96337891,,,2,SH.XPD.CHEX.PC.CD,Current health expenditure per capita (current US$),AU,Australia
AUS,2009,3989.44116211,,,2,SH.XPD.CHEX.PC.CD,Current health expenditure per capita (current US$),AU,Australia
AUS,2008,4083.42944336,,,2,SH.XPD.CHEX.PC.CD,Current health expenditure per capita (current US$),AU,Australia
AUS,2007,3792.80981445,,,2,SH.XPD.CHEX.PC.CD,Current health expenditure per capita (current US$),AU,Australia
AUS,2006,3174.86865234,,,2,SH.XPD.CHEX.PC.CD,Current health expenditure per capita (current US$),AU,Australia
AUS,2005,2995.87255859,,,2,SH.XPD.CHEX.PC.CD,Current health expenditure per capita (current US$),AU,Australia
AUS,2004,2744.08105469,,,2,SH.XPD.CHEX.PC.CD,Current health expenditure per capita (current US$),AU,Australia
AUS,2003,2227.12768555,,,2,SH.XPD.CHEX.PC.CD,Current health expenditure per capita (current US$),AU,Australia
AUS,2002,1752.93896484,,,2,SH.XPD.CHEX.PC.CD,Current health expenditure per capita (current US$),AU,Australia
AUS,2001,1550.37390137,,,2,SH.XPD.CHEX.PC.CD,Current health expenditure per capita (current US$),AU,Australia
AUS,2000,1626.73388672,,,2,SH.XPD.CHEX.PC.CD,Current health expenditure per capita (current US$),AU,Australia
AUT,2023,6267.93164063,,,2,SH.XPD.CHEX.PC.CD,Current health expenditure per capita (current US$),AT,Austria
AUT,2022,5897.97607422,,,2,SH.XPD.CHEX.PC.CD,Current health expenditure per capita (current US$),AT,Austria
AUT,2021,6554.14257813,,,2,SH.XPD.CHEX.PC.CD,Current health expenditure per capita (current US$),AT,Austria
AUT,2020,5569.84130859,,,2,SH.XPD.CHEX.PC.CD,Current health expenditure per capita (current US$),AT,Austria
AUT,2019,5313.19287109,,,2,SH.XPD.CHEX.PC.CD,Current health expenditure per capita (current US$),AT,Austria
AUT,2018,5394.55908203,,,2,SH.XPD.CHEX.PC.CD,Current health expenditure per capita (current US$),AT,Austria
AUT,2017,4999.86962891,,,2,SH.XPD.CHEX.PC.CD,Current health expenditure per capita (current US$),AT,Austria
AUT,2016,4758.89892578,,,2,SH.XPD.CHEX.PC.CD,Current health expenditure per capita (current US$),AT,Austria
AUT,2015,4649.59667969,,,2,SH.XPD.CHEX.PC.CD,Current health expenditure per capita (current US$),AT,Austria
AUT,2014,5418.47558594,,,2,SH.XPD.CHEX.PC.CD,Current health expenditure per capita (current US$),AT,Austria
AUT,2013,5251.96826172,,,2,SH.XPD.CHEX.PC.CD,Current health expenditure per capita (current US$),AT,Austria
AUT,2012,4983.67724609,,,2,SH.XPD.CHEX.PC.CD,Current health expenditure per capita (current US$),AT,Austria
AUT,2011,5191.92333984,,,2,SH.XPD.CHEX.PC.CD,Current health expenditure per capita (current US$),AT,Austria
AUT,2010,4815.26953125,,,2,SH.XPD.CHEX.PC.CD,Current health expenditure per capita (current US$),AT,Austria
AUT,2009,4939.75878906,,,2,SH.XPD.CHEX.PC.CD,Current health expenditure per capita (current US$),AT,Austria
AUT,2008,5080.83740234,,,2,SH.XPD.CHEX.PC.CD,Current health expenditure per capita (current US$),AT,Austria
AUT,2007,4484.81640625,,,2,SH.XPD.CHEX.PC.CD,Current health expenditure per capita (current US$),AT,Austria
AUT,2006,3899.90722656,,,2,SH.XPD.CHEX.PC.CD,Current health expenditure per capita (current US$),AT,Austria
AUT,2005,3720.02441406,,,2,SH.XPD.CHEX.PC.CD,Current health expenditure per capita (current US$),AT,Austria
AUT,2004,3606.77856445,,,2,SH.XPD.CHEX.PC.CD,Current health expenditure per capita (current US$),AT,Austria
AUT,2003,3122.31201172,,,2,SH.XPD.CHEX.PC.CD,Current health expenditure per capita (current US$),AT,Austria
AUT,2002,2531.61938477,,,2,SH.XPD.CHEX.PC.CD,Current health expenditure per capita (current US$),AT,Austria
AUT,2001,2315.42285156,,,2,SH.XPD.CHEX.PC.CD,Current health expenditure per capita (current US$),AT,Austria
AUT,2000,2301.89208984,,,2,SH.XPD.CHEX.PC.CD,Current health expenditure per capita (current US$),AT,Austria
AZE,2023,299.81060791,,,2,SH.XPD.CHEX.PC.CD,Current health expenditure per capita (current US$),AZ,Azerbaijan
AZE,2022,261.44659424,,,2,SH.XPD.CHEX.PC.CD,Current health expenditure per capita (current US$),AZ,Azerbaijan
AZE,2021,250.9887085,,,2,SH.XPD.CHEX.PC.CD,Current health expenditure per capita (current US$),AZ,Azerbaijan
AZE,2020,245.21949768,,,2,SH.XPD.CHEX.PC.CD,Current health expenditure per capita (current US$),AZ,Azerbaijan
AZE,2019,199.25746155,,,2,SH.XPD.CHEX.PC.CD,Current health expenditure per capita (current US$),AZ,Azerbaijan
AZE,2018,180.03610229,,,2,SH.XPD.CHEX.PC.CD,Current health expenditure per capita (current US$),AZ,Azerbaijan
AZE,2017,167.01565552,,,2,SH.XPD.CHEX.PC.CD,Current health expenditure per capita (current US$),AZ,Azerbaijan
AZE,2016,169.69596863,,,2,SH.XPD.CHEX.PC.CD,Current health expenditure per capita (current US$),AZ,Azerbaijan
AZE,2015,236.25979614,,,2,SH.XPD.CHEX.PC.CD,Current health expenditure per capita (current US$),AZ,Azerbaijan
AZE,2014,280.22314453,,,2,SH.XPD.CHEX.PC.CD,Current health expenditure per capita (current US$),AZ,Azerbaijan
AZE,2013,251.67863464,,,2,SH.XPD.CHEX.PC.CD,Current health expenditure per capita (current US$),AZ,Azerbaijan
AZE,2012,234.60324097,,,2,SH.XPD.CHEX.PC.CD,Current health expenditure per capita (current US$),AZ,Azerbaijan
AZE,2011,184.93493652,,,2,SH.XPD.CHEX.PC.CD,Current health expenditure per capita (current US$),AZ,Azerbaijan
AZE,2010,153.0665741,,,2,SH.XPD.CHEX.PC.CD,Current health expenditure per capita (current US$),AZ,Azerbaijan
AZE,2009,135.40127563,,,2,SH.XPD.CHEX.PC.CD,Current health expenditure per capita (current US$),AZ,Azerbaijan
AZE,2008,111.88427734,,,2,SH.XPD.CHEX.PC.CD,Current health expenditure per capita (current US$),AZ,Azerbaijan
AZE,2007,74.65649414,,,2,SH.XPD.CHEX.PC.CD,Current health expenditure per capita (current US$),AZ,Azerbaijan
AZE,2006,49.87102127,,,2,SH.XPD.CHEX.PC.CD,Current health expenditure per capita (current US$),AZ,Azerbaijan
AZE,2005,34.35204697,,,2,SH.XPD.CHEX.PC.CD,Current health expenditure per capita (current US$),AZ,Azerbaijan
AZE,2004,27.1906395,,,2,SH.XPD.CHEX.PC.CD,Current health expenditure per capita (current US$),AZ,Azerbaijan
AZE,2003,23.62244987,,,2,SH.XPD.CHEX.PC.CD,Current health expenditure per capita (current US$),AZ,Azerbaijan
AZE,2002,20.45606041,,,2,SH.XPD.CHEX.PC.CD,Current health expenditure per capita (current US$),AZ,Azerbaijan
AZE,2001,19.19010162,,,2,SH.XPD.CHEX.PC.CD,Current health expenditure per capita (current US$),AZ,Azerbaijan
AZE,2000,19.01968193,,,2,SH.XPD.CHEX.PC.CD,Current health expenditure per capita (current US$),AZ,Azerbaijan
BHS,2023,2262.33447266,,,2,SH.XPD.CHEX.PC.CD,Current health expenditure per capita (current US$),BS,"Bahamas, The"
BHS,2022,2327.20117188,,,2,SH.XPD.CHEX.PC.CD,Current health expenditure per capita (current US$),BS,"Bahamas, The"
BHS,2021,1946.21960449,,,2,SH.XPD.CHEX.PC.CD,Current health expenditure per capita (current US$),BS,"Bahamas, The"
BHS,2020,1861.0637207,,,2,SH.XPD.CHEX.PC.CD,Current health expenditure per capita (current US$),BS,"Bahamas, The"
BHS,2019,1881.40393066,,,2,SH.XPD.CHEX.PC.CD,Current health expenditure per capita (current US$),BS,"Bahamas, The"
BHS,2018,1875.74035645,,,2,SH.XPD.CHEX.PC.CD,Current health expenditure per capita (current US$),BS,"Bahamas, The"
BHS,2017,2069.44555664,,,2,SH.XPD.CHEX.PC.CD,Current health expenditure per capita (current US$),BS,"Bahamas, The"
BHS,2016,1711.60510254,,,2,SH.XPD.CHEX.PC.CD,Current health expenditure per capita (current US$),BS,"Bahamas, The"
BHS,2015,1588.57775879,,,2,SH.XPD.CHEX.PC.CD,Current health expenditure per capita (current US$),BS,"Bahamas, The"
BHS,2014,1619.36669922,,,2,SH.XPD.CHEX.PC.CD,Current health expenditure per capita (current US$),BS,"Bahamas, The"
BHS,2013,1559.34985352,,,2,SH.XPD.CHEX.PC.CD,Current health expenditure per capita (current US$),BS,"Bahamas, The"
BHS,2012,1518.64953613,,,2,SH.XPD.CHEX.PC.CD,Current health expenditure per capita (current US$),BS,"Bahamas, The"
BHS,2011,1442.24768066,,,2,SH.XPD.CHEX.PC.CD,Current health expenditure per capita (current US$),BS,"Bahamas, The"
BHS,2010,1444.0065918,,,2,SH.XPD.CHEX.PC.CD,Current health expenditure per capita (current US$),BS,"Bahamas, The"
BHS,2009,1416.92468262,,,2,SH.XPD.CHEX.PC.CD,Current health expenditure per capita (current US$),BS,"Bahamas, The"
BHS,2008,1429.23681641,,,2,SH.XPD.CHEX.PC.CD,Current health expenditure per capita (current US$),BS,"Bahamas, The"
BHS,2007,1351.08203125,,,2,SH.XPD.CHEX.PC.CD,Current health expenditure per capita (current US$),BS,"Bahamas, The"
BHS,2006,1257.64587402,,,2,SH.XPD.CHEX.PC.CD,Current health expenditure per capita (current US$),BS,"Bahamas, The"
BHS,2005,1153.21594238,,,2,SH.XPD.CHEX.PC.CD,Current health expenditure per capita (current US$),BS,"Bahamas, The"
BHS,2004,1078.31152344,,,2,SH.XPD.CHEX.PC.CD,Current health expenditure per capita (current US$),BS,"Bahamas, The"
BHS,2003,1062.43786621,,,2,SH.XPD.CHEX.PC.CD,Current health expenditure per capita (current US$),BS,"Bahamas, The"
BHS,2002,1021.03601074,,,2,SH.XPD.CHEX.PC.CD,Current health expenditure per capita (current US$),BS,"Bahamas, The"
BHS,2001,995.71844482,,,2,SH.XPD.CHEX.PC.CD,Current health expenditure per capita (current US$),BS,"Bahamas, The"
BHS,2000,948.88244629,,,2,SH.XPD.CHEX.PC.CD,Current health expenditure per capita (current US$),BS,"Bahamas, The"
BHR,2023,1175.81628418,,,2,SH.XPD.CHEX.PC.CD,Current health expenditure per capita (current US$),BH,Bahrain
BHR,2022,1178.80664063,,,2,SH.XPD.CHEX.PC.CD,Current health expenditure per capita (current US$),BH,Bahrain
BHR,2021,1176.92102051,,,2,SH.XPD.CHEX.PC.CD,Current health expenditure per capita (current US$),BH,Bahrain
BHR,2020,1101.14025879,,,2,SH.XPD.CHEX.PC.CD,Current health expenditure per capita (current US$),BH,Bahrain
BHR,2019,1030.26379395,,,2,SH.XPD.CHEX.PC.CD,Current health expenditure per capita (current US$),BH,Bahrain
BHR,2018,1041.8560791,,,2,SH.XPD.CHEX.PC.CD,Current health expenditure per capita (current US$),BH,Bahrain
BHR,2017,1080.08898926,,,2,SH.XPD.CHEX.PC.CD,Current health expenditure per capita (current US$),BH,Bahrain
BHR,2016,1095.92541504,,,2,SH.XPD.CHEX.PC.CD,Current health expenditure per capita (current US$),BH,Bahrain
BHR,2015,1128.24291992,,,2,SH.XPD.CHEX.PC.CD,Current health expenditure per capita (current US$),BH,Bahrain
BHR,2014,1122.16040039,,,2,SH.XPD.CHEX.PC.CD,Current health expenditure per capita (current US$),BH,Bahrain
BHR,2013,1115.16906738,,,2,SH.XPD.CHEX.PC.CD,Current health expenditure per capita (current US$),BH,Bahrain
BHR,2012,1038.1661377,,,2,SH.XPD.CHEX.PC.CD,Current health expenditure per capita (current US$),BH,Bahrain
BHR,2011,921.72064209,,,2,SH.XPD.CHEX.PC.CD,Current health expenditure per capita (current US$),BH,Bahrain
BHR,2010,866.67224121,,,2,SH.XPD.CHEX.PC.CD,Current health expenditure per capita (current US$),BH,Bahrain
BHR,2009,838.52880859,,,2,SH.XPD.CHEX.PC.CD,Current health expenditure per capita (current US$),BH,Bahrain
BHR,2008,734.99511719,,,2,SH.XPD.CHEX.PC.CD,Current health expenditure per capita (current US$),BH,Bahrain
BHR,2007,677.16290283,,,2,SH.XPD.CHEX.PC.CD,Current health expenditure per capita (current US$),BH,Bahrain
BHR,2006,578.29705811,,,2,SH.XPD.CHEX.PC.CD,Current health expenditure per capita (current US$),BH,Bahrain
BHR,2005,557.9574585,,,2,SH.XPD.CHEX.PC.CD,Current health expenditure per capita (current US$),BH,Bahrain
BHR,2004,527.82989502,,,2,SH.XPD.CHEX.PC.CD,Current health expenditure per capita (current US$),BH,Bahrain
BHR,2003,530.5446167,,,2,SH.XPD.CHEX.PC.CD,Current health expenditure per capita (current US$),BH,Bahrain
BHR,2002,469.15478516,,,2,SH.XPD.CHEX.PC.CD,Current health expenditure per capita (current US$),BH,Bahrain
BHR,2001,457.59741211,,,2,SH.XPD.CHEX.PC.CD,Current health expenditure per capita (current US$),BH,Bahrain
BHR,2000,451.50253296,,,2,SH.XPD.CHEX.PC.CD,Current health expenditure per capita (current US$),BH,Bahrain
BGD,2023,53.46432495,,,2,SH.XPD.CHEX.PC.CD,Current health expenditure per capita (current US$),BD,Bangladesh
BGD,2022,56.62142181,,,2,SH.XPD.CHEX.PC.CD,Current health expenditure per capita (current US$),BD,Bangladesh
BGD,2021,56.09640121,,,2,SH.XPD.CHEX.PC.CD,Current health expenditure per capita (current US$),BD,Bangladesh
BGD,2020,49.0274353,,,2,SH.XPD.CHEX.PC.CD,Current health expenditure per capita (current US$),BD,Bangladesh
BGD,2019,45.07677078,,,2,SH.XPD.CHEX.PC.CD,Current health expenditure per capita (current US$),BD,Bangladesh
BGD,2018,44.78892899,,,2,SH.XPD.CHEX.PC.CD,Current health expenditure per capita (current US$),BD,Bangladesh
BGD,2017,42.17510986,,,2,SH.XPD.CHEX.PC.CD,Current health expenditure per capita (current US$),BD,Bangladesh
BGD,2016,39.30647659,,,2,SH.XPD.CHEX.PC.CD,Current health expenditure per capita (current US$),BD,Bangladesh
BGD,2015,33.20998764,,,2,SH.XPD.CHEX.PC.CD,Current health expenditure per capita (current US$),BD,Bangladesh
BGD,2014,29.91152382,,,2,SH.XPD.CHEX.PC.CD,Current health expenditure per capita (current US$),BD,Bangladesh
BGD,2013,26.96918297,,,2,SH.XPD.CHEX.PC.CD,Current health expenditure per capita (current US$),BD,Bangladesh
BGD,2012,23.43771553,,,2,SH.XPD.CHEX.PC.CD,Current health expenditure per capita (current US$),BD,Bangladesh
BGD,2011,22.77348328,,,2,SH.XPD.CHEX.PC.CD,Current health expenditure per capita (current US$),BD,Bangladesh
BGD,2010,20.62105751,,,2,SH.XPD.CHEX.PC.CD,Current health expenditure per capita (current US$),BD,Bangladesh
BGD,2009,17.7030201,,,2,SH.XPD.CHEX.PC.CD,Current health expenditure per capita (current US$),BD,Bangladesh
BGD,2008,15.5619669,,,2,SH.XPD.CHEX.PC.CD,Current health expenditure per capita (current US$),BD,Bangladesh
BGD,2007,14.03898716,,,2,SH.XPD.CHEX.PC.CD,Current health expenditure per capita (current US$),BD,Bangladesh
BGD,2006,12.05988026,,,2,SH.XPD.CHEX.PC.CD,Current health expenditure per capita (current US$),BD,Bangladesh
BGD,2005,11.31403732,,,2,SH.XPD.CHEX.PC.CD,Current health expenditure per capita (current US$),BD,Bangladesh
BGD,2004,10.78997898,,,2,SH.XPD.CHEX.PC.CD,Current health expenditure per capita (current US$),BD,Bangladesh
BGD,2003,9.98434258,,,2,SH.XPD.CHEX.PC.CD,Current health expenditure per capita (current US$),BD,Bangladesh
BGD,2002,9.05402279,,,2,SH.XPD.CHEX.PC.CD,Current health expenditure per capita (current US$),BD,Bangladesh
BGD,2001,8.10025787,,,2,SH.XPD.CHEX.PC.CD,Current health expenditure per capita (current US$),BD,Bangladesh
BGD,2000,8.27585602,,,2,SH.XPD.CHEX.PC.CD,Current health expenditure per capita (current US$),BD,Bangladesh
BRB,2023,1286.47680664,,,2,SH.XPD.CHEX.PC.CD,Current health expenditure per capita (current US$),BB,Barbados
BRB,2022,1302.0592041,,,2,SH.XPD.CHEX.PC.CD,Current health expenditure per capita (current US$),BB,Barbados
BRB,2021,1391.49853516,,,2,SH.XPD.CHEX.PC.CD,Current health expenditure per capita (current US$),BB,Barbados
BRB,2020,1234.30041504,,,2,SH.XPD.CHEX.PC.CD,Current health expenditure per capita (current US$),BB,Barbados
BRB,2019,1168.11938477,,,2,SH.XPD.CHEX.PC.CD,Current health expenditure per capita (current US$),BB,Barbados
BRB,2018,1169.35559082,,,2,SH.XPD.CHEX.PC.CD,Current health expenditure per capita (current US$),BB,Barbados
BRB,2017,1182.00366211,,,2,SH.XPD.CHEX.PC.CD,Current health expenditure per capita (current US$),BB,Barbados
BRB,2016,1181.14257813,,,2,SH.XPD.CHEX.PC.CD,Current health expenditure per capita (current US$),BB,Barbados
BRB,2015,1154.62719727,,,2,SH.XPD.CHEX.PC.CD,Current health expenditure per capita (current US$),BB,Barbados
BRB,2014,1175.44348145,,,2,SH.XPD.CHEX.PC.CD,Current health expenditure per capita (current US$),BB,Barbados
BRB,2013,1246.16491699,,,2,SH.XPD.CHEX.PC.CD,Current health expenditure per capita (current US$),BB,Barbados
BRB,2012,1294.78674316,,,2,SH.XPD.CHEX.PC.CD,Current health expenditure per capita (current US$),BB,Barbados
BRB,2011,1163.2668457,,,2,SH.XPD.CHEX.PC.CD,Current health expenditure per capita (current US$),BB,Barbados
BRB,2010,1114.3729248,,,2,SH.XPD.CHEX.PC.CD,Current health expenditure per capita (current US$),BB,Barbados
BRB,2009,1163.96875,,,2,SH.XPD.CHEX.PC.CD,Current health expenditure per capita (current US$),BB,Barbados
BRB,2008,1136.53637695,,,2,SH.XPD.CHEX.PC.CD,Current health expenditure per capita (current US$),BB,Barbados
BRB,2007,1043.49401855,,,2,SH.XPD.CHEX.PC.CD,Current health expenditure per capita (current US$),BB,Barbados
BRB,2006,1028.39282227,,,2,SH.XPD.CHEX.PC.CD,Current health expenditure per capita (current US$),BB,Barbados
BRB,2005,963.07849121,,,2,SH.XPD.CHEX.PC.CD,Current health expenditure per capita (current US$),BB,Barbados
BRB,2004,942.37701416,,,2,SH.XPD.CHEX.PC.CD,Current health expenditure per capita (current US$),BB,Barbados
BRB,2003,808.06054688,,,2,SH.XPD.CHEX.PC.CD,Current health expenditure per capita (current US$),BB,Barbados
BRB,2002,689.30773926,,,2,SH.XPD.CHEX.PC.CD,Current health expenditure per capita (current US$),BB,Barbados
BRB,2001,643.1159668,,,2,SH.XPD.CHEX.PC.CD,Current health expenditure per capita (current US$),BB,Barbados
BRB,2000,622.47875977,,,2,SH.XPD.CHEX.PC.CD,Current health expenditure per capita (current US$),BB,Barbados
BLR,2023,558.22644043,,,2,SH.XPD.CHEX.PC.CD,Current health expenditure per capita (current US$),BY,Belarus
BLR,2022,529.01873779,,,2,SH.XPD.CHEX.PC.CD,Current health expenditure per capita (current US$),BY,Belarus
BLR,2021,484.03930664,,,2,SH.XPD.CHEX.PC.CD,Current health expenditure per capita (current US$),BY,Belarus
BLR,2020,420.43655396,,,2,SH.XPD.CHEX.PC.CD,Current health expenditure per capita (current US$),BY,Belarus
BLR,2019,400.11621094,,,2,SH.XPD.CHEX.PC.CD,Current health expenditure per capita (current US$),BY,Belarus
BLR,2018,349.99176025,,,2,SH.XPD.CHEX.PC.CD,Current health expenditure per capita (current US$),BY,Belarus
BLR,2017,331.94082642,,,2,SH.XPD.CHEX.PC.CD,Current health expenditure per capita (current US$),BY,Belarus
BLR,2016,296.94720459,,,2,SH.XPD.CHEX.PC.CD,Current health expenditure per capita (current US$),BY,Belarus
BLR,2015,360.91937256,,,2,SH.XPD.CHEX.PC.CD,Current health expenditure per capita (current US$),BY,Belarus
BLR,2014,448.27426147,,,2,SH.XPD.CHEX.PC.CD,Current health expenditure per capita (current US$),BY,Belarus
BLR,2013,454.51959229,,,2,SH.XPD.CHEX.PC.CD,Current health expenditure per capita (current US$),BY,Belarus
BLR,2012,364.09957886,,,2,SH.XPD.CHEX.PC.CD,Current health expenditure per capita (current US$),BY,Belarus
BLR,2011,317.82492065,,,2,SH.XPD.CHEX.PC.CD,Current health expenditure per capita (current US$),BY,Belarus
BLR,2010,341.13800049,,,2,SH.XPD.CHEX.PC.CD,Current health expenditure per capita (current US$),BY,Belarus
BLR,2009,288.44775391,,,2,SH.XPD.CHEX.PC.CD,Current health expenditure per capita (current US$),BY,Belarus
BLR,2008,348.92633057,,,2,SH.XPD.CHEX.PC.CD,Current health expenditure per capita (current US$),BY,Belarus
BLR,2007,278.63424683,,,2,SH.XPD.CHEX.PC.CD,Current health expenditure per capita (current US$),BY,Belarus
BLR,2006,221.70170593,,,2,SH.XPD.CHEX.PC.CD,Current health expenditure per capita (current US$),BY,Belarus
BLR,2005,196.13806152,,,2,SH.XPD.CHEX.PC.CD,Current health expenditure per capita (current US$),BY,Belarus
BLR,2004,140.99655151,,,2,SH.XPD.CHEX.PC.CD,Current health expenditure per capita (current US$),BY,Belarus
BLR,2003,108.51013947,,,2,SH.XPD.CHEX.PC.CD,Current health expenditure per capita (current US$),BY,Belarus
BLR,2002,85.97066498,,,2,SH.XPD.CHEX.PC.CD,Current health expenditure per capita (current US$),BY,Belarus
BLR,2001,73.3659668,,,2,SH.XPD.CHEX.PC.CD,Current health expenditure per capita (current US$),BY,Belarus
BLR,2000,57.02944183,,,2,SH.XPD.CHEX.PC.CD,Current health expenditure per capita (current US$),BY,Belarus
BEL,2023,5931.01464844,,,2,SH.XPD.CHEX.PC.CD,Current health expenditure per capita (current US$),BE,Belgium
BEL,2022,5487.59277344,,,2,SH.XPD.CHEX.PC.CD,Current health expenditure per capita (current US$),BE,Belgium
BEL,2021,5847.17333984,,,2,SH.XPD.CHEX.PC.CD,Current health expenditure per capita (current US$),BE,Belgium
BEL,2020,5269.40625,,,2,SH.XPD.CHEX.PC.CD,Current health expenditure per capita (current US$),BE,Belgium
BEL,2019,5087.45654297,,,2,SH.XPD.CHEX.PC.CD,Current health expenditure per capita (current US$),BE,Belgium
BEL,2018,5233.68261719,,,2,SH.XPD.CHEX.PC.CD,Current health expenditure per capita (current US$),BE,Belgium
BEL,2017,4827.59326172,,,2,SH.XPD.CHEX.PC.CD,Current health expenditure per capita (current US$),BE,Belgium
BEL,2016,4569.640625,,,2,SH.XPD.CHEX.PC.CD,Current health expenditure per capita (current US$),BE,Belgium
BEL,2015,4465.45556641,,,2,SH.XPD.CHEX.PC.CD,Current health expenditure per capita (current US$),BE,Belgium
BEL,2014,5110.17333984,,,2,SH.XPD.CHEX.PC.CD,Current health expenditure per capita (current US$),BE,Belgium
BEL,2013,5005.64990234,,,2,SH.XPD.CHEX.PC.CD,Current health expenditure per capita (current US$),BE,Belgium
BEL,2012,4763.93505859,,,2,SH.XPD.CHEX.PC.CD,Current health expenditure per capita (current US$),BE,Belgium
BEL,2011,4990.35595703,,,2,SH.XPD.CHEX.PC.CD,Current health expenditure per capita (current US$),BE,Belgium
BEL,2010,4626.02685547,,,2,SH.XPD.CHEX.PC.CD,Current health expenditure per capita (current US$),BE,Belgium
BEL,2009,4755.80859375,,,2,SH.XPD.CHEX.PC.CD,Current health expenditure per capita (current US$),BE,Belgium
BEL,2008,4656.04150391,,,2,SH.XPD.CHEX.PC.CD,Current health expenditure per capita (current US$),BE,Belgium
BEL,2007,4066.2121582,,,2,SH.XPD.CHEX.PC.CD,Current health expenditure per capita (current US$),BE,Belgium
BEL,2006,3547.06835938,,,2,SH.XPD.CHEX.PC.CD,Current health expenditure per capita (current US$),BE,Belgium
BEL,2005,3415.64599609,,,2,SH.XPD.CHEX.PC.CD,Current health expenditure per capita (current US$),BE,Belgium
BEL,2004,3322.28857422,,,2,SH.XPD.CHEX.PC.CD,Current health expenditure per capita (current US$),BE,Belgium
BEL,2003,2822.50341797,,,2,SH.XPD.CHEX.PC.CD,Current health expenditure per capita (current US$),BE,Belgium
BEL,2002,2084.7199707,,,2,SH.XPD.CHEX.PC.CD,Current health expenditure per capita (current US$),BE,Belgium
BEL,2001,1879.93457031,,,2,SH.XPD.CHEX.PC.CD,Current health expenditure per capita (current US$),BE,Belgium
BEL,2000,1849.91601563,,,2,SH.XPD.CHEX.PC.CD,Current health expenditure per capita (current US$),BE,Belgium
BLZ,2023,309.40835571,,,2,SH.XPD.CHEX.PC.CD,Current health expenditure per capita (current US$),BZ,Belize
BLZ,2022,298.01553345,,,2,SH.XPD.CHEX.PC.CD,Current health expenditure per capita (current US$),BZ,Belize
BLZ,2021,308.93920898,,,2,SH.XPD.CHEX.PC.CD,Current health expenditure per capita (current US$),BZ,Belize
BLZ,2020,279.10131836,,,2,SH.XPD.CHEX.PC.CD,Current health expenditure per capita (current US$),BZ,Belize
BLZ,2019,298.14306641,,,2,SH.XPD.CHEX.PC.CD,Current health expenditure per capita (current US$),BZ,Belize
BLZ,2018,286.83633423,,,2,SH.XPD.CHEX.PC.CD,Current health expenditure per capita (current US$),BZ,Belize
BLZ,2017,280.71743774,,,2,SH.XPD.CHEX.PC.CD,Current health expenditure per capita (current US$),BZ,Belize
BLZ,2016,293.09829712,,,2,SH.XPD.CHEX.PC.CD,Current health expenditure per capita (current US$),BZ,Belize
BLZ,2015,286.78604126,,,2,SH.XPD.CHEX.PC.CD,Current health expenditure per capita (current US$),BZ,Belize
BLZ,2014,298.51965332,,,2,SH.XPD.CHEX.PC.CD,Current health expenditure per capita (current US$),BZ,Belize
BLZ,2013,263.10794067,,,2,SH.XPD.CHEX.PC.CD,Current health expenditure per capita (current US$),BZ,Belize
BLZ,2012,247.97563171,,,2,SH.XPD.CHEX.PC.CD,Current health expenditure per capita (current US$),BZ,Belize
BLZ,2011,252.81436157,,,2,SH.XPD.CHEX.PC.CD,Current health expenditure per capita (current US$),BZ,Belize
BLZ,2010,244.02867126,,,2,SH.XPD.CHEX.PC.CD,Current health expenditure per capita (current US$),BZ,Belize
BLZ,2009,243.3110199,,,2,SH.XPD.CHEX.PC.CD,Current health expenditure per capita (current US$),BZ,Belize
BLZ,2008,257.84707642,,,2,SH.XPD.CHEX.PC.CD,Current health expenditure per capita (current US$),BZ,Belize
BLZ,2007,233.67915344,,,2,SH.XPD.CHEX.PC.CD,Current health expenditure per capita (current US$),BZ,Belize
BLZ,2006,196.13124084,,,2,SH.XPD.CHEX.PC.CD,Current health expenditure per capita (current US$),BZ,Belize
BLZ,2005,181.24623108,,,2,SH.XPD.CHEX.PC.CD,Current health expenditure per capita (current US$),BZ,Belize
BLZ,2004,176.26716614,,,2,SH.XPD.CHEX.PC.CD,Current health expenditure per capita (current US$),BZ,Belize
BLZ,2003,175.13619995,,,2,SH.XPD.CHEX.PC.CD,Current health expenditure per capita (current US$),BZ,Belize
BLZ,2002,172.81750488,,,2,SH.XPD.CHEX.PC.CD,Current health expenditure per capita (current US$),BZ,Belize
BLZ,2001,163.11247253,,,2,SH.XPD.CHEX.PC.CD,Current health expenditure per capita (current US$),BZ,Belize
BLZ,2000,139.00151062,,,2,SH.XPD.CHEX.PC.CD,Current health expenditure per capita (current US$),BZ,Belize
BEN,2023,46.52822113,,,2,SH.XPD.CHEX.PC.CD,Current health expenditure per capita (current US$),BJ,Benin
BEN,2022,37.76291275,,,2,SH.XPD.CHEX.PC.CD,Current health expenditure per capita (current US$),BJ,Benin
BEN,2021,38.45053101,,,2,SH.XPD.CHEX.PC.CD,Current health expenditure per capita (current US$),BJ,Benin
BEN,2020,36.62052536,,,2,SH.XPD.CHEX.PC.CD,Current health expenditure per capita (current US$),BJ,Benin
BEN,2019,33.9457283,,,2,SH.XPD.CHEX.PC.CD,Current health expenditure per capita (current US$),BJ,Benin
BEN,2018,39.54786301,,,2,SH.XPD.CHEX.PC.CD,Current health expenditure per capita (current US$),BJ,Benin
BEN,2017,38.75862122,,,2,SH.XPD.CHEX.PC.CD,Current health expenditure per capita (current US$),BJ,Benin
BEN,2016,36.58565903,,,2,SH.XPD.CHEX.PC.CD,Current health expenditure per capita (current US$),BJ,Benin
BEN,2015,27.34733391,,,2,SH.XPD.CHEX.PC.CD,Current health expenditure per capita (current US$),BJ,Benin
BEN,2014,32.41182327,,,2,SH.XPD.CHEX.PC.CD,Current health expenditure per capita (current US$),BJ,Benin
BEN,2013,33.53426743,,,2,SH.XPD.CHEX.PC.CD,Current health expenditure per capita (current US$),BJ,Benin
BEN,2012,32.95616913,,,2,SH.XPD.CHEX.PC.CD,Current health expenditure per capita (current US$),BJ,Benin
BEN,2011,31.76816368,,,2,SH.XPD.CHEX.PC.CD,Current health expenditure per capita (current US$),BJ,Benin
BEN,2010,29.37720871,,,2,SH.XPD.CHEX.PC.CD,Current health expenditure per capita (current US$),BJ,Benin
BEN,2009,29.69425583,,,2,SH.XPD.CHEX.PC.CD,Current health expenditure per capita (current US$),BJ,Benin
BEN,2008,28.12486076,,,2,SH.XPD.CHEX.PC.CD,Current health expenditure per capita (current US$),BJ,Benin
BEN,2007,26.79680061,,,2,SH.XPD.CHEX.PC.CD,Current health expenditure per capita (current US$),BJ,Benin
BEN,2006,26.60264206,,,2,SH.XPD.CHEX.PC.CD,Current health expenditure per capita (current US$),BJ,Benin
BEN,2005,25.12485313,,,2,SH.XPD.CHEX.PC.CD,Current health expenditure per capita (current US$),BJ,Benin
BEN,2004,24.52665329,,,2,SH.XPD.CHEX.PC.CD,Current health expenditure per capita (current US$),BJ,Benin
BEN,2003,21.06955719,,,2,SH.XPD.CHEX.PC.CD,Current health expenditure per capita (current US$),BJ,Benin
BEN,2002,16.9179287,,,2,SH.XPD.CHEX.PC.CD,Current health expenditure per capita (current US$),BJ,Benin
BEN,2001,16.26979828,,,2,SH.XPD.CHEX.PC.CD,Current health expenditure per capita (current US$),BJ,Benin
BEN,2000,14.42371464,,,2,SH.XPD.CHEX.PC.CD,Current health expenditure per capita (current US$),BJ,Benin
BMU,2023,,,,2,SH.XPD.CHEX.PC.CD,Current health expenditure per capita (current US$),BM,Bermuda
BMU,2022,,,,2,SH.XPD.CHEX.PC.CD,Current health expenditure per capita (current US$),BM,Bermuda
BMU,2021,,,,2,SH.XPD.CHEX.PC.CD,Current health expenditure per capita (current US$),BM,Bermuda
BMU,2020,,,,2,SH.XPD.CHEX.PC.CD,Current health expenditure per capita (current US$),BM,Bermuda
BMU,2019,,,,2,SH.XPD.CHEX.PC.CD,Current health expenditure per capita (current US$),BM,Bermuda
BMU,2018,,,,2,SH.XPD.CHEX.PC.CD,Current health expenditure per capita (current US$),BM,Bermuda
BMU,2017,,,,2,SH.XPD.CHEX.PC.CD,Current health expenditure per capita (current US$),BM,Bermuda
BMU,2016,,,,2,SH.XPD.CHEX.PC.CD,Current health expenditure per capita (current US$),BM,Bermuda
BMU,2015,,,,2,SH.XPD.CHEX.PC.CD,Current health expenditure per capita (current US$),BM,Bermuda
BMU,2014,,,,2,SH.XPD.CHEX.PC.CD,Current health expenditure per capita (current US$),BM,Bermuda
BMU,2013,,,,2,SH.XPD.CHEX.PC.CD,Current health expenditure per capita (current US$),BM,Bermuda
BMU,2012,,,,2,SH.XPD.CHEX.PC.CD,Current health expenditure per capita (current US$),BM,Bermuda
BMU,2011,,,,2,SH.XPD.CHEX.PC.CD,Current health expenditure per capita (current US$),BM,Bermuda
BMU,2010,,,,2,SH.XPD.CHEX.PC.CD,Current health expenditure per capita (current US$),BM,Bermuda
BMU,2009,,,,2,SH.XPD.CHEX.PC.CD,Current health expenditure per capita (current US$),BM,Bermuda
BMU,2008,,,,2,SH.XPD.CHEX.PC.CD,Current health expenditure per capita (current US$),BM,Bermuda
BMU,2007,,,,2,SH.XPD.CHEX.PC.CD,Current health expenditure per capita (current US$),BM,Bermuda
BMU,2006,,,,2,SH.XPD.CHEX.PC.CD,Current health expenditure per capita (current US$),BM,Bermuda
BMU,2005,,,,2,SH.XPD.CHEX.PC.CD,Current health expenditure per capita (current US$),BM,Bermuda
BMU,2004,,,,2,SH.XPD.CHEX.PC.CD,Current health expenditure per capita (current US$),BM,Bermuda
BMU,2003,,,,2,SH.XPD.CHEX.PC.CD,Current health expenditure per capita (current US$),BM,Bermuda
BMU,2002,,,,2,SH.XPD.CHEX.PC.CD,Current health expenditure per capita (current US$),BM,Bermuda
BMU,2001,,,,2,SH.XPD.CHEX.PC.CD,Current health expenditure per capita (current US$),BM,Bermuda
BMU,2000,,,,2,SH.XPD.CHEX.PC.CD,Current health expenditure per capita (current US$),BM,Bermuda
BTN,2023,162.19680786,,,2,SH.XPD.CHEX.PC.CD,Current health expenditure per capita (current US$),BT,Bhutan
BTN,2022,138.00679016,,,2,SH.XPD.CHEX.PC.CD,Current health expenditure per capita (current US$),BT,Bhutan
BTN,2021,161.46617126,,,2,SH.XPD.CHEX.PC.CD,Current health expenditure per capita (current US$),BT,Bhutan
BTN,2020,134.13723755,,,2,SH.XPD.CHEX.PC.CD,Current health expenditure per capita (current US$),BT,Bhutan
BTN,2019,115.71811676,,,2,SH.XPD.CHEX.PC.CD,Current health expenditure per capita (current US$),BT,Bhutan
BTN,2018,102.01222992,,,2,SH.XPD.CHEX.PC.CD,Current health expenditure per capita (current US$),BT,Bhutan
BTN,2017,103.63583374,,,2,SH.XPD.CHEX.PC.CD,Current health expenditure per capita (current US$),BT,Bhutan
BTN,2016,97.42939758,,,2,SH.XPD.CHEX.PC.CD,Current health expenditure per capita (current US$),BT,Bhutan
BTN,2015,96.86671448,,,2,SH.XPD.CHEX.PC.CD,Current health expenditure per capita (current US$),BT,Bhutan
BTN,2014,87.19132233,,,2,SH.XPD.CHEX.PC.CD,Current health expenditure per capita (current US$),BT,Bhutan
BTN,2013,86.41462708,,,2,SH.XPD.CHEX.PC.CD,Current health expenditure per capita (current US$),BT,Bhutan
BTN,2012,84.0940094,,,2,SH.XPD.CHEX.PC.CD,Current health expenditure per capita (current US$),BT,Bhutan
BTN,2011,77.75431824,,,2,SH.XPD.CHEX.PC.CD,Current health expenditure per capita (current US$),BT,Bhutan
BTN,2010,72.38789368,,,2,SH.XPD.CHEX.PC.CD,Current health expenditure per capita (current US$),BT,Bhutan
BTN,2009,59.74616623,,,2,SH.XPD.CHEX.PC.CD,Current health expenditure per capita (current US$),BT,Bhutan
BTN,2008,57.59343338,,,2,SH.XPD.CHEX.PC.CD,Current health expenditure per capita (current US$),BT,Bhutan
BTN,2007,64.72015381,,,2,SH.XPD.CHEX.PC.CD,Current health expenditure per capita (current US$),BT,Bhutan
BTN,2006,54.21236038,,,2,SH.XPD.CHEX.PC.CD,Current health expenditure per capita (current US$),BT,Bhutan
BTN,2005,46.79434204,,,2,SH.XPD.CHEX.PC.CD,Current health expenditure per capita (current US$),BT,Bhutan
BTN,2004,46.06135941,,,2,SH.XPD.CHEX.PC.CD,Current health expenditure per capita (current US$),BT,Bhutan
BTN,2003,37.15467834,,,2,SH.XPD.CHEX.PC.CD,Current health expenditure per capita (current US$),BT,Bhutan
BTN,2002,32.9380188,,,2,SH.XPD.CHEX.PC.CD,Current health expenditure per capita (current US$),BT,Bhutan
BTN,2001,35.08880234,,,2,SH.XPD.CHEX.PC.CD,Current health expenditure per capita (current US$),BT,Bhutan
BTN,2000,30.5911293,,,2,SH.XPD.CHEX.PC.CD,Current health expenditure per capita (current US$),BT,Bhutan
BOL,2023,255.04104614,,,2,SH.XPD.CHEX.PC.CD,Current health expenditure per capita (current US$),BO,Bolivia
BOL,2022,260.88070679,,,2,SH.XPD.CHEX.PC.CD,Current health expenditure per capita (current US$),BO,Bolivia
BOL,2021,276.20880127,,,2,SH.XPD.CHEX.PC.CD,Current health expenditure per capita (current US$),BO,Bolivia
BOL,2020,248.69514465,,,2,SH.XPD.CHEX.PC.CD,Current health expenditure per capita (current US$),BO,Bolivia
BOL,2019,241.34619141,,,2,SH.XPD.CHEX.PC.CD,Current health expenditure per capita (current US$),BO,Bolivia
BOL,2018,231.18806458,,,2,SH.XPD.CHEX.PC.CD,Current health expenditure per capita (current US$),BO,Bolivia
BOL,2017,214.58572388,,,2,SH.XPD.CHEX.PC.CD,Current health expenditure per capita (current US$),BO,Bolivia
BOL,2016,207.4511261,,,2,SH.XPD.CHEX.PC.CD,Current health expenditure per capita (current US$),BO,Bolivia
BOL,2015,196.25799561,,,2,SH.XPD.CHEX.PC.CD,Current health expenditure per capita (current US$),BO,Bolivia
BOL,2014,179.3274231,,,2,SH.XPD.CHEX.PC.CD,Current health expenditure per capita (current US$),BO,Bolivia
BOL,2013,159.99380493,,,2,SH.XPD.CHEX.PC.CD,Current health expenditure per capita (current US$),BO,Bolivia
BOL,2012,135.32060242,,,2,SH.XPD.CHEX.PC.CD,Current health expenditure per capita (current US$),BO,Bolivia
BOL,2011,119.78379059,,,2,SH.XPD.CHEX.PC.CD,Current health expenditure per capita (current US$),BO,Bolivia
BOL,2010,100.39356232,,,2,SH.XPD.CHEX.PC.CD,Current health expenditure per capita (current US$),BO,Bolivia
BOL,2009,89.57923889,,,2,SH.XPD.CHEX.PC.CD,Current health expenditure per capita (current US$),BO,Bolivia
BOL,2008,77.9777298,,,2,SH.XPD.CHEX.PC.CD,Current health expenditure per capita (current US$),BO,Bolivia
BOL,2007,63.62155914,,,2,SH.XPD.CHEX.PC.CD,Current health expenditure per capita (current US$),BO,Bolivia
BOL,2006,56.05701447,,,2,SH.XPD.CHEX.PC.CD,Current health expenditure per capita (current US$),BO,Bolivia
BOL,2005,51.76200867,,,2,SH.XPD.CHEX.PC.CD,Current health expenditure per capita (current US$),BO,Bolivia
BOL,2004,46.35359192,,,2,SH.XPD.CHEX.PC.CD,Current health expenditure per capita (current US$),BO,Bolivia
BOL,2003,46.41044998,,,2,SH.XPD.CHEX.PC.CD,Current health expenditure per capita (current US$),BO,Bolivia
BOL,2002,43.49106216,,,2,SH.XPD.CHEX.PC.CD,Current health expenditure per capita (current US$),BO,Bolivia
BOL,2001,44.88241577,,,2,SH.XPD.CHEX.PC.CD,Current health expenditure per capita (current US$),BO,Bolivia
BOL,2000,42.89028168,,,2,SH.XPD.CHEX.PC.CD,Current health expenditure per capita (current US$),BO,Bolivia
BIH,2023,772.88568115,,,2,SH.XPD.CHEX.PC.CD,Current health expenditure per capita (current US$),BA,Bosnia and Herzegovina
BIH,2022,667.29681396,,,2,SH.XPD.CHEX.PC.CD,Current health expenditure per capita (current US$),BA,Bosnia and Herzegovina
BIH,2021,697.07427979,,,2,SH.XPD.CHEX.PC.CD,Current health expenditure per capita (current US$),BA,Bosnia and Herzegovina
BIH,2020,594.8225708,,,2,SH.XPD.CHEX.PC.CD,Current health expenditure per capita (current US$),BA,Bosnia and Herzegovina
BIH,2019,546.4508667,,,2,SH.XPD.CHEX.PC.CD,Current health expenditure per capita (current US$),BA,Bosnia and Herzegovina
BIH,2018,529.85546875,,,2,SH.XPD.CHEX.PC.CD,Current health expenditure per capita (current US$),BA,Bosnia and Herzegovina
BIH,2017,471.32647705,,,2,SH.XPD.CHEX.PC.CD,Current health expenditure per capita (current US$),BA,Bosnia and Herzegovina
BIH,2016,450.44155884,,,2,SH.XPD.CHEX.PC.CD,Current health expenditure per capita (current US$),BA,Bosnia and Herzegovina
BIH,2015,430.83413696,,,2,SH.XPD.CHEX.PC.CD,Current health expenditure per capita (current US$),BA,Bosnia and Herzegovina
BIH,2014,493.07333374,,,2,SH.XPD.CHEX.PC.CD,Current health expenditure per capita (current US$),BA,Bosnia and Herzegovina
BIH,2013,475.07409668,,,2,SH.XPD.CHEX.PC.CD,Current health expenditure per capita (current US$),BA,Bosnia and Herzegovina
BIH,2012,444.93655396,,,2,SH.XPD.CHEX.PC.CD,Current health expenditure per capita (current US$),BA,Bosnia and Herzegovina
BIH,2011,456.96905518,,,2,SH.XPD.CHEX.PC.CD,Current health expenditure per capita (current US$),BA,Bosnia and Herzegovina
BIH,2010,406.13046265,,,2,SH.XPD.CHEX.PC.CD,Current health expenditure per capita (current US$),BA,Bosnia and Herzegovina
BIH,2009,409.29098511,,,2,SH.XPD.CHEX.PC.CD,Current health expenditure per capita (current US$),BA,Bosnia and Herzegovina
BIH,2008,459.29174805,,,2,SH.XPD.CHEX.PC.CD,Current health expenditure per capita (current US$),BA,Bosnia and Herzegovina
BIH,2007,363.86224365,,,2,SH.XPD.CHEX.PC.CD,Current health expenditure per capita (current US$),BA,Bosnia and Herzegovina
BIH,2006,281.26403809,,,2,SH.XPD.CHEX.PC.CD,Current health expenditure per capita (current US$),BA,Bosnia and Herzegovina
BIH,2005,241.64047241,,,2,SH.XPD.CHEX.PC.CD,Current health expenditure per capita (current US$),BA,Bosnia and Herzegovina
BIH,2004,222.27758789,,,2,SH.XPD.CHEX.PC.CD,Current health expenditure per capita (current US$),BA,Bosnia and Herzegovina
BIH,2003,168.42216492,,,2,SH.XPD.CHEX.PC.CD,Current health expenditure per capita (current US$),BA,Bosnia and Herzegovina
BIH,2002,118.87058258,,,2,SH.XPD.CHEX.PC.CD,Current health expenditure per capita (current US$),BA,Bosnia and Herzegovina
BIH,2001,105.10999298,,,2,SH.XPD.CHEX.PC.CD,Current health expenditure per capita (current US$),BA,Bosnia and Herzegovina
BIH,2000,106.5786972,,,2,SH.XPD.CHEX.PC.CD,Current health expenditure per capita (current US$),BA,Bosnia and Herzegovina
BWA,2023,489.59677124,,,2,SH.XPD.CHEX.PC.CD,Current health expenditure per capita (current US$),BW,Botswana
BWA,2022,477.77633667,,,2,SH.XPD.CHEX.PC.CD,Current health expenditure per capita (current US$),BW,Botswana
BWA,2021,492.14276123,,,2,SH.XPD.CHEX.PC.CD,Current health expenditure per capita (current US$),BW,Botswana
BWA,2020,386.28860474,,,2,SH.XPD.CHEX.PC.CD,Current health expenditure per capita (current US$),BW,Botswana
BWA,2019,438.28546143,,,2,SH.XPD.CHEX.PC.CD,Current health expenditure per capita (current US$),BW,Botswana
BWA,2018,447.4473877,,,2,SH.XPD.CHEX.PC.CD,Current health expenditure per capita (current US$),BW,Botswana
BWA,2017,471.05056763,,,2,SH.XPD.CHEX.PC.CD,Current health expenditure per capita (current US$),BW,Botswana
BWA,2016,389.3107605,,,2,SH.XPD.CHEX.PC.CD,Current health expenditure per capita (current US$),BW,Botswana
BWA,2015,374.79058838,,,2,SH.XPD.CHEX.PC.CD,Current health expenditure per capita (current US$),BW,Botswana
BWA,2014,418.82452393,,,2,SH.XPD.CHEX.PC.CD,Current health expenditure per capita (current US$),BW,Botswana
BWA,2013,433.29150391,,,2,SH.XPD.CHEX.PC.CD,Current health expenditure per capita (current US$),BW,Botswana
BWA,2012,418.82244873,,,2,SH.XPD.CHEX.PC.CD,Current health expenditure per capita (current US$),BW,Botswana
BWA,2011,427.70709229,,,2,SH.XPD.CHEX.PC.CD,Current health expenditure per capita (current US$),BW,Botswana
BWA,2010,389.55178833,,,2,SH.XPD.CHEX.PC.CD,Current health expenditure per capita (current US$),BW,Botswana
BWA,2009,336.53146362,,,2,SH.XPD.CHEX.PC.CD,Current health expenditure per capita (current US$),BW,Botswana
BWA,2008,324.54284668,,,2,SH.XPD.CHEX.PC.CD,Current health expenditure per capita (current US$),BW,Botswana
BWA,2007,305.22042847,,,2,SH.XPD.CHEX.PC.CD,Current health expenditure per capita (current US$),BW,Botswana
BWA,2006,258.01873779,,,2,SH.XPD.CHEX.PC.CD,Current health expenditure per capita (current US$),BW,Botswana
BWA,2005,281.38796997,,,2,SH.XPD.CHEX.PC.CD,Current health expenditure per capita (current US$),BW,Botswana
BWA,2004,297.2512207,,,2,SH.XPD.CHEX.PC.CD,Current health expenditure per capita (current US$),BW,Botswana
BWA,2003,269.58544922,,,2,SH.XPD.CHEX.PC.CD,Current health expenditure per capita (current US$),BW,Botswana
BWA,2002,206.11392212,,,2,SH.XPD.CHEX.PC.CD,Current health expenditure per capita (current US$),BW,Botswana
BWA,2001,203.01203918,,,2,SH.XPD.CHEX.PC.CD,Current health expenditure per capita (current US$),BW,Botswana
BWA,2000,206.93144226,,,2,SH.XPD.CHEX.PC.CD,Current health expenditure per capita (current US$),BW,Botswana
BRA,2023,1009.83563232,,,2,SH.XPD.CHEX.PC.CD,Current health expenditure per capita (current US$),BR,Brazil
BRA,2022,871.27526855,,,2,SH.XPD.CHEX.PC.CD,Current health expenditure per capita (current US$),BR,Brazil
BRA,2021,768.27075195,,,2,SH.XPD.CHEX.PC.CD,Current health expenditure per capita (current US$),BR,Brazil
BRA,2020,680.76843262,,,2,SH.XPD.CHEX.PC.CD,Current health expenditure per capita (current US$),BR,Brazil
BRA,2019,868.17248535,,,2,SH.XPD.CHEX.PC.CD,Current health expenditure per capita (current US$),BR,Brazil
BRA,2018,880.28430176,,,2,SH.XPD.CHEX.PC.CD,Current health expenditure per capita (current US$),BR,Brazil
BRA,2017,954.75012207,,,2,SH.XPD.CHEX.PC.CD,Current health expenditure per capita (current US$),BR,Brazil
BRA,2016,810.20037842,,,2,SH.XPD.CHEX.PC.CD,Current health expenditure per capita (current US$),BR,Brazil
BRA,2015,796.15252686,,,2,SH.XPD.CHEX.PC.CD,Current health expenditure per capita (current US$),BR,Brazil
BRA,2014,1030.66271973,,,2,SH.XPD.CHEX.PC.CD,Current health expenditure per capita (current US$),BR,Brazil
BRA,2013,993.79608154,,,2,SH.XPD.CHEX.PC.CD,Current health expenditure per capita (current US$),BR,Brazil
BRA,2012,968.7277832,,,2,SH.XPD.CHEX.PC.CD,Current health expenditure per capita (current US$),BR,Brazil
BRA,2011,1043.3548584,,,2,SH.XPD.CHEX.PC.CD,Current health expenditure per capita (current US$),BR,Brazil
BRA,2010,906.0098877,,,2,SH.XPD.CHEX.PC.CD,Current health expenditure per capita (current US$),BR,Brazil
BRA,2009,728.55639648,,,2,SH.XPD.CHEX.PC.CD,Current health expenditure per capita (current US$),BR,Brazil
BRA,2008,713.67193604,,,2,SH.XPD.CHEX.PC.CD,Current health expenditure per capita (current US$),BR,Brazil
BRA,2007,607.73022461,,,2,SH.XPD.CHEX.PC.CD,Current health expenditure per capita (current US$),BR,Brazil
BRA,2006,489.53884888,,,2,SH.XPD.CHEX.PC.CD,Current health expenditure per capita (current US$),BR,Brazil
BRA,2005,387.93121338,,,2,SH.XPD.CHEX.PC.CD,Current health expenditure per capita (current US$),BR,Brazil
BRA,2004,297.68243408,,,2,SH.XPD.CHEX.PC.CD,Current health expenditure per capita (current US$),BR,Brazil
BRA,2003,253.08970642,,,2,SH.XPD.CHEX.PC.CD,Current health expenditure per capita (current US$),BR,Brazil
BRA,2002,248.37753296,,,2,SH.XPD.CHEX.PC.CD,Current health expenditure per capita (current US$),BR,Brazil
BRA,2001,271.56121826,,,2,SH.XPD.CHEX.PC.CD,Current health expenditure per capita (current US$),BR,Brazil
BRA,2000,313.92590332,,,2,SH.XPD.CHEX.PC.CD,Current health expenditure per capita (current US$),BR,Brazil
VGB,2023,,,,2,SH.XPD.CHEX.PC.CD,Current health expenditure per capita (current US$),VG,British Virgin Islands
VGB,2022,,,,2,SH.XPD.CHEX.PC.CD,Current health expenditure per capita (current US$),VG,British Virgin Islands
VGB,2021,,,,2,SH.XPD.CHEX.PC.CD,Current health expenditure per capita (current US$),VG,British Virgin Islands
VGB,2020,,,,2,SH.XPD.CHEX.PC.CD,Current health expenditure per capita (current US$),VG,British Virgin Islands
VGB,2019,,,,2,SH.XPD.CHEX.PC.CD,Current health expenditure per capita (current US$),VG,British Virgin Islands
VGB,2018,,,,2,SH.XPD.CHEX.PC.CD,Current health expenditure per capita (current US$),VG,British Virgin Islands
VGB,2017,,,,2,SH.XPD.CHEX.PC.CD,Current health expenditure per capita (current US$),VG,British Virgin Islands
VGB,2016,,,,2,SH.XPD.CHEX.PC.CD,Current health expenditure per capita (current US$),VG,British Virgin Islands
VGB,2015,,,,2,SH.XPD.CHEX.PC.CD,Current health expenditure per capita (current US$),VG,British Virgin Islands
VGB,2014,,,,2,SH.XPD.CHEX.PC.CD,Current health expenditure per capita (current US$),VG,British Virgin Islands
VGB,2013,,,,2,SH.XPD.CHEX.PC.CD,Current health expenditure per capita (current US$),VG,British Virgin Islands
VGB,2012,,,,2,SH.XPD.CHEX.PC.CD,Current health expenditure per capita (current US$),VG,British Virgin Islands
VGB,2011,,,,2,SH.XPD.CHEX.PC.CD,Current health expenditure per capita (current US$),VG,British Virgin Islands
VGB,2010,,,,2,SH.XPD.CHEX.PC.CD,Current health expenditure per capita (current US$),VG,British Virgin Islands
VGB,2009,,,,2,SH.XPD.CHEX.PC.CD,Current health expenditure per capita (current US$),VG,British Virgin Islands
VGB,2008,,,,2,SH.XPD.CHEX.PC.CD,Current health expenditure per capita (current US$),VG,British Virgin Islands
VGB,2007,,,,2,SH.XPD.CHEX.PC.CD,Current health expenditure per capita (current US$),VG,British Virgin Islands
VGB,2006,,,,2,SH.XPD.CHEX.PC.CD,Current health expenditure per capita (current US$),VG,British Virgin Islands
VGB,2005,,,,2,SH.XPD.CHEX.PC.CD,Current health expenditure per capita (current US$),VG,British Virgin Islands
VGB,2004,,,,2,SH.XPD.CHEX.PC.CD,Current health expenditure per capita (current US$),VG,British Virgin Islands
VGB,2003,,,,2,SH.XPD.CHEX.PC.CD,Current health expenditure per capita (current US$),VG,British Virgin Islands
VGB,2002,,,,2,SH.XPD.CHEX.PC.CD,Current health expenditure per capita (current US$),VG,British Virgin Islands
VGB,2001,,,,2,SH.XPD.CHEX.PC.CD,Current health expenditure per capita (current US$),VG,British Virgin Islands
VGB,2000,,,,2,SH.XPD.CHEX.PC.CD,Current health expenditure per capita (current US$),VG,British Virgin Islands
BRN,2023,733.00543213,,,2,SH.XPD.CHEX.PC.CD,Current health expenditure per capita (current US$),BN,Brunei Darussalam
BRN,2022,648.55499268,,,2,SH.XPD.CHEX.PC.CD,Current health expenditure per capita (current US$),BN,Brunei Darussalam
BRN,2021,665.87030029,,,2,SH.XPD.CHEX.PC.CD,Current health expenditure per capita (current US$),BN,Brunei Darussalam
BRN,2020,658.38983154,,,2,SH.XPD.CHEX.PC.CD,Current health expenditure per capita (current US$),BN,Brunei Darussalam
BRN,2019,678.81982422,,,2,SH.XPD.CHEX.PC.CD,Current health expenditure per capita (current US$),BN,Brunei Darussalam
BRN,2018,748.69073486,,,2,SH.XPD.CHEX.PC.CD,Current health expenditure per capita (current US$),BN,Brunei Darussalam
BRN,2017,636.22973633,,,2,SH.XPD.CHEX.PC.CD,Current health expenditure per capita (current US$),BN,Brunei Darussalam
BRN,2016,679.46929932,,,2,SH.XPD.CHEX.PC.CD,Current health expenditure per capita (current US$),BN,Brunei Darussalam
BRN,2015,731.04980469,,,2,SH.XPD.CHEX.PC.CD,Current health expenditure per capita (current US$),BN,Brunei Darussalam
BRN,2014,785.41210938,,,2,SH.XPD.CHEX.PC.CD,Current health expenditure per capita (current US$),BN,Brunei Darussalam
BRN,2013,835.32452393,,,2,SH.XPD.CHEX.PC.CD,Current health expenditure per capita (current US$),BN,Brunei Darussalam
BRN,2012,869.36553955,,,2,SH.XPD.CHEX.PC.CD,Current health expenditure per capita (current US$),BN,Brunei Darussalam
BRN,2011,864.63787842,,,2,SH.XPD.CHEX.PC.CD,Current health expenditure per capita (current US$),BN,Brunei Darussalam
BRN,2010,795.97766113,,,2,SH.XPD.CHEX.PC.CD,Current health expenditure per capita (current US$),BN,Brunei Darussalam
BRN,2009,739.28015137,,,2,SH.XPD.CHEX.PC.CD,Current health expenditure per capita (current US$),BN,Brunei Darussalam
BRN,2008,792.01367188,,,2,SH.XPD.CHEX.PC.CD,Current health expenditure per capita (current US$),BN,Brunei Darussalam
BRN,2007,710.42297363,,,2,SH.XPD.CHEX.PC.CD,Current health expenditure per capita (current US$),BN,Brunei Darussalam
BRN,2006,664.74499512,,,2,SH.XPD.CHEX.PC.CD,Current health expenditure per capita (current US$),BN,Brunei Darussalam
BRN,2005,657.31945801,,,2,SH.XPD.CHEX.PC.CD,Current health expenditure per capita (current US$),BN,Brunei Darussalam
BRN,2004,630.73266602,,,2,SH.XPD.CHEX.PC.CD,Current health expenditure per capita (current US$),BN,Brunei Darussalam
BRN,2003,545.55560303,,,2,SH.XPD.CHEX.PC.CD,Current health expenditure per capita (current US$),BN,Brunei Darussalam
BRN,2002,482.52624512,,,2,SH.XPD.CHEX.PC.CD,Current health expenditure per capita (current US$),BN,Brunei Darussalam
BRN,2001,474.11706543,,,2,SH.XPD.CHEX.PC.CD,Current health expenditure per capita (current US$),BN,Brunei Darussalam
BRN,2000,519.05047607,,,2,SH.XPD.CHEX.PC.CD,Current health expenditure per capita (current US$),BN,Brunei Darussalam
BGR,2023,1257.87597656,,,2,SH.XPD.CHEX.PC.CD,Current health expenditure per capita (current US$),BG,Bulgaria
BGR,2022,1066.69189453,,,2,SH.XPD.CHEX.PC.CD,Current health expenditure per capita (current US$),BG,Bulgaria
BGR,2021,1109.10290527,,,2,SH.XPD.CHEX.PC.CD,Current health expenditure per capita (current US$),BG,Bulgaria
BGR,2020,906.54833984,,,2,SH.XPD.CHEX.PC.CD,Current health expenditure per capita (current US$),BG,Bulgaria
BGR,2019,733.06878662,,,2,SH.XPD.CHEX.PC.CD,Current health expenditure per capita (current US$),BG,Bulgaria
BGR,2018,719.78033447,,,2,SH.XPD.CHEX.PC.CD,Current health expenditure per capita (current US$),BG,Bulgaria
BGR,2017,647.56402588,,,2,SH.XPD.CHEX.PC.CD,Current health expenditure per capita (current US$),BG,Bulgaria
BGR,2016,579.76715088,,,2,SH.XPD.CHEX.PC.CD,Current health expenditure per capita (current US$),BG,Bulgaria
BGR,2015,534.21466064,,,2,SH.XPD.CHEX.PC.CD,Current health expenditure per capita (current US$),BG,Bulgaria
BGR,2014,616.16296387,,,2,SH.XPD.CHEX.PC.CD,Current health expenditure per capita (current US$),BG,Bulgaria
BGR,2013,553.68725586,,,2,SH.XPD.CHEX.PC.CD,Current health expenditure per capita (current US$),BG,Bulgaria
BGR,2012,558.64794922,,,2,SH.XPD.CHEX.PC.CD,Current health expenditure per capita (current US$),BG,Bulgaria
BGR,2011,555.86419678,,,2,SH.XPD.CHEX.PC.CD,Current health expenditure per capita (current US$),BG,Bulgaria
BGR,2010,484.75228882,,,2,SH.XPD.CHEX.PC.CD,Current health expenditure per capita (current US$),BG,Bulgaria
BGR,2009,459.30020142,,,2,SH.XPD.CHEX.PC.CD,Current health expenditure per capita (current US$),BG,Bulgaria
BGR,2008,455.54058838,,,2,SH.XPD.CHEX.PC.CD,Current health expenditure per capita (current US$),BG,Bulgaria
BGR,2007,361.23498535,,,2,SH.XPD.CHEX.PC.CD,Current health expenditure per capita (current US$),BG,Bulgaria
BGR,2006,294.10891724,,,2,SH.XPD.CHEX.PC.CD,Current health expenditure per capita (current US$),BG,Bulgaria
BGR,2005,267.74139404,,,2,SH.XPD.CHEX.PC.CD,Current health expenditure per capita (current US$),BG,Bulgaria
BGR,2004,233.11332703,,,2,SH.XPD.CHEX.PC.CD,Current health expenditure per capita (current US$),BG,Bulgaria
BGR,2003,195.74369812,,,2,SH.XPD.CHEX.PC.CD,Current health expenditure per capita (current US$),BG,Bulgaria
BGR,2002,148.1479187,,,2,SH.XPD.CHEX.PC.CD,Current health expenditure per capita (current US$),BG,Bulgaria
BGR,2001,119.82997894,,,2,SH.XPD.CHEX.PC.CD,Current health expenditure per capita (current US$),BG,Bulgaria
BGR,2000,94.51976013,,,2,SH.XPD.CHEX.PC.CD,Current health expenditure per capita (current US$),BG,Bulgaria
BFA,2023,71.73455048,,,2,SH.XPD.CHEX.PC.CD,Current health expenditure per capita (current US$),BF,Burkina Faso
BFA,2022,64.38339996,,,2,SH.XPD.CHEX.PC.CD,Current health expenditure per capita (current US$),BF,Burkina Faso
BFA,2021,63.59171295,,,2,SH.XPD.CHEX.PC.CD,Current health expenditure per capita (current US$),BF,Burkina Faso
BFA,2020,57.17589188,,,2,SH.XPD.CHEX.PC.CD,Current health expenditure per capita (current US$),BF,Burkina Faso
BFA,2019,41.06895828,,,2,SH.XPD.CHEX.PC.CD,Current health expenditure per capita (current US$),BF,Burkina Faso
BFA,2018,38.48573303,,,2,SH.XPD.CHEX.PC.CD,Current health expenditure per capita (current US$),BF,Burkina Faso
BFA,2017,43.37775803,,,2,SH.XPD.CHEX.PC.CD,Current health expenditure per capita (current US$),BF,Burkina Faso
BFA,2016,39.50990677,,,2,SH.XPD.CHEX.PC.CD,Current health expenditure per capita (current US$),BF,Burkina Faso
BFA,2015,32.3375206,,,2,SH.XPD.CHEX.PC.CD,Current health expenditure per capita (current US$),BF,Burkina Faso
BFA,2014,38.24516678,,,2,SH.XPD.CHEX.PC.CD,Current health expenditure per capita (current US$),BF,Burkina Faso
BFA,2013,42.26796341,,,2,SH.XPD.CHEX.PC.CD,Current health expenditure per capita (current US$),BF,Burkina Faso
BFA,2012,33.66717529,,,2,SH.XPD.CHEX.PC.CD,Current health expenditure per capita (current US$),BF,Burkina Faso
BFA,2011,33.70409393,,,2,SH.XPD.CHEX.PC.CD,Current health expenditure per capita (current US$),BF,Burkina Faso
BFA,2010,33.05819321,,,2,SH.XPD.CHEX.PC.CD,Current health expenditure per capita (current US$),BF,Burkina Faso
BFA,2009,31.26260567,,,2,SH.XPD.CHEX.PC.CD,Current health expenditure per capita (current US$),BF,Burkina Faso
BFA,2008,30.76880074,,,2,SH.XPD.CHEX.PC.CD,Current health expenditure per capita (current US$),BF,Burkina Faso
BFA,2007,29.72483063,,,2,SH.XPD.CHEX.PC.CD,Current health expenditure per capita (current US$),BF,Burkina Faso
BFA,2006,23.55202866,,,2,SH.XPD.CHEX.PC.CD,Current health expenditure per capita (current US$),BF,Burkina Faso
BFA,2005,21.34285545,,,2,SH.XPD.CHEX.PC.CD,Current health expenditure per capita (current US$),BF,Burkina Faso
BFA,2004,21.12279129,,,2,SH.XPD.CHEX.PC.CD,Current health expenditure per capita (current US$),BF,Burkina Faso
BFA,2003,16.02656555,,,2,SH.XPD.CHEX.PC.CD,Current health expenditure per capita (current US$),BF,Burkina Faso
BFA,2002,11.93992615,,,2,SH.XPD.CHEX.PC.CD,Current health expenditure per capita (current US$),BF,Burkina Faso
BFA,2001,10.27519512,,,2,SH.XPD.CHEX.PC.CD,Current health expenditure per capita (current US$),BF,Burkina Faso
BFA,2000,10.00902748,,,2,SH.XPD.CHEX.PC.CD,Current health expenditure per capita (current US$),BF,Burkina Faso
BDI,2023,28.14028931,,,2,SH.XPD.CHEX.PC.CD,Current health expenditure per capita (current US$),BI,Burundi
BDI,2022,25.52155113,,,2,SH.XPD.CHEX.PC.CD,Current health expenditure per capita (current US$),BI,Burundi
BDI,2021,23.11420059,,,2,SH.XPD.CHEX.PC.CD,Current health expenditure per capita (current US$),BI,Burundi
BDI,2020,26.21934319,,,2,SH.XPD.CHEX.PC.CD,Current health expenditure per capita (current US$),BI,Burundi
BDI,2019,22.2435379,,,2,SH.XPD.CHEX.PC.CD,Current health expenditure per capita (current US$),BI,Burundi
BDI,2018,18.67819214,,,2,SH.XPD.CHEX.PC.CD,Current health expenditure per capita (current US$),BI,Burundi
BDI,2017,19.16676521,,,2,SH.XPD.CHEX.PC.CD,Current health expenditure per capita (current US$),BI,Burundi
BDI,2016,18.59472847,,,2,SH.XPD.CHEX.PC.CD,Current health expenditure per capita (current US$),BI,Burundi
BDI,2015,17.67629051,,,2,SH.XPD.CHEX.PC.CD,Current health expenditure per capita (current US$),BI,Burundi
BDI,2014,18.06601143,,,2,SH.XPD.CHEX.PC.CD,Current health expenditure per capita (current US$),BI,Burundi
BDI,2013,20.26322556,,,2,SH.XPD.CHEX.PC.CD,Current health expenditure per capita (current US$),BI,Burundi
BDI,2012,20.01195908,,,2,SH.XPD.CHEX.PC.CD,Current health expenditure per capita (current US$),BI,Burundi
BDI,2011,23.16802216,,,2,SH.XPD.CHEX.PC.CD,Current health expenditure per capita (current US$),BI,Burundi
BDI,2010,24.45114708,,,2,SH.XPD.CHEX.PC.CD,Current health expenditure per capita (current US$),BI,Burundi
BDI,2009,18.31996346,,,2,SH.XPD.CHEX.PC.CD,Current health expenditure per capita (current US$),BI,Burundi
BDI,2008,14.67025566,,,2,SH.XPD.CHEX.PC.CD,Current health expenditure per capita (current US$),BI,Burundi
BDI,2007,15.26294613,,,2,SH.XPD.CHEX.PC.CD,Current health expenditure per capita (current US$),BI,Burundi
BDI,2006,14.10514736,,,2,SH.XPD.CHEX.PC.CD,Current health expenditure per capita (current US$),BI,Burundi
BDI,2005,11.13118172,,,2,SH.XPD.CHEX.PC.CD,Current health expenditure per capita (current US$),BI,Burundi
BDI,2004,8.88248062,,,2,SH.XPD.CHEX.PC.CD,Current health expenditure per capita (current US$),BI,Burundi
BDI,2003,5.87316799,,,2,SH.XPD.CHEX.PC.CD,Current health expenditure per capita (current US$),BI,Burundi
BDI,2002,6.46998882,,,2,SH.XPD.CHEX.PC.CD,Current health expenditure per capita (current US$),BI,Burundi
BDI,2001,7.50815582,,,2,SH.XPD.CHEX.PC.CD,Current health expenditure per capita (current US$),BI,Burundi
BDI,2000,5.67927122,,,2,SH.XPD.CHEX.PC.CD,Current health expenditure per capita (current US$),BI,Burundi
CPV,2023,290.12619019,,,2,SH.XPD.CHEX.PC.CD,Current health expenditure per capita (current US$),CV,Cabo Verde
CPV,2022,297.08233643,,,2,SH.XPD.CHEX.PC.CD,Current health expenditure per capita (current US$),CV,Cabo Verde
CPV,2021,262.42272949,,,2,SH.XPD.CHEX.PC.CD,Current health expenditure per capita (current US$),CV,Cabo Verde
CPV,2020,249.71989441,,,2,SH.XPD.CHEX.PC.CD,Current health expenditure per capita (current US$),CV,Cabo Verde
CPV,2019,211.24963379,,,2,SH.XPD.CHEX.PC.CD,Current health expenditure per capita (current US$),CV,Cabo Verde
CPV,2018,205.5345459,,,2,SH.XPD.CHEX.PC.CD,Current health expenditure per capita (current US$),CV,Cabo Verde
CPV,2017,174.43547058,,,2,SH.XPD.CHEX.PC.CD,Current health expenditure per capita (current US$),CV,Cabo Verde
CPV,2016,157.39906311,,,2,SH.XPD.CHEX.PC.CD,Current health expenditure per capita (current US$),CV,Cabo Verde
CPV,2015,150.28823853,,,2,SH.XPD.CHEX.PC.CD,Current health expenditure per capita (current US$),CV,Cabo Verde
CPV,2014,193.39482117,,,2,SH.XPD.CHEX.PC.CD,Current health expenditure per capita (current US$),CV,Cabo Verde
CPV,2013,191.1048584,,,2,SH.XPD.CHEX.PC.CD,Current health expenditure per capita (current US$),CV,Cabo Verde
CPV,2012,174.66062927,,,2,SH.XPD.CHEX.PC.CD,Current health expenditure per capita (current US$),CV,Cabo Verde
CPV,2011,157.08999634,,,2,SH.XPD.CHEX.PC.CD,Current health expenditure per capita (current US$),CV,Cabo Verde
CPV,2010,146.07247925,,,2,SH.XPD.CHEX.PC.CD,Current health expenditure per capita (current US$),CV,Cabo Verde
CPV,2009,130.23704529,,,2,SH.XPD.CHEX.PC.CD,Current health expenditure per capita (current US$),CV,Cabo Verde
CPV,2008,127.79390717,,,2,SH.XPD.CHEX.PC.CD,Current health expenditure per capita (current US$),CV,Cabo Verde
CPV,2007,127.73626709,,,2,SH.XPD.CHEX.PC.CD,Current health expenditure per capita (current US$),CV,Cabo Verde
CPV,2006,113.13097382,,,2,SH.XPD.CHEX.PC.CD,Current health expenditure per capita (current US$),CV,Cabo Verde
CPV,2005,96.08917999,,,2,SH.XPD.CHEX.PC.CD,Current health expenditure per capita (current US$),CV,Cabo Verde
CPV,2004,93.43228912,,,2,SH.XPD.CHEX.PC.CD,Current health expenditure per capita (current US$),CV,Cabo Verde
CPV,2003,84.6628952,,,2,SH.XPD.CHEX.PC.CD,Current health expenditure per capita (current US$),CV,Cabo Verde
CPV,2002,69.12203979,,,2,SH.XPD.CHEX.PC.CD,Current health expenditure per capita (current US$),CV,Cabo Verde
CPV,2001,63.55782318,,,2,SH.XPD.CHEX.PC.CD,Current health expenditure per capita (current US$),CV,Cabo Verde
CPV,2000,59.54011154,,,2,SH.XPD.CHEX.PC.CD,Current health expenditure per capita (current US$),CV,Cabo Verde
KHM,2023,114.56295776,,,2,SH.XPD.CHEX.PC.CD,Current health expenditure per capita (current US$),KH,Cambodia
KHM,2022,103.89541626,,,2,SH.XPD.CHEX.PC.CD,Current health expenditure per capita (current US$),KH,Cambodia
KHM,2021,137.38909912,,,2,SH.XPD.CHEX.PC.CD,Current health expenditure per capita (current US$),KH,Cambodia
KHM,2020,106.79976654,,,2,SH.XPD.CHEX.PC.CD,Current health expenditure per capita (current US$),KH,Cambodia
KHM,2019,112.5851059,,,2,SH.XPD.CHEX.PC.CD,Current health expenditure per capita (current US$),KH,Cambodia
KHM,2018,91.59080505,,,2,SH.XPD.CHEX.PC.CD,Current health expenditure per capita (current US$),KH,Cambodia
KHM,2017,77.97311401,,,2,SH.XPD.CHEX.PC.CD,Current health expenditure per capita (current US$),KH,Cambodia
KHM,2016,75.22520447,,,2,SH.XPD.CHEX.PC.CD,Current health expenditure per capita (current US$),KH,Cambodia
KHM,2015,70.23264313,,,2,SH.XPD.CHEX.PC.CD,Current health expenditure per capita (current US$),KH,Cambodia
KHM,2014,63.1011467,,,2,SH.XPD.CHEX.PC.CD,Current health expenditure per capita (current US$),KH,Cambodia
KHM,2013,65.39577484,,,2,SH.XPD.CHEX.PC.CD,Current health expenditure per capita (current US$),KH,Cambodia
KHM,2012,68.90019989,,,2,SH.XPD.CHEX.PC.CD,Current health expenditure per capita (current US$),KH,Cambodia
KHM,2011,65.3871994,,,2,SH.XPD.CHEX.PC.CD,Current health expenditure per capita (current US$),KH,Cambodia
KHM,2010,53.58575439,,,2,SH.XPD.CHEX.PC.CD,Current health expenditure per capita (current US$),KH,Cambodia
KHM,2009,55.25073624,,,2,SH.XPD.CHEX.PC.CD,Current health expenditure per capita (current US$),KH,Cambodia
KHM,2008,48.62422562,,,2,SH.XPD.CHEX.PC.CD,Current health expenditure per capita (current US$),KH,Cambodia
KHM,2007,32.39221573,,,2,SH.XPD.CHEX.PC.CD,Current health expenditure per capita (current US$),KH,Cambodia
KHM,2006,32.84370041,,,2,SH.XPD.CHEX.PC.CD,Current health expenditure per capita (current US$),KH,Cambodia
KHM,2005,32.33660507,,,2,SH.XPD.CHEX.PC.CD,Current health expenditure per capita (current US$),KH,Cambodia
KHM,2004,28.80763817,,,2,SH.XPD.CHEX.PC.CD,Current health expenditure per capita (current US$),KH,Cambodia
KHM,2003,25.00667191,,,2,SH.XPD.CHEX.PC.CD,Current health expenditure per capita (current US$),KH,Cambodia
KHM,2002,24.25898743,,,2,SH.XPD.CHEX.PC.CD,Current health expenditure per capita (current US$),KH,Cambodia
KHM,2001,22.18333626,,,2,SH.XPD.CHEX.PC.CD,Current health expenditure per capita (current US$),KH,Cambodia
KHM,2000,19.27847862,,,2,SH.XPD.CHEX.PC.CD,Current health expenditure per capita (current US$),KH,Cambodia
CMR,2023,79.09996796,,,2,SH.XPD.CHEX.PC.CD,Current health expenditure per capita (current US$),CM,Cameroon
CMR,2022,72.12950897,,,2,SH.XPD.CHEX.PC.CD,Current health expenditure per capita (current US$),CM,Cameroon
CMR,2021,72.59731293,,,2,SH.XPD.CHEX.PC.CD,Current health expenditure per capita (current US$),CM,Cameroon
CMR,2020,66.17185211,,,2,SH.XPD.CHEX.PC.CD,Current health expenditure per capita (current US$),CM,Cameroon
CMR,2019,56.79493713,,,2,SH.XPD.CHEX.PC.CD,Current health expenditure per capita (current US$),CM,Cameroon
CMR,2018,58.32909393,,,2,SH.XPD.CHEX.PC.CD,Current health expenditure per capita (current US$),CM,Cameroon
CMR,2017,56.7457695,,,2,SH.XPD.CHEX.PC.CD,Current health expenditure per capita (current US$),CM,Cameroon
CMR,2016,57.99372482,,,2,SH.XPD.CHEX.PC.CD,Current health expenditure per capita (current US$),CM,Cameroon
CMR,2015,58.38298035,,,2,SH.XPD.CHEX.PC.CD,Current health expenditure per capita (current US$),CM,Cameroon
CMR,2014,71.61038208,,,2,SH.XPD.CHEX.PC.CD,Current health expenditure per capita (current US$),CM,Cameroon
CMR,2013,57.22771454,,,2,SH.XPD.CHEX.PC.CD,Current health expenditure per capita (current US$),CM,Cameroon
CMR,2012,56.96441269,,,2,SH.XPD.CHEX.PC.CD,Current health expenditure per capita (current US$),CM,Cameroon
CMR,2011,58.33031845,,,2,SH.XPD.CHEX.PC.CD,Current health expenditure per capita (current US$),CM,Cameroon
CMR,2010,50.03335571,,,2,SH.XPD.CHEX.PC.CD,Current health expenditure per capita (current US$),CM,Cameroon
CMR,2009,51.14823914,,,2,SH.XPD.CHEX.PC.CD,Current health expenditure per capita (current US$),CM,Cameroon
CMR,2008,54.58909225,,,2,SH.XPD.CHEX.PC.CD,Current health expenditure per capita (current US$),CM,Cameroon
CMR,2007,50.30911255,,,2,SH.XPD.CHEX.PC.CD,Current health expenditure per capita (current US$),CM,Cameroon
CMR,2006,44.52022934,,,2,SH.XPD.CHEX.PC.CD,Current health expenditure per capita (current US$),CM,Cameroon
CMR,2005,43.10830688,,,2,SH.XPD.CHEX.PC.CD,Current health expenditure per capita (current US$),CM,Cameroon
CMR,2004,42.25278473,,,2,SH.XPD.CHEX.PC.CD,Current health expenditure per capita (current US$),CM,Cameroon
CMR,2003,38.56394196,,,2,SH.XPD.CHEX.PC.CD,Current health expenditure per capita (current US$),CM,Cameroon
CMR,2002,31.79577446,,,2,SH.XPD.CHEX.PC.CD,Current health expenditure per capita (current US$),CM,Cameroon
CMR,2001,29.82297325,,,2,SH.XPD.CHEX.PC.CD,Current health expenditure per capita (current US$),CM,Cameroon
CMR,2000,30.438097,,,2,SH.XPD.CHEX.PC.CD,Current health expenditure per capita (current US$),CM,Cameroon
CAN,2023,6186.65234375,,,2,SH.XPD.CHEX.PC.CD,Current health expenditure per capita (current US$),CA,Canada
CAN,2022,6252.34033203,,,2,SH.XPD.CHEX.PC.CD,Current health expenditure per capita (current US$),CA,Canada
CAN,2021,6511.46972656,,,2,SH.XPD.CHEX.PC.CD,Current health expenditure per capita (current US$),CA,Canada
CAN,2020,5646.19433594,,,2,SH.XPD.CHEX.PC.CD,Current health expenditure per capita (current US$),CA,Canada
CAN,2019,5098.88720703,,,2,SH.XPD.CHEX.PC.CD,Current health expenditure per capita (current US$),CA,Canada
CAN,2018,5052.90185547,,,2,SH.XPD.CHEX.PC.CD,Current health expenditure per capita (current US$),CA,Canada
CAN,2017,4894.7734375,,,2,SH.XPD.CHEX.PC.CD,Current health expenditure per capita (current US$),CA,Canada
CAN,2016,4647.14892578,,,2,SH.XPD.CHEX.PC.CD,Current health expenditure per capita (current US$),CA,Canada
CAN,2015,4658.83789063,,,2,SH.XPD.CHEX.PC.CD,Current health expenditure per capita (current US$),CA,Canada
CAN,2014,5209.93164063,,,2,SH.XPD.CHEX.PC.CD,Current health expenditure per capita (current US$),CA,Canada
CAN,2013,5460.03173828,,,2,SH.XPD.CHEX.PC.CD,Current health expenditure per capita (current US$),CA,Canada
CAN,2012,5518.5703125,,,2,SH.XPD.CHEX.PC.CD,Current health expenditure per capita (current US$),CA,Canada
CAN,2011,5399.98779297,,,2,SH.XPD.CHEX.PC.CD,Current health expenditure per capita (current US$),CA,Canada
CAN,2010,5060.88818359,,,2,SH.XPD.CHEX.PC.CD,Current health expenditure per capita (current US$),CA,Canada
CAN,2009,4355.83056641,,,2,SH.XPD.CHEX.PC.CD,Current health expenditure per capita (current US$),CA,Canada
CAN,2008,4454.11621094,,,2,SH.XPD.CHEX.PC.CD,Current health expenditure per capita (current US$),CA,Canada
CAN,2007,4187.87255859,,,2,SH.XPD.CHEX.PC.CD,Current health expenditure per capita (current US$),CA,Canada
CAN,2006,3758.35961914,,,2,SH.XPD.CHEX.PC.CD,Current health expenditure per capita (current US$),CA,Canada
CAN,2005,3268.46850586,,,2,SH.XPD.CHEX.PC.CD,Current health expenditure per capita (current US$),CA,Canada
CAN,2004,2896.19335938,,,2,SH.XPD.CHEX.PC.CD,Current health expenditure per capita (current US$),CA,Canada
CAN,2003,2534.86474609,,,2,SH.XPD.CHEX.PC.CD,Current health expenditure per capita (current US$),CA,Canada
CAN,2002,2134.84960938,,,2,SH.XPD.CHEX.PC.CD,Current health expenditure per capita (current US$),CA,Canada
CAN,2001,2041.87512207,,,2,SH.XPD.CHEX.PC.CD,Current health expenditure per capita (current US$),CA,Canada
CAN,2000,1988.15942383,,,2,SH.XPD.CHEX.PC.CD,Current health expenditure per capita (current US$),CA,Canada
CYM,2023,,,,2,SH.XPD.CHEX.PC.CD,Current health expenditure per capita (current US$),KY,Cayman Islands
CYM,2022,,,,2,SH.XPD.CHEX.PC.CD,Current health expenditure per capita (current US$),KY,Cayman Islands
CYM,2021,,,,2,SH.XPD.CHEX.PC.CD,Current health expenditure per capita (current US$),KY,Cayman Islands
CYM,2020,,,,2,SH.XPD.CHEX.PC.CD,Current health expenditure per capita (current US$),KY,Cayman Islands
CYM,2019,,,,2,SH.XPD.CHEX.PC.CD,Current health expenditure per capita (current US$),KY,Cayman Islands
CYM,2018,,,,2,SH.XPD.CHEX.PC.CD,Current health expenditure per capita (current US$),KY,Cayman Islands
CYM,2017,,,,2,SH.XPD.CHEX.PC.CD,Current health expenditure per capita (current US$),KY,Cayman Islands
CYM,2016,,,,2,SH.XPD.CHEX.PC.CD,Current health expenditure per capita (current US$),KY,Cayman Islands
CYM,2015,,,,2,SH.XPD.CHEX.PC.CD,Current health expenditure per capita (current US$),KY,Cayman Islands
CYM,2014,,,,2,SH.XPD.CHEX.PC.CD,Current health expenditure per capita (current US$),KY,Cayman Islands
CYM,2013,,,,2,SH.XPD.CHEX.PC.CD,Current health expenditure per capita (current US$),KY,Cayman Islands
CYM,2012,,,,2,SH.XPD.CHEX.PC.CD,Current health expenditure per capita (current US$),KY,Cayman Islands
CYM,2011,,,,2,SH.XPD.CHEX.PC.CD,Current health expenditure per capita (current US$),KY,Cayman Islands
CYM,2010,,,,2,SH.XPD.CHEX.PC.CD,Current health expenditure per capita (current US$),KY,Cayman Islands
CYM,2009,,,,2,SH.XPD.CHEX.PC.CD,Current health expenditure per capita (current US$),KY,Cayman Islands
CYM,2008,,,,2,SH.XPD.CHEX.PC.CD,Current health expenditure per capita (current US$),KY,Cayman Islands
CYM,2007,,,,2,SH.XPD.CHEX.PC.CD,Current health expenditure per capita (current US$),KY,Cayman Islands
CYM,2006,,,,2,SH.XPD.CHEX.PC.CD,Current health expenditure per capita (current US$),KY,Cayman Islands
CYM,2005,,,,2,SH.XPD.CHEX.PC.CD,Current health expenditure per capita (current US$),KY,Cayman Islands
CYM,2004,,,,2,SH.XPD.CHEX.PC.CD,Current health expenditure per capita (current US$),KY,Cayman Islands
CYM,2003,,,,2,SH.XPD.CHEX.PC.CD,Current health expenditure per capita (current US$),KY,Cayman Islands
CYM,2002,,,,2,SH.XPD.CHEX.PC.CD,Current health expenditure per capita (current US$),KY,Cayman Islands
CYM,2001,,,,2,SH.XPD.CHEX.PC.CD,Current health expenditure per capita (current US$),KY,Cayman Islands
CYM,2000,,,,2,SH.XPD.CHEX.PC.CD,Current health expenditure per capita (current US$),KY,Cayman Islands
CAF,2023,53.81136703,,,2,SH.XPD.CHEX.PC.CD,Current health expenditure per capita (current US$),CF,Central African Republic
CAF,2022,47.91523361,,,2,SH.XPD.CHEX.PC.CD,Current health expenditure per capita (current US$),CF,Central African Republic
CAF,2021,46.25038147,,,2,SH.XPD.CHEX.PC.CD,Current health expenditure per capita (current US$),CF,Central African Republic
CAF,2020,42.63476563,,,2,SH.XPD.CHEX.PC.CD,Current health expenditure per capita (current US$),CF,Central African Republic
CAF,2019,35.76099014,,,2,SH.XPD.CHEX.PC.CD,Current health expenditure per capita (current US$),CF,Central African Republic
CAF,2018,51.3541069,,,2,SH.XPD.CHEX.PC.CD,Current health expenditure per capita (current US$),CF,Central African Republic
CAF,2017,28.81619644,,,2,SH.XPD.CHEX.PC.CD,Current health expenditure per capita (current US$),CF,Central African Republic
CAF,2016,21.07796097,,,2,SH.XPD.CHEX.PC.CD,Current health expenditure per capita (current US$),CF,Central African Republic
CAF,2015,18.44194221,,,2,SH.XPD.CHEX.PC.CD,Current health expenditure per capita (current US$),CF,Central African Republic
CAF,2014,18.7120266,,,2,SH.XPD.CHEX.PC.CD,Current health expenditure per capita (current US$),CF,Central African Republic
CAF,2013,17.36794472,,,2,SH.XPD.CHEX.PC.CD,Current health expenditure per capita (current US$),CF,Central African Republic
CAF,2012,21.33021736,,,2,SH.XPD.CHEX.PC.CD,Current health expenditure per capita (current US$),CF,Central African Republic
CAF,2011,19.62990761,,,2,SH.XPD.CHEX.PC.CD,Current health expenditure per capita (current US$),CF,Central African Republic
CAF,2010,17.01008034,,,2,SH.XPD.CHEX.PC.CD,Current health expenditure per capita (current US$),CF,Central African Republic
CAF,2009,21.37773895,,,2,SH.XPD.CHEX.PC.CD,Current health expenditure per capita (current US$),CF,Central African Republic
CAF,2008,18.02888489,,,2,SH.XPD.CHEX.PC.CD,Current health expenditure per capita (current US$),CF,Central African Republic
CAF,2007,18.24629021,,,2,SH.XPD.CHEX.PC.CD,Current health expenditure per capita (current US$),CF,Central African Republic
CAF,2006,15.15495491,,,2,SH.XPD.CHEX.PC.CD,Current health expenditure per capita (current US$),CF,Central African Republic
CAF,2005,13.93517494,,,2,SH.XPD.CHEX.PC.CD,Current health expenditure per capita (current US$),CF,Central African Republic
CAF,2004,12.96809387,,,2,SH.XPD.CHEX.PC.CD,Current health expenditure per capita (current US$),CF,Central African Republic
CAF,2003,12.15000153,,,2,SH.XPD.CHEX.PC.CD,Current health expenditure per capita (current US$),CF,Central African Republic
CAF,2002,10.44132614,,,2,SH.XPD.CHEX.PC.CD,Current health expenditure per capita (current US$),CF,Central African Republic
CAF,2001,9.20995235,,,2,SH.XPD.CHEX.PC.CD,Current health expenditure per capita (current US$),CF,Central African Republic
CAF,2000,9.9123354,,,2,SH.XPD.CHEX.PC.CD,Current health expenditure per capita (current US$),CF,Central African Republic
TCD,2023,47.43893051,,,2,SH.XPD.CHEX.PC.CD,Current health expenditure per capita (current US$),TD,Chad
TCD,2022,40.17007446,,,2,SH.XPD.CHEX.PC.CD,Current health expenditure per capita (current US$),TD,Chad
TCD,2021,37.59156799,,,2,SH.XPD.CHEX.PC.CD,Current health expenditure per capita (current US$),TD,Chad
TCD,2020,37.73088074,,,2,SH.XPD.CHEX.PC.CD,Current health expenditure per capita (current US$),TD,Chad
TCD,2019,30.23690224,,,2,SH.XPD.CHEX.PC.CD,Current health expenditure per capita (current US$),TD,Chad
TCD,2018,31.2043705,,,2,SH.XPD.CHEX.PC.CD,Current health expenditure per capita (current US$),TD,Chad
TCD,2017,29.9935894,,,2,SH.XPD.CHEX.PC.CD,Current health expenditure per capita (current US$),TD,Chad
TCD,2016,31.96038055,,,2,SH.XPD.CHEX.PC.CD,Current health expenditure per capita (current US$),TD,Chad
TCD,2015,33.82092285,,,2,SH.XPD.CHEX.PC.CD,Current health expenditure per capita (current US$),TD,Chad
TCD,2014,42.16276169,,,2,SH.XPD.CHEX.PC.CD,Current health expenditure per capita (current US$),TD,Chad
TCD,2013,38.59413528,,,2,SH.XPD.CHEX.PC.CD,Current health expenditure per capita (current US$),TD,Chad
TCD,2012,36.20247269,,,2,SH.XPD.CHEX.PC.CD,Current health expenditure per capita (current US$),TD,Chad
TCD,2011,37.35868073,,,2,SH.XPD.CHEX.PC.CD,Current health expenditure per capita (current US$),TD,Chad
TCD,2010,35.26005936,,,2,SH.XPD.CHEX.PC.CD,Current health expenditure per capita (current US$),TD,Chad
TCD,2009,34.82435226,,,2,SH.XPD.CHEX.PC.CD,Current health expenditure per capita (current US$),TD,Chad
TCD,2008,36.89921951,,,2,SH.XPD.CHEX.PC.CD,Current health expenditure per capita (current US$),TD,Chad
TCD,2007,34.0423584,,,2,SH.XPD.CHEX.PC.CD,Current health expenditure per capita (current US$),TD,Chad
TCD,2006,33.8651123,,,2,SH.XPD.CHEX.PC.CD,Current health expenditure per capita (current US$),TD,Chad
TCD,2005,31.27608871,,,2,SH.XPD.CHEX.PC.CD,Current health expenditure per capita (current US$),TD,Chad
TCD,2004,27.74994278,,,2,SH.XPD.CHEX.PC.CD,Current health expenditure per capita (current US$),TD,Chad
TCD,2003,18.0202446,,,2,SH.XPD.CHEX.PC.CD,Current health expenditure per capita (current US$),TD,Chad
TCD,2002,18.01737785,,,2,SH.XPD.CHEX.PC.CD,Current health expenditure per capita (current US$),TD,Chad
TCD,2001,11.64042854,,,2,SH.XPD.CHEX.PC.CD,Current health expenditure per capita (current US$),TD,Chad
TCD,2000,10.07452297,,,2,SH.XPD.CHEX.PC.CD,Current health expenditure per capita (current US$),TD,Chad
CHI,2023,,,,2,SH.XPD.CHEX.PC.CD,Current health expenditure per capita (current US$),JG,Channel Islands
CHI,2022,,,,2,SH.XPD.CHEX.PC.CD,Current health expenditure per capita (current US$),JG,Channel Islands
CHI,2021,,,,2,SH.XPD.CHEX.PC.CD,Current health expenditure per capita (current US$),JG,Channel Islands
CHI,2020,,,,2,SH.XPD.CHEX.PC.CD,Current health expenditure per capita (current US$),JG,Channel Islands
CHI,2019,,,,2,SH.XPD.CHEX.PC.CD,Current health expenditure per capita (current US$),JG,Channel Islands
CHI,2018,,,,2,SH.XPD.CHEX.PC.CD,Current health expenditure per capita (current US$),JG,Channel Islands
CHI,2017,,,,2,SH.XPD.CHEX.PC.CD,Current health expenditure per capita (current US$),JG,Channel Islands
CHI,2016,,,,2,SH.XPD.CHEX.PC.CD,Current health expenditure per capita (current US$),JG,Channel Islands
CHI,2015,,,,2,SH.XPD.CHEX.PC.CD,Current health expenditure per capita (current US$),JG,Channel Islands
CHI,2014,,,,2,SH.XPD.CHEX.PC.CD,Current health expenditure per capita (current US$),JG,Channel Islands
CHI,2013,,,,2,SH.XPD.CHEX.PC.CD,Current health expenditure per capita (current US$),JG,Channel Islands
CHI,2012,,,,2,SH.XPD.CHEX.PC.CD,Current health expenditure per capita (current US$),JG,Channel Islands
CHI,2011,,,,2,SH.XPD.CHEX.PC.CD,Current health expenditure per capita (current US$),JG,Channel Islands
CHI,2010,,,,2,SH.XPD.CHEX.PC.CD,Current health expenditure per capita (current US$),JG,Channel Islands
CHI,2009,,,,2,SH.XPD.CHEX.PC.CD,Current health expenditure per capita (current US$),JG,Channel Islands
CHI,2008,,,,2,SH.XPD.CHEX.PC.CD,Current health expenditure per capita (current US$),JG,Channel Islands
CHI,2007,,,,2,SH.XPD.CHEX.PC.CD,Current health expenditure per capita (current US$),JG,Channel Islands
CHI,2006,,,,2,SH.XPD.CHEX.PC.CD,Current health expenditure per capita (current US$),JG,Channel Islands
CHI,2005,,,,2,SH.XPD.CHEX.PC.CD,Current health expenditure per capita (current US$),JG,Channel Islands
CHI,2004,,,,2,SH.XPD.CHEX.PC.CD,Current health expenditure per capita (current US$),JG,Channel Islands
CHI,2003,,,,2,SH.XPD.CHEX.PC.CD,Current health expenditure per capita (current US$),JG,Channel Islands
CHI,2002,,,,2,SH.XPD.CHEX.PC.CD,Current health expenditure per capita (current US$),JG,Channel Islands
CHI,2001,,,,2,SH.XPD.CHEX.PC.CD,Current health expenditure per capita (current US$),JG,Channel Islands
CHI,2000,,,,2,SH.XPD.CHEX.PC.CD,Current health expenditure per capita (current US$),JG,Channel Islands
CHL,2023,1736.52038574,,,2,SH.XPD.CHEX.PC.CD,Current health expenditure per capita (current US$),CL,Chile
CHL,2022,1541.37927246,,,2,SH.XPD.CHEX.PC.CD,Current health expenditure per capita (current US$),CL,Chile
CHL,2021,1576.69287109,,,2,SH.XPD.CHEX.PC.CD,Current health expenditure per capita (current US$),CL,Chile
CHL,2020,1270.97814941,,,2,SH.XPD.CHEX.PC.CD,Current health expenditure per capita (current US$),CL,Chile
CHL,2019,1348.99401855,,,2,SH.XPD.CHEX.PC.CD,Current health expenditure per capita (current US$),CL,Chile
CHL,2018,1430.70263672,,,2,SH.XPD.CHEX.PC.CD,Current health expenditure per capita (current US$),CL,Chile
CHL,2017,1353.69274902,,,2,SH.XPD.CHEX.PC.CD,Current health expenditure per capita (current US$),CL,Chile
CHL,2016,1167.89306641,,,2,SH.XPD.CHEX.PC.CD,Current health expenditure per capita (current US$),CL,Chile
CHL,2015,1122.13378906,,,2,SH.XPD.CHEX.PC.CD,Current health expenditure per capita (current US$),CL,Chile
CHL,2014,1138.66113281,,,2,SH.XPD.CHEX.PC.CD,Current health expenditure per capita (current US$),CL,Chile
CHL,2013,1171.77038574,,,2,SH.XPD.CHEX.PC.CD,Current health expenditure per capita (current US$),CL,Chile
CHL,2012,1070.51293945,,,2,SH.XPD.CHEX.PC.CD,Current health expenditure per capita (current US$),CL,Chile
CHL,2011,984.4486084,,,2,SH.XPD.CHEX.PC.CD,Current health expenditure per capita (current US$),CL,Chile
CHL,2010,861.72436523,,,2,SH.XPD.CHEX.PC.CD,Current health expenditure per capita (current US$),CL,Chile
CHL,2009,730.63336182,,,2,SH.XPD.CHEX.PC.CD,Current health expenditure per capita (current US$),CL,Chile
CHL,2008,719.07501221,,,2,SH.XPD.CHEX.PC.CD,Current health expenditure per capita (current US$),CL,Chile
CHL,2007,643.05963135,,,2,SH.XPD.CHEX.PC.CD,Current health expenditure per capita (current US$),CL,Chile
CHL,2006,565.8493042,,,2,SH.XPD.CHEX.PC.CD,Current health expenditure per capita (current US$),CL,Chile
CHL,2005,495.56002808,,,2,SH.XPD.CHEX.PC.CD,Current health expenditure per capita (current US$),CL,Chile
CHL,2004,422.96481323,,,2,SH.XPD.CHEX.PC.CD,Current health expenditure per capita (current US$),CL,Chile
CHL,2003,346.1635437,,,2,SH.XPD.CHEX.PC.CD,Current health expenditure per capita (current US$),CL,Chile
CHL,2002,319.53222656,,,2,SH.XPD.CHEX.PC.CD,Current health expenditure per capita (current US$),CL,Chile
CHL,2001,323.63336182,,,2,SH.XPD.CHEX.PC.CD,Current health expenditure per capita (current US$),CL,Chile
CHL,2000,353.25033569,,,2,SH.XPD.CHEX.PC.CD,Current health expenditure per capita (current US$),CL,Chile
CHN,2023,763.37762451,,,2,SH.XPD.CHEX.PC.CD,Current health expenditure per capita (current US$),CN,China
CHN,2022,755.43597412,,,2,SH.XPD.CHEX.PC.CD,Current health expenditure per capita (current US$),CN,China
CHN,2021,670.25897217,,,2,SH.XPD.CHEX.PC.CD,Current health expenditure per capita (current US$),CN,China
CHN,2020,582.95092773,,,2,SH.XPD.CHEX.PC.CD,Current health expenditure per capita (current US$),CN,China
CHN,2019,538.99157715,,,2,SH.XPD.CHEX.PC.CD,Current health expenditure per capita (current US$),CN,China
CHN,2018,504.10980225,,,2,SH.XPD.CHEX.PC.CD,Current health expenditure per capita (current US$),CN,China
CHN,2017,439.94006348,,,2,SH.XPD.CHEX.PC.CD,Current health expenditure per capita (current US$),CN,China
CHN,2016,398.17489624,,,2,SH.XPD.CHEX.PC.CD,Current health expenditure per capita (current US$),CN,China
CHN,2015,393.09768677,,,2,SH.XPD.CHEX.PC.CD,Current health expenditure per capita (current US$),CN,China
CHN,2014,362.28695679,,,2,SH.XPD.CHEX.PC.CD,Current health expenditure per capita (current US$),CN,China
CHN,2013,329.08572388,,,2,SH.XPD.CHEX.PC.CD,Current health expenditure per capita (current US$),CN,China
CHN,2012,284.69760132,,,2,SH.XPD.CHEX.PC.CD,Current health expenditure per capita (current US$),CN,China
CHN,2011,239.19824219,,,2,SH.XPD.CHEX.PC.CD,Current health expenditure per capita (current US$),CN,China
CHN,2010,188.87156677,,,2,SH.XPD.CHEX.PC.CD,Current health expenditure per capita (current US$),CN,China
CHN,2009,164.87619019,,,2,SH.XPD.CHEX.PC.CD,Current health expenditure per capita (current US$),CN,China
CHN,2008,133.83999634,,,2,SH.XPD.CHEX.PC.CD,Current health expenditure per capita (current US$),CN,China
CHN,2007,98.5569458,,,2,SH.XPD.CHEX.PC.CD,Current health expenditure per capita (current US$),CN,China
CHN,2006,82.48256683,,,2,SH.XPD.CHEX.PC.CD,Current health expenditure per capita (current US$),CN,China
CHN,2005,73.00266266,,,2,SH.XPD.CHEX.PC.CD,Current health expenditure per capita (current US$),CN,China
CHN,2004,64.28150177,,,2,SH.XPD.CHEX.PC.CD,Current health expenditure per capita (current US$),CN,China
CHN,2003,56.54468155,,,2,SH.XPD.CHEX.PC.CD,Current health expenditure per capita (current US$),CN,China
CHN,2002,49.92394638,,,2,SH.XPD.CHEX.PC.CD,Current health expenditure per capita (current US$),CN,China
CHN,2001,44.36042023,,,2,SH.XPD.CHEX.PC.CD,Current health expenditure per capita (current US$),CN,China
CHN,2000,42.80797577,,,2,SH.XPD.CHEX.PC.CD,Current health expenditure per capita (current US$),CN,China
COL,2023,571.15496826,,,2,SH.XPD.CHEX.PC.CD,Current health expenditure per capita (current US$),CO,Colombia
COL,2022,507.07064819,,,2,SH.XPD.CHEX.PC.CD,Current health expenditure per capita (current US$),CO,Colombia
COL,2021,568.84130859,,,2,SH.XPD.CHEX.PC.CD,Current health expenditure per capita (current US$),CO,Colombia
COL,2020,464.41998291,,,2,SH.XPD.CHEX.PC.CD,Current health expenditure per capita (current US$),CO,Colombia
COL,2019,507.06231689,,,2,SH.XPD.CHEX.PC.CD,Current health expenditure per capita (current US$),CO,Colombia
COL,2018,526.11828613,,,2,SH.XPD.CHEX.PC.CD,Current health expenditure per capita (current US$),CO,Colombia
COL,2017,497.54016113,,,2,SH.XPD.CHEX.PC.CD,Current health expenditure per capita (current US$),CO,Colombia
COL,2016,448.84588623,,,2,SH.XPD.CHEX.PC.CD,Current health expenditure per capita (current US$),CO,Colombia
COL,2015,470.099823,,,2,SH.XPD.CHEX.PC.CD,Current health expenditure per capita (current US$),CO,Colombia
COL,2014,588.29449463,,,2,SH.XPD.CHEX.PC.CD,Current health expenditure per capita (current US$),CO,Colombia
COL,2013,580.96453857,,,2,SH.XPD.CHEX.PC.CD,Current health expenditure per capita (current US$),CO,Colombia
COL,2012,547.00732422,,,2,SH.XPD.CHEX.PC.CD,Current health expenditure per capita (current US$),CO,Colombia
COL,2011,501.84420776,,,2,SH.XPD.CHEX.PC.CD,Current health expenditure per capita (current US$),CO,Colombia
COL,2010,452.44281006,,,2,SH.XPD.CHEX.PC.CD,Current health expenditure per capita (current US$),CO,Colombia
COL,2009,383.91674805,,,2,SH.XPD.CHEX.PC.CD,Current health expenditure per capita (current US$),CO,Colombia
COL,2008,379.16812134,,,2,SH.XPD.CHEX.PC.CD,Current health expenditure per capita (current US$),CO,Colombia
COL,2007,309.61691284,,,2,SH.XPD.CHEX.PC.CD,Current health expenditure per capita (current US$),CO,Colombia
COL,2006,240.10488892,,,2,SH.XPD.CHEX.PC.CD,Current health expenditure per capita (current US$),CO,Colombia
COL,2005,209.68319702,,,2,SH.XPD.CHEX.PC.CD,Current health expenditure per capita (current US$),CO,Colombia
COL,2004,159.61109924,,,2,SH.XPD.CHEX.PC.CD,Current health expenditure per capita (current US$),CO,Colombia
COL,2003,129.71965027,,,2,SH.XPD.CHEX.PC.CD,Current health expenditure per capita (current US$),CO,Colombia
COL,2002,132.18363953,,,2,SH.XPD.CHEX.PC.CD,Current health expenditure per capita (current US$),CO,Colombia
COL,2001,138.47569275,,,2,SH.XPD.CHEX.PC.CD,Current health expenditure per capita (current US$),CO,Colombia
COL,2000,134.71453857,,,2,SH.XPD.CHEX.PC.CD,Current health expenditure per capita (current US$),CO,Colombia
COM,2023,102.23101807,,,2,SH.XPD.CHEX.PC.CD,Current health expenditure per capita (current US$),KM,Comoros
COM,2022,124.14363861,,,2,SH.XPD.CHEX.PC.CD,Current health expenditure per capita (current US$),KM,Comoros
COM,2021,100.50016785,,,2,SH.XPD.CHEX.PC.CD,Current health expenditure per capita (current US$),KM,Comoros
COM,2020,89.67817688,,,2,SH.XPD.CHEX.PC.CD,Current health expenditure per capita (current US$),KM,Comoros
COM,2019,78.23674774,,,2,SH.XPD.CHEX.PC.CD,Current health expenditure per capita (current US$),KM,Comoros
COM,2018,74.89152527,,,2,SH.XPD.CHEX.PC.CD,Current health expenditure per capita (current US$),KM,Comoros
COM,2017,75.01337433,,,2,SH.XPD.CHEX.PC.CD,Current health expenditure per capita (current US$),KM,Comoros
COM,2016,63.53099442,,,2,SH.XPD.CHEX.PC.CD,Current health expenditure per capita (current US$),KM,Comoros
COM,2015,61.16300201,,,2,SH.XPD.CHEX.PC.CD,Current health expenditure per capita (current US$),KM,Comoros
COM,2014,84.63935852,,,2,SH.XPD.CHEX.PC.CD,Current health expenditure per capita (current US$),KM,Comoros
COM,2013,81.81765747,,,2,SH.XPD.CHEX.PC.CD,Current health expenditure per capita (current US$),KM,Comoros
COM,2012,77.10220337,,,2,SH.XPD.CHEX.PC.CD,Current health expenditure per capita (current US$),KM,Comoros
COM,2011,81.19863892,,,2,SH.XPD.CHEX.PC.CD,Current health expenditure per capita (current US$),KM,Comoros
COM,2010,69.21523285,,,2,SH.XPD.CHEX.PC.CD,Current health expenditure per capita (current US$),KM,Comoros
COM,2009,69.4848938,,,2,SH.XPD.CHEX.PC.CD,Current health expenditure per capita (current US$),KM,Comoros
COM,2008,73.75498962,,,2,SH.XPD.CHEX.PC.CD,Current health expenditure per capita (current US$),KM,Comoros
COM,2007,69.87202454,,,2,SH.XPD.CHEX.PC.CD,Current health expenditure per capita (current US$),KM,Comoros
COM,2006,65.72916412,,,2,SH.XPD.CHEX.PC.CD,Current health expenditure per capita (current US$),KM,Comoros
COM,2005,67.80059814,,,2,SH.XPD.CHEX.PC.CD,Current health expenditure per capita (current US$),KM,Comoros
COM,2004,70.61806488,,,2,SH.XPD.CHEX.PC.CD,Current health expenditure per capita (current US$),KM,Comoros
COM,2003,63.91786194,,,2,SH.XPD.CHEX.PC.CD,Current health expenditure per capita (current US$),KM,Comoros
COM,2002,51.12159729,,,2,SH.XPD.CHEX.PC.CD,Current health expenditure per capita (current US$),KM,Comoros
COM,2001,45.34629059,,,2,SH.XPD.CHEX.PC.CD,Current health expenditure per capita (current US$),KM,Comoros
COM,2000,47.59479904,,,2,SH.XPD.CHEX.PC.CD,Current health expenditure per capita (current US$),KM,Comoros
COD,2023,23.43148804,,,2,SH.XPD.CHEX.PC.CD,Current health expenditure per capita (current US$),CD,"Congo, Dem. Rep."
COD,2022,24.3800106,,,2,SH.XPD.CHEX.PC.CD,Current health expenditure per capita (current US$),CD,"Congo, Dem. Rep."
COD,2021,21.58848572,,,2,SH.XPD.CHEX.PC.CD,Current health expenditure per capita (current US$),CD,"Congo, Dem. Rep."
COD,2020,20.5593071,,,2,SH.XPD.CHEX.PC.CD,Current health expenditure per capita (current US$),CD,"Congo, Dem. Rep."
COD,2019,19.20812035,,,2,SH.XPD.CHEX.PC.CD,Current health expenditure per capita (current US$),CD,"Congo, Dem. Rep."
COD,2018,17.29077148,,,2,SH.XPD.CHEX.PC.CD,Current health expenditure per capita (current US$),CD,"Congo, Dem. Rep."
COD,2017,18.14648819,,,2,SH.XPD.CHEX.PC.CD,Current health expenditure per capita (current US$),CD,"Congo, Dem. Rep."
COD,2016,19.3114109,,,2,SH.XPD.CHEX.PC.CD,Current health expenditure per capita (current US$),CD,"Congo, Dem. Rep."
COD,2015,18.57252884,,,2,SH.XPD.CHEX.PC.CD,Current health expenditure per capita (current US$),CD,"Congo, Dem. Rep."
COD,2014,18.22281265,,,2,SH.XPD.CHEX.PC.CD,Current health expenditure per capita (current US$),CD,"Congo, Dem. Rep."
COD,2013,15.37901688,,,2,SH.XPD.CHEX.PC.CD,Current health expenditure per capita (current US$),CD,"Congo, Dem. Rep."
COD,2012,13.20595551,,,2,SH.XPD.CHEX.PC.CD,Current health expenditure per capita (current US$),CD,"Congo, Dem. Rep."
COD,2011,11.89942932,,,2,SH.XPD.CHEX.PC.CD,Current health expenditure per capita (current US$),CD,"Congo, Dem. Rep."
COD,2010,12.1423111,,,2,SH.XPD.CHEX.PC.CD,Current health expenditure per capita (current US$),CD,"Congo, Dem. Rep."
COD,2009,12.75762081,,,2,SH.XPD.CHEX.PC.CD,Current health expenditure per capita (current US$),CD,"Congo, Dem. Rep."
COD,2008,15.36659527,,,2,SH.XPD.CHEX.PC.CD,Current health expenditure per capita (current US$),CD,"Congo, Dem. Rep."
COD,2007,11.5629034,,,2,SH.XPD.CHEX.PC.CD,Current health expenditure per capita (current US$),CD,"Congo, Dem. Rep."
COD,2006,10.37645721,,,2,SH.XPD.CHEX.PC.CD,Current health expenditure per capita (current US$),CD,"Congo, Dem. Rep."
COD,2005,8.55065727,,,2,SH.XPD.CHEX.PC.CD,Current health expenditure per capita (current US$),CD,"Congo, Dem. Rep."
COD,2004,7.83304834,,,2,SH.XPD.CHEX.PC.CD,Current health expenditure per capita (current US$),CD,"Congo, Dem. Rep."
COD,2003,6.03257608,,,2,SH.XPD.CHEX.PC.CD,Current health expenditure per capita (current US$),CD,"Congo, Dem. Rep."
COD,2002,4.17578602,,,2,SH.XPD.CHEX.PC.CD,Current health expenditure per capita (current US$),CD,"Congo, Dem. Rep."
COD,2001,5.4341011,,,2,SH.XPD.CHEX.PC.CD,Current health expenditure per capita (current US$),CD,"Congo, Dem. Rep."
COD,2000,17.52071953,,,2,SH.XPD.CHEX.PC.CD,Current health expenditure per capita (current US$),CD,"Congo, Dem. Rep."
COG,2023,75.55332184,,,2,SH.XPD.CHEX.PC.CD,Current health expenditure per capita (current US$),CG,"Congo, Rep."
COG,2022,53.11892319,,,2,SH.XPD.CHEX.PC.CD,Current health expenditure per capita (current US$),CG,"Congo, Rep."
COG,2021,78.60149384,,,2,SH.XPD.CHEX.PC.CD,Current health expenditure per capita (current US$),CG,"Congo, Rep."
COG,2020,80.09735107,,,2,SH.XPD.CHEX.PC.CD,Current health expenditure per capita (current US$),CG,"Congo, Rep."
COG,2019,58.42106628,,,2,SH.XPD.CHEX.PC.CD,Current health expenditure per capita (current US$),CG,"Congo, Rep."
COG,2018,47.310215,,,2,SH.XPD.CHEX.PC.CD,Current health expenditure per capita (current US$),CG,"Congo, Rep."
COG,2017,52.29982376,,,2,SH.XPD.CHEX.PC.CD,Current health expenditure per capita (current US$),CG,"Congo, Rep."
COG,2016,54.3000145,,,2,SH.XPD.CHEX.PC.CD,Current health expenditure per capita (current US$),CG,"Congo, Rep."
COG,2015,57.30290604,,,2,SH.XPD.CHEX.PC.CD,Current health expenditure per capita (current US$),CG,"Congo, Rep."
COG,2014,71.03118896,,,2,SH.XPD.CHEX.PC.CD,Current health expenditure per capita (current US$),CG,"Congo, Rep."
COG,2013,71.85824585,,,2,SH.XPD.CHEX.PC.CD,Current health expenditure per capita (current US$),CG,"Congo, Rep."
COG,2012,71.2766571,,,2,SH.XPD.CHEX.PC.CD,Current health expenditure per capita (current US$),CG,"Congo, Rep."
COG,2011,59.51348114,,,2,SH.XPD.CHEX.PC.CD,Current health expenditure per capita (current US$),CG,"Congo, Rep."
COG,2010,54.56225586,,,2,SH.XPD.CHEX.PC.CD,Current health expenditure per capita (current US$),CG,"Congo, Rep."
COG,2009,48.65313721,,,2,SH.XPD.CHEX.PC.CD,Current health expenditure per capita (current US$),CG,"Congo, Rep."
COG,2008,63.41820908,,,2,SH.XPD.CHEX.PC.CD,Current health expenditure per capita (current US$),CG,"Congo, Rep."
COG,2007,41.96711731,,,2,SH.XPD.CHEX.PC.CD,Current health expenditure per capita (current US$),CG,"Congo, Rep."
COG,2006,35.94208145,,,2,SH.XPD.CHEX.PC.CD,Current health expenditure per capita (current US$),CG,"Congo, Rep."
COG,2005,30.90304375,,,2,SH.XPD.CHEX.PC.CD,Current health expenditure per capita (current US$),CG,"Congo, Rep."
COG,2004,27.50056839,,,2,SH.XPD.CHEX.PC.CD,Current health expenditure per capita (current US$),CG,"Congo, Rep."
COG,2003,21.51475716,,,2,SH.XPD.CHEX.PC.CD,Current health expenditure per capita (current US$),CG,"Congo, Rep."
COG,2002,16.99031258,,,2,SH.XPD.CHEX.PC.CD,Current health expenditure per capita (current US$),CG,"Congo, Rep."
COG,2001,20.30390549,,,2,SH.XPD.CHEX.PC.CD,Current health expenditure per capita (current US$),CG,"Congo, Rep."
COG,2000,17.35089302,,,2,SH.XPD.CHEX.PC.CD,Current health expenditure per capita (current US$),CG,"Congo, Rep."
CRI,2023,1163.30224609,,,2,SH.XPD.CHEX.PC.CD,Current health expenditure per capita (current US$),CR,Costa Rica
CRI,2022,978.84155273,,,2,SH.XPD.CHEX.PC.CD,Current health expenditure per capita (current US$),CR,Costa Rica
CRI,2021,977.14831543,,,2,SH.XPD.CHEX.PC.CD,Current health expenditure per capita (current US$),CR,Costa Rica
CRI,2020,969.89099121,,,2,SH.XPD.CHEX.PC.CD,Current health expenditure per capita (current US$),CR,Costa Rica
CRI,2019,930.43511963,,,2,SH.XPD.CHEX.PC.CD,Current health expenditure per capita (current US$),CR,Costa Rica
CRI,2018,917.31018066,,,2,SH.XPD.CHEX.PC.CD,Current health expenditure per capita (current US$),CR,Costa Rica
CRI,2017,867.76733398,,,2,SH.XPD.CHEX.PC.CD,Current health expenditure per capita (current US$),CR,Costa Rica
CRI,2016,884.73028564,,,2,SH.XPD.CHEX.PC.CD,Current health expenditure per capita (current US$),CR,Costa Rica
CRI,2015,889.3762207,,,2,SH.XPD.CHEX.PC.CD,Current health expenditure per capita (current US$),CR,Costa Rica
CRI,2014,836.23120117,,,2,SH.XPD.CHEX.PC.CD,Current health expenditure per capita (current US$),CR,Costa Rica
CRI,2013,829.93658447,,,2,SH.XPD.CHEX.PC.CD,Current health expenditure per capita (current US$),CR,Costa Rica
CRI,2012,788.53100586,,,2,SH.XPD.CHEX.PC.CD,Current health expenditure per capita (current US$),CR,Costa Rica
CRI,2011,753.42633057,,,2,SH.XPD.CHEX.PC.CD,Current health expenditure per capita (current US$),CR,Costa Rica
CRI,2010,663.69165039,,,2,SH.XPD.CHEX.PC.CD,Current health expenditure per capita (current US$),CR,Costa Rica
CRI,2009,537.06317139,,,2,SH.XPD.CHEX.PC.CD,Current health expenditure per capita (current US$),CR,Costa Rica
CRI,2008,518.1114502,,,2,SH.XPD.CHEX.PC.CD,Current health expenditure per capita (current US$),CR,Costa Rica
CRI,2007,429.41894531,,,2,SH.XPD.CHEX.PC.CD,Current health expenditure per capita (current US$),CR,Costa Rica
CRI,2006,364.52426147,,,2,SH.XPD.CHEX.PC.CD,Current health expenditure per capita (current US$),CR,Costa Rica
CRI,2005,313.48355103,,,2,SH.XPD.CHEX.PC.CD,Current health expenditure per capita (current US$),CR,Costa Rica
CRI,2004,293.77548218,,,2,SH.XPD.CHEX.PC.CD,Current health expenditure per capita (current US$),CR,Costa Rica
CRI,2003,290.83309937,,,2,SH.XPD.CHEX.PC.CD,Current health expenditure per capita (current US$),CR,Costa Rica
CRI,2002,279.41705322,,,2,SH.XPD.CHEX.PC.CD,Current health expenditure per capita (current US$),CR,Costa Rica
CRI,2001,258.00057983,,,2,SH.XPD.CHEX.PC.CD,Current health expenditure per capita (current US$),CR,Costa Rica
CRI,2000,250.30950928,,,2,SH.XPD.CHEX.PC.CD,Current health expenditure per capita (current US$),CR,Costa Rica
CIV,2023,87.68105316,,,2,SH.XPD.CHEX.PC.CD,Current health expenditure per capita (current US$),CI,Cote d'Ivoire
CIV,2022,84.89915466,,,2,SH.XPD.CHEX.PC.CD,Current health expenditure per capita (current US$),CI,Cote d'Ivoire
CIV,2021,92.39588928,,,2,SH.XPD.CHEX.PC.CD,Current health expenditure per capita (current US$),CI,Cote d'Ivoire
CIV,2020,78.97766876,,,2,SH.XPD.CHEX.PC.CD,Current health expenditure per capita (current US$),CI,Cote d'Ivoire
CIV,2019,68.30471039,,,2,SH.XPD.CHEX.PC.CD,Current health expenditure per capita (current US$),CI,Cote d'Ivoire
CIV,2018,65.87952423,,,2,SH.XPD.CHEX.PC.CD,Current health expenditure per capita (current US$),CI,Cote d'Ivoire
CIV,2017,63.77943039,,,2,SH.XPD.CHEX.PC.CD,Current health expenditure per capita (current US$),CI,Cote d'Ivoire
CIV,2016,61.85705566,,,2,SH.XPD.CHEX.PC.CD,Current health expenditure per capita (current US$),CI,Cote d'Ivoire
CIV,2015,58.43181992,,,2,SH.XPD.CHEX.PC.CD,Current health expenditure per capita (current US$),CI,Cote d'Ivoire
CIV,2014,74.3581543,,,2,SH.XPD.CHEX.PC.CD,Current health expenditure per capita (current US$),CI,Cote d'Ivoire
CIV,2013,67.13149261,,,2,SH.XPD.CHEX.PC.CD,Current health expenditure per capita (current US$),CI,Cote d'Ivoire
CIV,2012,69.86203003,,,2,SH.XPD.CHEX.PC.CD,Current health expenditure per capita (current US$),CI,Cote d'Ivoire
CIV,2011,67.97618103,,,2,SH.XPD.CHEX.PC.CD,Current health expenditure per capita (current US$),CI,Cote d'Ivoire
CIV,2010,70.04605103,,,2,SH.XPD.CHEX.PC.CD,Current health expenditure per capita (current US$),CI,Cote d'Ivoire
CIV,2009,71.06480408,,,2,SH.XPD.CHEX.PC.CD,Current health expenditure per capita (current US$),CI,Cote d'Ivoire
CIV,2008,64.67678833,,,2,SH.XPD.CHEX.PC.CD,Current health expenditure per capita (current US$),CI,Cote d'Ivoire
CIV,2007,56.15083694,,,2,SH.XPD.CHEX.PC.CD,Current health expenditure per capita (current US$),CI,Cote d'Ivoire
CIV,2006,47.08904266,,,2,SH.XPD.CHEX.PC.CD,Current health expenditure per capita (current US$),CI,Cote d'Ivoire
CIV,2005,46.69436264,,,2,SH.XPD.CHEX.PC.CD,Current health expenditure per capita (current US$),CI,Cote d'Ivoire
CIV,2004,47.04700851,,,2,SH.XPD.CHEX.PC.CD,Current health expenditure per capita (current US$),CI,Cote d'Ivoire
CIV,2003,43.81231308,,,2,SH.XPD.CHEX.PC.CD,Current health expenditure per capita (current US$),CI,Cote d'Ivoire
CIV,2002,32.55319595,,,2,SH.XPD.CHEX.PC.CD,Current health expenditure per capita (current US$),CI,Cote d'Ivoire
CIV,2001,30.58369255,,,2,SH.XPD.CHEX.PC.CD,Current health expenditure per capita (current US$),CI,Cote d'Ivoire
CIV,2000,30.33073425,,,2,SH.XPD.CHEX.PC.CD,Current health expenditure per capita (current US$),CI,Cote d'Ivoire
HRV,2023,1548.33959961,,,2,SH.XPD.CHEX.PC.CD,Current health expenditure per capita (current US$),HR,Croatia
HRV,2022,1328.80371094,,,2,SH.XPD.CHEX.PC.CD,Current health expenditure per capita (current US$),HR,Croatia
HRV,2021,1423.52905273,,,2,SH.XPD.CHEX.PC.CD,Current health expenditure per capita (current US$),HR,Croatia
HRV,2020,1123.37963867,,,2,SH.XPD.CHEX.PC.CD,Current health expenditure per capita (current US$),HR,Croatia
HRV,2019,1063.54443359,,,2,SH.XPD.CHEX.PC.CD,Current health expenditure per capita (current US$),HR,Croatia
HRV,2018,1045.14904785,,,2,SH.XPD.CHEX.PC.CD,Current health expenditure per capita (current US$),HR,Croatia
HRV,2017,919.22418213,,,2,SH.XPD.CHEX.PC.CD,Current health expenditure per capita (current US$),HR,Croatia
HRV,2016,851.92492676,,,2,SH.XPD.CHEX.PC.CD,Current health expenditure per capita (current US$),HR,Croatia
HRV,2015,803.41619873,,,2,SH.XPD.CHEX.PC.CD,Current health expenditure per capita (current US$),HR,Croatia
HRV,2014,915.2689209,,,2,SH.XPD.CHEX.PC.CD,Current health expenditure per capita (current US$),HR,Croatia
HRV,2013,894.07080078,,,2,SH.XPD.CHEX.PC.CD,Current health expenditure per capita (current US$),HR,Croatia
HRV,2012,1034.02124023,,,2,SH.XPD.CHEX.PC.CD,Current health expenditure per capita (current US$),HR,Croatia
HRV,2011,1134.88916016,,,2,SH.XPD.CHEX.PC.CD,Current health expenditure per capita (current US$),HR,Croatia
HRV,2010,1126.81970215,,,2,SH.XPD.CHEX.PC.CD,Current health expenditure per capita (current US$),HR,Croatia
HRV,2009,1187.34326172,,,2,SH.XPD.CHEX.PC.CD,Current health expenditure per capita (current US$),HR,Croatia
HRV,2008,1258.09594727,,,2,SH.XPD.CHEX.PC.CD,Current health expenditure per capita (current US$),HR,Croatia
HRV,2007,1040.44995117,,,2,SH.XPD.CHEX.PC.CD,Current health expenditure per capita (current US$),HR,Croatia
HRV,2006,815.39093018,,,2,SH.XPD.CHEX.PC.CD,Current health expenditure per capita (current US$),HR,Croatia
HRV,2005,726.6114502,,,2,SH.XPD.CHEX.PC.CD,Current health expenditure per capita (current US$),HR,Croatia
HRV,2004,633.98242188,,,2,SH.XPD.CHEX.PC.CD,Current health expenditure per capita (current US$),HR,Croatia
HRV,2003,511.99743652,,,2,SH.XPD.CHEX.PC.CD,Current health expenditure per capita (current US$),HR,Croatia
HRV,2002,386.41821289,,,2,SH.XPD.CHEX.PC.CD,Current health expenditure per capita (current US$),HR,Croatia
HRV,2001,387.8130188,,,2,SH.XPD.CHEX.PC.CD,Current health expenditure per capita (current US$),HR,Croatia
HRV,2000,385.78341675,,,2,SH.XPD.CHEX.PC.CD,Current health expenditure per capita (current US$),HR,Croatia
CUB,2023,,,,2,SH.XPD.CHEX.PC.CD,Current health expenditure per capita (current US$),CU,Cuba
CUB,2022,,,,2,SH.XPD.CHEX.PC.CD,Current health expenditure per capita (current US$),CU,Cuba
CUB,2021,,,,2,SH.XPD.CHEX.PC.CD,Current health expenditure per capita (current US$),CU,Cuba
CUB,2020,1199.35327148,,,2,SH.XPD.CHEX.PC.CD,Current health expenditure per capita (current US$),CU,Cuba
CUB,2019,1023.39715576,,,2,SH.XPD.CHEX.PC.CD,Current health expenditure per capita (current US$),CU,Cuba
CUB,2018,981.90283203,,,2,SH.XPD.CHEX.PC.CD,Current health expenditure per capita (current US$),CU,Cuba
CUB,2017,987.81030273,,,2,SH.XPD.CHEX.PC.CD,Current health expenditure per capita (current US$),CU,Cuba
CUB,2016,990.92346191,,,2,SH.XPD.CHEX.PC.CD,Current health expenditure per capita (current US$),CU,Cuba
CUB,2015,991.08496094,,,2,SH.XPD.CHEX.PC.CD,Current health expenditure per capita (current US$),CU,Cuba
CUB,2014,867.69702148,,,2,SH.XPD.CHEX.PC.CD,Current health expenditure per capita (current US$),CU,Cuba
CUB,2013,712.26629639,,,2,SH.XPD.CHEX.PC.CD,Current health expenditure per capita (current US$),CU,Cuba
CUB,2012,601.74957275,,,2,SH.XPD.CHEX.PC.CD,Current health expenditure per capita (current US$),CU,Cuba
CUB,2011,695.81542969,,,2,SH.XPD.CHEX.PC.CD,Current health expenditure per capita (current US$),CU,Cuba
CUB,2010,608.5847168,,,2,SH.XPD.CHEX.PC.CD,Current health expenditure per capita (current US$),CU,Cuba
CUB,2009,675.53399658,,,2,SH.XPD.CHEX.PC.CD,Current health expenditure per capita (current US$),CU,Cuba
CUB,2008,609.27282715,,,2,SH.XPD.CHEX.PC.CD,Current health expenditure per capita (current US$),CU,Cuba
CUB,2007,569.43585205,,,2,SH.XPD.CHEX.PC.CD,Current health expenditure per capita (current US$),CU,Cuba
CUB,2006,386.8258667,,,2,SH.XPD.CHEX.PC.CD,Current health expenditure per capita (current US$),CU,Cuba
CUB,2005,331.50354004,,,2,SH.XPD.CHEX.PC.CD,Current health expenditure per capita (current US$),CU,Cuba
CUB,2004,232.22746277,,,2,SH.XPD.CHEX.PC.CD,Current health expenditure per capita (current US$),CU,Cuba
CUB,2003,227.49208069,,,2,SH.XPD.CHEX.PC.CD,Current health expenditure per capita (current US$),CU,Cuba
CUB,2002,213.81524658,,,2,SH.XPD.CHEX.PC.CD,Current health expenditure per capita (current US$),CU,Cuba
CUB,2001,198.49874878,,,2,SH.XPD.CHEX.PC.CD,Current health expenditure per capita (current US$),CU,Cuba
CUB,2000,181.09315491,,,2,SH.XPD.CHEX.PC.CD,Current health expenditure per capita (current US$),CU,Cuba
CUW,2023,,,,2,SH.XPD.CHEX.PC.CD,Current health expenditure per capita (current US$),CW,Curacao
CUW,2022,,,,2,SH.XPD.CHEX.PC.CD,Current health expenditure per capita (current US$),CW,Curacao
CUW,2021,,,,2,SH.XPD.CHEX.PC.CD,Current health expenditure per capita (current US$),CW,Curacao
CUW,2020,,,,2,SH.XPD.CHEX.PC.CD,Current health expenditure per capita (current US$),CW,Curacao
CUW,2019,,,,2,SH.XPD.CHEX.PC.CD,Current health expenditure per capita (current US$),CW,Curacao
CUW,2018,,,,2,SH.XPD.CHEX.PC.CD,Current health expenditure per capita (current US$),CW,Curacao
CUW,2017,,,,2,SH.XPD.CHEX.PC.CD,Current health expenditure per capita (current US$),CW,Curacao
CUW,2016,,,,2,SH.XPD.CHEX.PC.CD,Current health expenditure per capita (current US$),CW,Curacao
CUW,2015,,,,2,SH.XPD.CHEX.PC.CD,Current health expenditure per capita (current US$),CW,Curacao
CUW,2014,,,,2,SH.XPD.CHEX.PC.CD,Current health expenditure per capita (current US$),CW,Curacao
CUW,2013,,,,2,SH.XPD.CHEX.PC.CD,Current health expenditure per capita (current US$),CW,Curacao
CUW,2012,,,,2,SH.XPD.CHEX.PC.CD,Current health expenditure per capita (current US$),CW,Curacao
CUW,2011,,,,2,SH.XPD.CHEX.PC.CD,Current health expenditure per capita (current US$),CW,Curacao
CUW,2010,,,,2,SH.XPD.CHEX.PC.CD,Current health expenditure per capita (current US$),CW,Curacao
CUW,2009,,,,2,SH.XPD.CHEX.PC.CD,Current health expenditure per capita (current US$),CW,Curacao
CUW,2008,,,,2,SH.XPD.CHEX.PC.CD,Current health expenditure per capita (current US$),CW,Curacao
CUW,2007,,,,2,SH.XPD.CHEX.PC.CD,Current health expenditure per capita (current US$),CW,Curacao
CUW,2006,,,,2,SH.XPD.CHEX.PC.CD,Current health expenditure per capita (current US$),CW,Curacao
CUW,2005,,,,2,SH.XPD.CHEX.PC.CD,Current health expenditure per capita (current US$),CW,Curacao
CUW,2004,,,,2,SH.XPD.CHEX.PC.CD,Current health expenditure per capita (current US$),CW,Curacao
CUW,2003,,,,2,SH.XPD.CHEX.PC.CD,Current health expenditure per capita (current US$),CW,Curacao
CUW,2002,,,,2,SH.XPD.CHEX.PC.CD,Current health expenditure per capita (current US$),CW,Curacao
CUW,2001,,,,2,SH.XPD.CHEX.PC.CD,Current health expenditure per capita (current US$),CW,Curacao
CUW,2000,,,,2,SH.XPD.CHEX.PC.CD,Current health expenditure per capita (current US$),CW,Curacao
CYP,2023,2899.36499023,,,2,SH.XPD.CHEX.PC.CD,Current health expenditure per capita (current US$),CY,Cyprus
CYP,2022,2748.6159668,,,2,SH.XPD.CHEX.PC.CD,Current health expenditure per capita (current US$),CY,Cyprus
CYP,2021,2947.81494141,,,2,SH.XPD.CHEX.PC.CD,Current health expenditure per capita (current US$),CY,Cyprus
CYP,2020,2443.37207031,,,2,SH.XPD.CHEX.PC.CD,Current health expenditure per capita (current US$),CY,Cyprus
CYP,2019,2059.45019531,,,2,SH.XPD.CHEX.PC.CD,Current health expenditure per capita (current US$),CY,Cyprus
CYP,2018,1987.69470215,,,2,SH.XPD.CHEX.PC.CD,Current health expenditure per capita (current US$),CY,Cyprus
CYP,2017,1742.67626953,,,2,SH.XPD.CHEX.PC.CD,Current health expenditure per capita (current US$),CY,Cyprus
CYP,2016,1619.91918945,,,2,SH.XPD.CHEX.PC.CD,Current health expenditure per capita (current US$),CY,Cyprus
CYP,2015,1570.54638672,,,2,SH.XPD.CHEX.PC.CD,Current health expenditure per capita (current US$),CY,Cyprus
CYP,2014,1869.46398926,,,2,SH.XPD.CHEX.PC.CD,Current health expenditure per capita (current US$),CY,Cyprus
CYP,2013,1923.03869629,,,2,SH.XPD.CHEX.PC.CD,Current health expenditure per capita (current US$),CY,Cyprus
CYP,2012,1899.37255859,,,2,SH.XPD.CHEX.PC.CD,Current health expenditure per capita (current US$),CY,Cyprus
CYP,2011,2114.66894531,,,2,SH.XPD.CHEX.PC.CD,Current health expenditure per capita (current US$),CY,Cyprus
CYP,2010,2045.2923584,,,2,SH.XPD.CHEX.PC.CD,Current health expenditure per capita (current US$),CY,Cyprus
CYP,2009,2105.4777832,,,2,SH.XPD.CHEX.PC.CD,Current health expenditure per capita (current US$),CY,Cyprus
CYP,2008,2155.24658203,,,2,SH.XPD.CHEX.PC.CD,Current health expenditure per capita (current US$),CY,Cyprus
CYP,2007,1694.27185059,,,2,SH.XPD.CHEX.PC.CD,Current health expenditure per capita (current US$),CY,Cyprus
CYP,2006,1474.02062988,,,2,SH.XPD.CHEX.PC.CD,Current health expenditure per capita (current US$),CY,Cyprus
CYP,2005,1366.01708984,,,2,SH.XPD.CHEX.PC.CD,Current health expenditure per capita (current US$),CY,Cyprus
CYP,2004,1286.97155762,,,2,SH.XPD.CHEX.PC.CD,Current health expenditure per capita (current US$),CY,Cyprus
CYP,2003,1145.05847168,,,2,SH.XPD.CHEX.PC.CD,Current health expenditure per capita (current US$),CY,Cyprus
CYP,2002,890.48297119,,,2,SH.XPD.CHEX.PC.CD,Current health expenditure per capita (current US$),CY,Cyprus
CYP,2001,782.16162109,,,2,SH.XPD.CHEX.PC.CD,Current health expenditure per capita (current US$),CY,Cyprus
CYP,2000,750.51672363,,,2,SH.XPD.CHEX.PC.CD,Current health expenditure per capita (current US$),CY,Cyprus
CZE,2023,2671.08398438,,,2,SH.XPD.CHEX.PC.CD,Current health expenditure per capita (current US$),CZ,Czechia
CZE,2022,2431.08496094,,,2,SH.XPD.CHEX.PC.CD,Current health expenditure per capita (current US$),CZ,Czechia
CZE,2021,2538.03344727,,,2,SH.XPD.CHEX.PC.CD,Current health expenditure per capita (current US$),CZ,Czechia
CZE,2020,2106.28027344,,,2,SH.XPD.CHEX.PC.CD,Current health expenditure per capita (current US$),CZ,Czechia
CZE,2019,1805.44030762,,,2,SH.XPD.CHEX.PC.CD,Current health expenditure per capita (current US$),CZ,Czechia
CZE,2018,1750.81188965,,,2,SH.XPD.CHEX.PC.CD,Current health expenditure per capita (current US$),CZ,Czechia
CZE,2017,1516.75012207,,,2,SH.XPD.CHEX.PC.CD,Current health expenditure per capita (current US$),CZ,Czechia
CZE,2016,1374.9005127,,,2,SH.XPD.CHEX.PC.CD,Current health expenditure per capita (current US$),CZ,Czechia
CZE,2015,1308.8013916,,,2,SH.XPD.CHEX.PC.CD,Current health expenditure per capita (current US$),CZ,Czechia
CZE,2014,1512.59326172,,,2,SH.XPD.CHEX.PC.CD,Current health expenditure per capita (current US$),CZ,Czechia
CZE,2013,1508.79907227,,,2,SH.XPD.CHEX.PC.CD,Current health expenditure per capita (current US$),CZ,Czechia
CZE,2012,1509.77526855,,,2,SH.XPD.CHEX.PC.CD,Current health expenditure per capita (current US$),CZ,Czechia
CZE,2011,1649.15905762,,,2,SH.XPD.CHEX.PC.CD,Current health expenditure per capita (current US$),CZ,Czechia
CZE,2010,1509.44726563,,,2,SH.XPD.CHEX.PC.CD,Current health expenditure per capita (current US$),CZ,Czechia
CZE,2009,1442.24279785,,,2,SH.XPD.CHEX.PC.CD,Current health expenditure per capita (current US$),CZ,Czechia
CZE,2008,1449.33679199,,,2,SH.XPD.CHEX.PC.CD,Current health expenditure per capita (current US$),CZ,Czechia
CZE,2007,1110.17663574,,,2,SH.XPD.CHEX.PC.CD,Current health expenditure per capita (current US$),CZ,Czechia
CZE,2006,942.11804199,,,2,SH.XPD.CHEX.PC.CD,Current health expenditure per capita (current US$),CZ,Czechia
CZE,2005,852.65246582,,,2,SH.XPD.CHEX.PC.CD,Current health expenditure per capita (current US$),CZ,Czechia
CZE,2004,746.32891846,,,2,SH.XPD.CHEX.PC.CD,Current health expenditure per capita (current US$),CZ,Czechia
CZE,2003,640.66040039,,,2,SH.XPD.CHEX.PC.CD,Current health expenditure per capita (current US$),CZ,Czechia
CZE,2002,497.74203491,,,2,SH.XPD.CHEX.PC.CD,Current health expenditure per capita (current US$),CZ,Czechia
CZE,2001,388.54403687,,,2,SH.XPD.CHEX.PC.CD,Current health expenditure per capita (current US$),CZ,Czechia
CZE,2000,342.92108154,,,2,SH.XPD.CHEX.PC.CD,Current health expenditure per capita (current US$),CZ,Czechia
DNK,2023,6510.625,,,2,SH.XPD.CHEX.PC.CD,Current health expenditure per capita (current US$),DK,Denmark
DNK,2022,6451.19433594,,,2,SH.XPD.CHEX.PC.CD,Current health expenditure per capita (current US$),DK,Denmark
DNK,2021,7429.99023438,,,2,SH.XPD.CHEX.PC.CD,Current health expenditure per capita (current US$),DK,Denmark
DNK,2020,6520.65771484,,,2,SH.XPD.CHEX.PC.CD,Current health expenditure per capita (current US$),DK,Denmark
DNK,2019,6049.93408203,,,2,SH.XPD.CHEX.PC.CD,Current health expenditure per capita (current US$),DK,Denmark
DNK,2018,6219.12988281,,,2,SH.XPD.CHEX.PC.CD,Current health expenditure per capita (current US$),DK,Denmark
DNK,2017,5817.42529297,,,2,SH.XPD.CHEX.PC.CD,Current health expenditure per capita (current US$),DK,Denmark
DNK,2016,5603.75830078,,,2,SH.XPD.CHEX.PC.CD,Current health expenditure per capita (current US$),DK,Denmark
DNK,2015,5508.53369141,,,2,SH.XPD.CHEX.PC.CD,Current health expenditure per capita (current US$),DK,Denmark
DNK,2014,6447.92382813,,,2,SH.XPD.CHEX.PC.CD,Current health expenditure per capita (current US$),DK,Denmark
DNK,2013,6320.08447266,,,2,SH.XPD.CHEX.PC.CD,Current health expenditure per capita (current US$),DK,Denmark
DNK,2012,6155.76367188,,,2,SH.XPD.CHEX.PC.CD,Current health expenditure per capita (current US$),DK,Denmark
DNK,2011,6426.39990234,,,2,SH.XPD.CHEX.PC.CD,Current health expenditure per capita (current US$),DK,Denmark
DNK,2010,6156.68554688,,,2,SH.XPD.CHEX.PC.CD,Current health expenditure per capita (current US$),DK,Denmark
DNK,2009,6208.48486328,,,2,SH.XPD.CHEX.PC.CD,Current health expenditure per capita (current US$),DK,Denmark
DNK,2008,6117.69677734,,,2,SH.XPD.CHEX.PC.CD,Current health expenditure per capita (current US$),DK,Denmark
DNK,2007,5453.83837891,,,2,SH.XPD.CHEX.PC.CD,Current health expenditure per capita (current US$),DK,Denmark
DNK,2006,4770.13720703,,,2,SH.XPD.CHEX.PC.CD,Current health expenditure per capita (current US$),DK,Denmark
DNK,2005,4436.07421875,,,2,SH.XPD.CHEX.PC.CD,Current health expenditure per capita (current US$),DK,Denmark
DNK,2004,4189.47265625,,,2,SH.XPD.CHEX.PC.CD,Current health expenditure per capita (current US$),DK,Denmark
DNK,2003,3602.28295898,,,2,SH.XPD.CHEX.PC.CD,Current health expenditure per capita (current US$),DK,Denmark
DNK,2002,2891.71069336,,,2,SH.XPD.CHEX.PC.CD,Current health expenditure per capita (current US$),DK,Denmark
DNK,2001,2597.97290039,,,2,SH.XPD.CHEX.PC.CD,Current health expenditure per capita (current US$),DK,Denmark
DNK,2000,2491.54174805,,,2,SH.XPD.CHEX.PC.CD,Current health expenditure per capita (current US$),DK,Denmark
DJI,2023,77.57087708,,,2,SH.XPD.CHEX.PC.CD,Current health expenditure per capita (current US$),DJ,Djibouti
DJI,2022,79.13184357,,,2,SH.XPD.CHEX.PC.CD,Current health expenditure per capita (current US$),DJ,Djibouti
DJI,2021,86.88237762,,,2,SH.XPD.CHEX.PC.CD,Current health expenditure per capita (current US$),DJ,Djibouti
DJI,2020,66.53086853,,,2,SH.XPD.CHEX.PC.CD,Current health expenditure per capita (current US$),DJ,Djibouti
DJI,2019,68.4744873,,,2,SH.XPD.CHEX.PC.CD,Current health expenditure per capita (current US$),DJ,Djibouti
DJI,2018,68.79101563,,,2,SH.XPD.CHEX.PC.CD,Current health expenditure per capita (current US$),DJ,Djibouti
DJI,2017,64.94396973,,,2,SH.XPD.CHEX.PC.CD,Current health expenditure per capita (current US$),DJ,Djibouti
DJI,2016,68.82745361,,,2,SH.XPD.CHEX.PC.CD,Current health expenditure per capita (current US$),DJ,Djibouti
DJI,2015,79.54257965,,,2,SH.XPD.CHEX.PC.CD,Current health expenditure per capita (current US$),DJ,Djibouti
DJI,2014,65.53726196,,,2,SH.XPD.CHEX.PC.CD,Current health expenditure per capita (current US$),DJ,Djibouti
DJI,2013,60.57233047,,,2,SH.XPD.CHEX.PC.CD,Current health expenditure per capita (current US$),DJ,Djibouti
DJI,2012,64.8536911,,,2,SH.XPD.CHEX.PC.CD,Current health expenditure per capita (current US$),DJ,Djibouti
DJI,2011,61.89852524,,,2,SH.XPD.CHEX.PC.CD,Current health expenditure per capita (current US$),DJ,Djibouti
DJI,2010,55.7044487,,,2,SH.XPD.CHEX.PC.CD,Current health expenditure per capita (current US$),DJ,Djibouti
DJI,2009,56.92132568,,,2,SH.XPD.CHEX.PC.CD,Current health expenditure per capita (current US$),DJ,Djibouti
DJI,2008,55.90976715,,,2,SH.XPD.CHEX.PC.CD,Current health expenditure per capita (current US$),DJ,Djibouti
DJI,2007,55.18254471,,,2,SH.XPD.CHEX.PC.CD,Current health expenditure per capita (current US$),DJ,Djibouti
DJI,2006,53.26344299,,,2,SH.XPD.CHEX.PC.CD,Current health expenditure per capita (current US$),DJ,Djibouti
DJI,2005,45.12551498,,,2,SH.XPD.CHEX.PC.CD,Current health expenditure per capita (current US$),DJ,Djibouti
DJI,2004,40.04951477,,,2,SH.XPD.CHEX.PC.CD,Current health expenditure per capita (current US$),DJ,Djibouti
DJI,2003,46.27521896,,,2,SH.XPD.CHEX.PC.CD,Current health expenditure per capita (current US$),DJ,Djibouti
DJI,2002,39.49966431,,,2,SH.XPD.CHEX.PC.CD,Current health expenditure per capita (current US$),DJ,Djibouti
DJI,2001,33.61427689,,,2,SH.XPD.CHEX.PC.CD,Current health expenditure per capita (current US$),DJ,Djibouti
DJI,2000,35.48954773,,,2,SH.XPD.CHEX.PC.CD,Current health expenditure per capita (current US$),DJ,Djibouti
DMA,2023,492.4524231,,,2,SH.XPD.CHEX.PC.CD,Current health expenditure per capita (current US$),DM,Dominica
DMA,2022,542.53948975,,,2,SH.XPD.CHEX.PC.CD,Current health expenditure per capita (current US$),DM,Dominica
DMA,2021,521.41455078,,,2,SH.XPD.CHEX.PC.CD,Current health expenditure per capita (current US$),DM,Dominica
DMA,2020,452.65899658,,,2,SH.XPD.CHEX.PC.CD,Current health expenditure per capita (current US$),DM,Dominica
DMA,2019,465.63766479,,,2,SH.XPD.CHEX.PC.CD,Current health expenditure per capita (current US$),DM,Dominica
DMA,2018,503.34179688,,,2,SH.XPD.CHEX.PC.CD,Current health expenditure per capita (current US$),DM,Dominica
DMA,2017,415.87072754,,,2,SH.XPD.CHEX.PC.CD,Current health expenditure per capita (current US$),DM,Dominica
DMA,2016,424.15756226,,,2,SH.XPD.CHEX.PC.CD,Current health expenditure per capita (current US$),DM,Dominica
DMA,2015,396.23742676,,,2,SH.XPD.CHEX.PC.CD,Current health expenditure per capita (current US$),DM,Dominica
DMA,2014,389.05343628,,,2,SH.XPD.CHEX.PC.CD,Current health expenditure per capita (current US$),DM,Dominica
DMA,2013,382.10519409,,,2,SH.XPD.CHEX.PC.CD,Current health expenditure per capita (current US$),DM,Dominica
DMA,2012,407.42053223,,,2,SH.XPD.CHEX.PC.CD,Current health expenditure per capita (current US$),DM,Dominica
DMA,2011,387.11709595,,,2,SH.XPD.CHEX.PC.CD,Current health expenditure per capita (current US$),DM,Dominica
DMA,2010,369.75668335,,,2,SH.XPD.CHEX.PC.CD,Current health expenditure per capita (current US$),DM,Dominica
DMA,2009,354.04888916,,,2,SH.XPD.CHEX.PC.CD,Current health expenditure per capita (current US$),DM,Dominica
DMA,2008,336.0015564,,,2,SH.XPD.CHEX.PC.CD,Current health expenditure per capita (current US$),DM,Dominica
DMA,2007,293.30905151,,,2,SH.XPD.CHEX.PC.CD,Current health expenditure per capita (current US$),DM,Dominica
DMA,2006,271.24331665,,,2,SH.XPD.CHEX.PC.CD,Current health expenditure per capita (current US$),DM,Dominica
DMA,2005,263.66098022,,,2,SH.XPD.CHEX.PC.CD,Current health expenditure per capita (current US$),DM,Dominica
DMA,2004,253.70576477,,,2,SH.XPD.CHEX.PC.CD,Current health expenditure per capita (current US$),DM,Dominica
DMA,2003,242.78863525,,,2,SH.XPD.CHEX.PC.CD,Current health expenditure per capita (current US$),DM,Dominica
DMA,2002,226.86923218,,,2,SH.XPD.CHEX.PC.CD,Current health expenditure per capita (current US$),DM,Dominica
DMA,2001,231.52333069,,,2,SH.XPD.CHEX.PC.CD,Current health expenditure per capita (current US$),DM,Dominica
DMA,2000,259.0213623,,,2,SH.XPD.CHEX.PC.CD,Current health expenditure per capita (current US$),DM,Dominica
DOM,2023,488.8727417,,,2,SH.XPD.CHEX.PC.CD,Current health expenditure per capita (current US$),DO,Dominican Republic
DOM,2022,469.34915161,,,2,SH.XPD.CHEX.PC.CD,Current health expenditure per capita (current US$),DO,Dominican Republic
DOM,2021,433.89172363,,,2,SH.XPD.CHEX.PC.CD,Current health expenditure per capita (current US$),DO,Dominican Republic
DOM,2020,354.25689697,,,2,SH.XPD.CHEX.PC.CD,Current health expenditure per capita (current US$),DO,Dominican Republic
DOM,2019,357.44137573,,,2,SH.XPD.CHEX.PC.CD,Current health expenditure per capita (current US$),DO,Dominican Republic
DOM,2018,332.47702026,,,2,SH.XPD.CHEX.PC.CD,Current health expenditure per capita (current US$),DO,Dominican Republic
DOM,2017,329.54168701,,,2,SH.XPD.CHEX.PC.CD,Current health expenditure per capita (current US$),DO,Dominican Republic
DOM,2016,328.36526489,,,2,SH.XPD.CHEX.PC.CD,Current health expenditure per capita (current US$),DO,Dominican Republic
DOM,2015,322.04864502,,,2,SH.XPD.CHEX.PC.CD,Current health expenditure per capita (current US$),DO,Dominican Republic
DOM,2014,312.44223022,,,2,SH.XPD.CHEX.PC.CD,Current health expenditure per capita (current US$),DO,Dominican Republic
DOM,2013,302.28512573,,,2,SH.XPD.CHEX.PC.CD,Current health expenditure per capita (current US$),DO,Dominican Republic
DOM,2012,304.23754883,,,2,SH.XPD.CHEX.PC.CD,Current health expenditure per capita (current US$),DO,Dominican Republic
DOM,2011,293.95123291,,,2,SH.XPD.CHEX.PC.CD,Current health expenditure per capita (current US$),DO,Dominican Republic
DOM,2010,270.03961182,,,2,SH.XPD.CHEX.PC.CD,Current health expenditure per capita (current US$),DO,Dominican Republic
DOM,2009,237.11128235,,,2,SH.XPD.CHEX.PC.CD,Current health expenditure per capita (current US$),DO,Dominican Republic
DOM,2008,229.29747009,,,2,SH.XPD.CHEX.PC.CD,Current health expenditure per capita (current US$),DO,Dominican Republic
DOM,2007,190.14048767,,,2,SH.XPD.CHEX.PC.CD,Current health expenditure per capita (current US$),DO,Dominican Republic
DOM,2006,161.94844055,,,2,SH.XPD.CHEX.PC.CD,Current health expenditure per capita (current US$),DO,Dominican Republic
DOM,2005,168.85827637,,,2,SH.XPD.CHEX.PC.CD,Current health expenditure per capita (current US$),DO,Dominican Republic
DOM,2004,105.12216187,,,2,SH.XPD.CHEX.PC.CD,Current health expenditure per capita (current US$),DO,Dominican Republic
DOM,2003,104.59856415,,,2,SH.XPD.CHEX.PC.CD,Current health expenditure per capita (current US$),DO,Dominican Republic
DOM,2002,152.86595154,,,2,SH.XPD.CHEX.PC.CD,Current health expenditure per capita (current US$),DO,Dominican Republic
DOM,2001,143.32540894,,,2,SH.XPD.CHEX.PC.CD,Current health expenditure per capita (current US$),DO,Dominican Republic
DOM,2000,138.29624939,,,2,SH.XPD.CHEX.PC.CD,Current health expenditure per capita (current US$),DO,Dominican Republic
ECU,2023,509.49414063,,,2,SH.XPD.CHEX.PC.CD,Current health expenditure per capita (current US$),EC,Ecuador
ECU,2022,495.30380249,,,2,SH.XPD.CHEX.PC.CD,Current health expenditure per capita (current US$),EC,Ecuador
ECU,2021,507.65136719,,,2,SH.XPD.CHEX.PC.CD,Current health expenditure per capita (current US$),EC,Ecuador
ECU,2020,470.20355225,,,2,SH.XPD.CHEX.PC.CD,Current health expenditure per capita (current US$),EC,Ecuador
ECU,2019,484.54037476,,,2,SH.XPD.CHEX.PC.CD,Current health expenditure per capita (current US$),EC,Ecuador
ECU,2018,493.82693481,,,2,SH.XPD.CHEX.PC.CD,Current health expenditure per capita (current US$),EC,Ecuador
ECU,2017,469.04544067,,,2,SH.XPD.CHEX.PC.CD,Current health expenditure per capita (current US$),EC,Ecuador
ECU,2016,449.03869629,,,2,SH.XPD.CHEX.PC.CD,Current health expenditure per capita (current US$),EC,Ecuador
ECU,2015,464.22186279,,,2,SH.XPD.CHEX.PC.CD,Current health expenditure per capita (current US$),EC,Ecuador
ECU,2014,433.41845703,,,2,SH.XPD.CHEX.PC.CD,Current health expenditure per capita (current US$),EC,Ecuador
ECU,2013,414.12683105,,,2,SH.XPD.CHEX.PC.CD,Current health expenditure per capita (current US$),EC,Ecuador
ECU,2012,387.54577637,,,2,SH.XPD.CHEX.PC.CD,Current health expenditure per capita (current US$),EC,Ecuador
ECU,2011,340.40786743,,,2,SH.XPD.CHEX.PC.CD,Current health expenditure per capita (current US$),EC,Ecuador
ECU,2010,287.00466919,,,2,SH.XPD.CHEX.PC.CD,Current health expenditure per capita (current US$),EC,Ecuador
ECU,2009,244.5753479,,,2,SH.XPD.CHEX.PC.CD,Current health expenditure per capita (current US$),EC,Ecuador
ECU,2008,231.62229919,,,2,SH.XPD.CHEX.PC.CD,Current health expenditure per capita (current US$),EC,Ecuador
ECU,2007,193.33273315,,,2,SH.XPD.CHEX.PC.CD,Current health expenditure per capita (current US$),EC,Ecuador
ECU,2006,192.55101013,,,2,SH.XPD.CHEX.PC.CD,Current health expenditure per capita (current US$),EC,Ecuador
ECU,2005,170.44190979,,,2,SH.XPD.CHEX.PC.CD,Current health expenditure per capita (current US$),EC,Ecuador
ECU,2004,152.10868835,,,2,SH.XPD.CHEX.PC.CD,Current health expenditure per capita (current US$),EC,Ecuador
ECU,2003,134.12744141,,,2,SH.XPD.CHEX.PC.CD,Current health expenditure per capita (current US$),EC,Ecuador
ECU,2002,99.12815857,,,2,SH.XPD.CHEX.PC.CD,Current health expenditure per capita (current US$),EC,Ecuador
ECU,2001,72.7922287,,,2,SH.XPD.CHEX.PC.CD,Current health expenditure per capita (current US$),EC,Ecuador
ECU,2000,49.37281418,,,2,SH.XPD.CHEX.PC.CD,Current health expenditure per capita (current US$),EC,Ecuador
EGY,2023,141.41111755,,,2,SH.XPD.CHEX.PC.CD,Current health expenditure per capita (current US$),EG,"Egypt, Arab Rep."
EGY,2022,171.67852783,,,2,SH.XPD.CHEX.PC.CD,Current health expenditure per capita (current US$),EG,"Egypt, Arab Rep."
EGY,2021,176.93664551,,,2,SH.XPD.CHEX.PC.CD,Current health expenditure per capita (current US$),EG,"Egypt, Arab Rep."
EGY,2020,148.35269165,,,2,SH.XPD.CHEX.PC.CD,Current health expenditure per capita (current US$),EG,"Egypt, Arab Rep."
EGY,2019,142.69670105,,,2,SH.XPD.CHEX.PC.CD,Current health expenditure per capita (current US$),EG,"Egypt, Arab Rep."
EGY,2018,118.01481628,,,2,SH.XPD.CHEX.PC.CD,Current health expenditure per capita (current US$),EG,"Egypt, Arab Rep."
EGY,2017,106.00288391,,,2,SH.XPD.CHEX.PC.CD,Current health expenditure per capita (current US$),EG,"Egypt, Arab Rep."
EGY,2016,142.61845398,,,2,SH.XPD.CHEX.PC.CD,Current health expenditure per capita (current US$),EG,"Egypt, Arab Rep."
EGY,2015,170.25532532,,,2,SH.XPD.CHEX.PC.CD,Current health expenditure per capita (current US$),EG,"Egypt, Arab Rep."
EGY,2014,155.06480408,,,2,SH.XPD.CHEX.PC.CD,Current health expenditure per capita (current US$),EG,"Egypt, Arab Rep."
EGY,2013,139.67245483,,,2,SH.XPD.CHEX.PC.CD,Current health expenditure per capita (current US$),EG,"Egypt, Arab Rep."
EGY,2012,139.81625366,,,2,SH.XPD.CHEX.PC.CD,Current health expenditure per capita (current US$),EG,"Egypt, Arab Rep."
EGY,2011,116.22949219,,,2,SH.XPD.CHEX.PC.CD,Current health expenditure per capita (current US$),EG,"Egypt, Arab Rep."
EGY,2010,105.07817841,,,2,SH.XPD.CHEX.PC.CD,Current health expenditure per capita (current US$),EG,"Egypt, Arab Rep."
EGY,2009,98.90396881,,,2,SH.XPD.CHEX.PC.CD,Current health expenditure per capita (current US$),EG,"Egypt, Arab Rep."
EGY,2008,90.15769958,,,2,SH.XPD.CHEX.PC.CD,Current health expenditure per capita (current US$),EG,"Egypt, Arab Rep."
EGY,2007,73.29454041,,,2,SH.XPD.CHEX.PC.CD,Current health expenditure per capita (current US$),EG,"Egypt, Arab Rep."
EGY,2006,66.32707214,,,2,SH.XPD.CHEX.PC.CD,Current health expenditure per capita (current US$),EG,"Egypt, Arab Rep."
EGY,2005,59.4683876,,,2,SH.XPD.CHEX.PC.CD,Current health expenditure per capita (current US$),EG,"Egypt, Arab Rep."
EGY,2004,50.33084488,,,2,SH.XPD.CHEX.PC.CD,Current health expenditure per capita (current US$),EG,"Egypt, Arab Rep."
EGY,2003,50.34780884,,,2,SH.XPD.CHEX.PC.CD,Current health expenditure per capita (current US$),EG,"Egypt, Arab Rep."
EGY,2002,63.99928665,,,2,SH.XPD.CHEX.PC.CD,Current health expenditure per capita (current US$),EG,"Egypt, Arab Rep."
EGY,2001,68.67334747,,,2,SH.XPD.CHEX.PC.CD,Current health expenditure per capita (current US$),EG,"Egypt, Arab Rep."
EGY,2000,69.37174988,,,2,SH.XPD.CHEX.PC.CD,Current health expenditure per capita (current US$),EG,"Egypt, Arab Rep."
SLV,2023,500.69497681,,,2,SH.XPD.CHEX.PC.CD,Current health expenditure per capita (current US$),SV,El Salvador
SLV,2022,500.20321655,,,2,SH.XPD.CHEX.PC.CD,Current health expenditure per capita (current US$),SV,El Salvador
SLV,2021,470.14025879,,,2,SH.XPD.CHEX.PC.CD,Current health expenditure per capita (current US$),SV,El Salvador
SLV,2020,357.78799438,,,2,SH.XPD.CHEX.PC.CD,Current health expenditure per capita (current US$),SV,El Salvador
SLV,2019,380.53384399,,,2,SH.XPD.CHEX.PC.CD,Current health expenditure per capita (current US$),SV,El Salvador
SLV,2018,348.18817139,,,2,SH.XPD.CHEX.PC.CD,Current health expenditure per capita (current US$),SV,El Salvador
SLV,2017,338.60742188,,,2,SH.XPD.CHEX.PC.CD,Current health expenditure per capita (current US$),SV,El Salvador
SLV,2016,339.97875977,,,2,SH.XPD.CHEX.PC.CD,Current health expenditure per capita (current US$),SV,El Salvador
SLV,2015,331.96725464,,,2,SH.XPD.CHEX.PC.CD,Current health expenditure per capita (current US$),SV,El Salvador
SLV,2014,315.23168945,,,2,SH.XPD.CHEX.PC.CD,Current health expenditure per capita (current US$),SV,El Salvador
SLV,2013,324.28027344,,,2,SH.XPD.CHEX.PC.CD,Current health expenditure per capita (current US$),SV,El Salvador
SLV,2012,301.03710938,,,2,SH.XPD.CHEX.PC.CD,Current health expenditure per capita (current US$),SV,El Salvador
SLV,2011,295.64242554,,,2,SH.XPD.CHEX.PC.CD,Current health expenditure per capita (current US$),SV,El Salvador
SLV,2010,270.69418335,,,2,SH.XPD.CHEX.PC.CD,Current health expenditure per capita (current US$),SV,El Salvador
SLV,2009,257.19317627,,,2,SH.XPD.CHEX.PC.CD,Current health expenditure per capita (current US$),SV,El Salvador
SLV,2008,253.45413208,,,2,SH.XPD.CHEX.PC.CD,Current health expenditure per capita (current US$),SV,El Salvador
SLV,2007,239.99687195,,,2,SH.XPD.CHEX.PC.CD,Current health expenditure per capita (current US$),SV,El Salvador
SLV,2006,231.73410034,,,2,SH.XPD.CHEX.PC.CD,Current health expenditure per capita (current US$),SV,El Salvador
SLV,2005,225.17417908,,,2,SH.XPD.CHEX.PC.CD,Current health expenditure per capita (current US$),SV,El Salvador
SLV,2004,185.83404541,,,2,SH.XPD.CHEX.PC.CD,Current health expenditure per capita (current US$),SV,El Salvador
SLV,2003,171.59013367,,,2,SH.XPD.CHEX.PC.CD,Current health expenditure per capita (current US$),SV,El Salvador
SLV,2002,166.81164551,,,2,SH.XPD.CHEX.PC.CD,Current health expenditure per capita (current US$),SV,El Salvador
SLV,2001,162.30456543,,,2,SH.XPD.CHEX.PC.CD,Current health expenditure per capita (current US$),SV,El Salvador
SLV,2000,155.52601624,,,2,SH.XPD.CHEX.PC.CD,Current health expenditure per capita (current US$),SV,El Salvador
GNQ,2023,233.68379211,,,2,SH.XPD.CHEX.PC.CD,Current health expenditure per capita (current US$),GQ,Equatorial Guinea
GNQ,2022,215.32841492,,,2,SH.XPD.CHEX.PC.CD,Current health expenditure per capita (current US$),GQ,Equatorial Guinea
GNQ,2021,243.81242371,,,2,SH.XPD.CHEX.PC.CD,Current health expenditure per capita (current US$),GQ,Equatorial Guinea
GNQ,2020,213.59317017,,,2,SH.XPD.CHEX.PC.CD,Current health expenditure per capita (current US$),GQ,Equatorial Guinea
GNQ,2019,223.14128113,,,2,SH.XPD.CHEX.PC.CD,Current health expenditure per capita (current US$),GQ,Equatorial Guinea
GNQ,2018,240.49389648,,,2,SH.XPD.CHEX.PC.CD,Current health expenditure per capita (current US$),GQ,Equatorial Guinea
GNQ,2017,223.4354248,,,2,SH.XPD.CHEX.PC.CD,Current health expenditure per capita (current US$),GQ,Equatorial Guinea
GNQ,2016,221.49227905,,,2,SH.XPD.CHEX.PC.CD,Current health expenditure per capita (current US$),GQ,Equatorial Guinea
GNQ,2015,222.81713867,,,2,SH.XPD.CHEX.PC.CD,Current health expenditure per capita (current US$),GQ,Equatorial Guinea
GNQ,2014,290.53604126,,,2,SH.XPD.CHEX.PC.CD,Current health expenditure per capita (current US$),GQ,Equatorial Guinea
GNQ,2013,286.33657837,,,2,SH.XPD.CHEX.PC.CD,Current health expenditure per capita (current US$),GQ,Equatorial Guinea
GNQ,2012,280.90136719,,,2,SH.XPD.CHEX.PC.CD,Current health expenditure per capita (current US$),GQ,Equatorial Guinea
GNQ,2011,265.38485718,,,2,SH.XPD.CHEX.PC.CD,Current health expenditure per capita (current US$),GQ,Equatorial Guinea
GNQ,2010,237.85783386,,,2,SH.XPD.CHEX.PC.CD,Current health expenditure per capita (current US$),GQ,Equatorial Guinea
GNQ,2009,248.9617157,,,2,SH.XPD.CHEX.PC.CD,Current health expenditure per capita (current US$),GQ,Equatorial Guinea
GNQ,2008,225.50572205,,,2,SH.XPD.CHEX.PC.CD,Current health expenditure per capita (current US$),GQ,Equatorial Guinea
GNQ,2007,179.49963379,,,2,SH.XPD.CHEX.PC.CD,Current health expenditure per capita (current US$),GQ,Equatorial Guinea
GNQ,2006,143.95661926,,,2,SH.XPD.CHEX.PC.CD,Current health expenditure per capita (current US$),GQ,Equatorial Guinea
GNQ,2005,122.75533295,,,2,SH.XPD.CHEX.PC.CD,Current health expenditure per capita (current US$),GQ,Equatorial Guinea
GNQ,2004,104.54925537,,,2,SH.XPD.CHEX.PC.CD,Current health expenditure per capita (current US$),GQ,Equatorial Guinea
GNQ,2003,86.82926178,,,2,SH.XPD.CHEX.PC.CD,Current health expenditure per capita (current US$),GQ,Equatorial Guinea
GNQ,2002,74.93979645,,,2,SH.XPD.CHEX.PC.CD,Current health expenditure per capita (current US$),GQ,Equatorial Guinea
GNQ,2001,29.59247589,,,2,SH.XPD.CHEX.PC.CD,Current health expenditure per capita (current US$),GQ,Equatorial Guinea
GNQ,2000,20.14153671,,,2,SH.XPD.CHEX.PC.CD,Current health expenditure per capita (current US$),GQ,Equatorial Guinea
ERI,2023,28.29782677,,,2,SH.XPD.CHEX.PC.CD,Current health expenditure per capita (current US$),ER,Eritrea
ERI,2022,27.0898056,,,2,SH.XPD.CHEX.PC.CD,Current health expenditure per capita (current US$),ER,Eritrea
ERI,2021,27.58759499,,,2,SH.XPD.CHEX.PC.CD,Current health expenditure per capita (current US$),ER,Eritrea
ERI,2020,27.66697884,,,2,SH.XPD.CHEX.PC.CD,Current health expenditure per capita (current US$),ER,Eritrea
ERI,2019,28.42930794,,,2,SH.XPD.CHEX.PC.CD,Current health expenditure per capita (current US$),ER,Eritrea
ERI,2018,26.68201256,,,2,SH.XPD.CHEX.PC.CD,Current health expenditure per capita (current US$),ER,Eritrea
ERI,2017,25.10270691,,,2,SH.XPD.CHEX.PC.CD,Current health expenditure per capita (current US$),ER,Eritrea
ERI,2016,26.00592422,,,2,SH.XPD.CHEX.PC.CD,Current health expenditure per capita (current US$),ER,Eritrea
ERI,2015,29.22208977,,,2,SH.XPD.CHEX.PC.CD,Current health expenditure per capita (current US$),ER,Eritrea
ERI,2014,32.93448257,,,2,SH.XPD.CHEX.PC.CD,Current health expenditure per capita (current US$),ER,Eritrea
ERI,2013,31.64078712,,,2,SH.XPD.CHEX.PC.CD,Current health expenditure per capita (current US$),ER,Eritrea
ERI,2012,27.78689003,,,2,SH.XPD.CHEX.PC.CD,Current health expenditure per capita (current US$),ER,Eritrea
ERI,2011,35.55129623,,,2,SH.XPD.CHEX.PC.CD,Current health expenditure per capita (current US$),ER,Eritrea
ERI,2010,26.00652122,,,2,SH.XPD.CHEX.PC.CD,Current health expenditure per capita (current US$),ER,Eritrea
ERI,2009,24.35102463,,,2,SH.XPD.CHEX.PC.CD,Current health expenditure per capita (current US$),ER,Eritrea
ERI,2008,21.55065727,,,2,SH.XPD.CHEX.PC.CD,Current health expenditure per capita (current US$),ER,Eritrea
ERI,2007,19.62666321,,,2,SH.XPD.CHEX.PC.CD,Current health expenditure per capita (current US$),ER,Eritrea
ERI,2006,23.77408791,,,2,SH.XPD.CHEX.PC.CD,Current health expenditure per capita (current US$),ER,Eritrea
ERI,2005,21.92651939,,,2,SH.XPD.CHEX.PC.CD,Current health expenditure per capita (current US$),ER,Eritrea
ERI,2004,23.15624809,,,2,SH.XPD.CHEX.PC.CD,Current health expenditure per capita (current US$),ER,Eritrea
ERI,2003,19.81480217,,,2,SH.XPD.CHEX.PC.CD,Current health expenditure per capita (current US$),ER,Eritrea
ERI,2002,15.77544498,,,2,SH.XPD.CHEX.PC.CD,Current health expenditure per capita (current US$),ER,Eritrea
ERI,2001,14.90675831,,,2,SH.XPD.CHEX.PC.CD,Current health expenditure per capita (current US$),ER,Eritrea
ERI,2000,14.03034782,,,2,SH.XPD.CHEX.PC.CD,Current health expenditure per capita (current US$),ER,Eritrea
EST,2023,2258.4597168,,,2,SH.XPD.CHEX.PC.CD,Current health expenditure per capita (current US$),EE,Estonia
EST,2022,1998.74523926,,,2,SH.XPD.CHEX.PC.CD,Current health expenditure per capita (current US$),EE,Estonia
EST,2021,2091.15649414,,,2,SH.XPD.CHEX.PC.CD,Current health expenditure per capita (current US$),EE,Estonia
EST,2020,1789.03417969,,,2,SH.XPD.CHEX.PC.CD,Current health expenditure per capita (current US$),EE,Estonia
EST,2019,1599.3503418,,,2,SH.XPD.CHEX.PC.CD,Current health expenditure per capita (current US$),EE,Estonia
EST,2018,1553.43347168,,,2,SH.XPD.CHEX.PC.CD,Current health expenditure per capita (current US$),EE,Estonia
EST,2017,1350.12646484,,,2,SH.XPD.CHEX.PC.CD,Current health expenditure per capita (current US$),EE,Estonia
EST,2016,1226.0859375,,,2,SH.XPD.CHEX.PC.CD,Current health expenditure per capita (current US$),EE,Estonia
EST,2015,1156.20275879,,,2,SH.XPD.CHEX.PC.CD,Current health expenditure per capita (current US$),EE,Estonia
EST,2014,1287.76123047,,,2,SH.XPD.CHEX.PC.CD,Current health expenditure per capita (current US$),EE,Estonia
EST,2013,1194.86206055,,,2,SH.XPD.CHEX.PC.CD,Current health expenditure per capita (current US$),EE,Estonia
EST,2012,1058.71960449,,,2,SH.XPD.CHEX.PC.CD,Current health expenditure per capita (current US$),EE,Estonia
EST,2011,1061.1628418,,,2,SH.XPD.CHEX.PC.CD,Current health expenditure per capita (current US$),EE,Estonia
EST,2010,966.19024658,,,2,SH.XPD.CHEX.PC.CD,Current health expenditure per capita (current US$),EE,Estonia
EST,2009,1006.50708008,,,2,SH.XPD.CHEX.PC.CD,Current health expenditure per capita (current US$),EE,Estonia
EST,2008,1082.15478516,,,2,SH.XPD.CHEX.PC.CD,Current health expenditure per capita (current US$),EE,Estonia
EST,2007,866.49945068,,,2,SH.XPD.CHEX.PC.CD,Current health expenditure per capita (current US$),EE,Estonia
EST,2006,627.18377686,,,2,SH.XPD.CHEX.PC.CD,Current health expenditure per capita (current US$),EE,Estonia
EST,2005,549.63024902,,,2,SH.XPD.CHEX.PC.CD,Current health expenditure per capita (current US$),EE,Estonia
EST,2004,474.50796509,,,2,SH.XPD.CHEX.PC.CD,Current health expenditure per capita (current US$),EE,Estonia
EST,2003,368.97955322,,,2,SH.XPD.CHEX.PC.CD,Current health expenditure per capita (current US$),EE,Estonia
EST,2002,250.48020935,,,2,SH.XPD.CHEX.PC.CD,Current health expenditure per capita (current US$),EE,Estonia
EST,2001,214.70417786,,,2,SH.XPD.CHEX.PC.CD,Current health expenditure per capita (current US$),EE,Estonia
EST,2000,209.97769165,,,2,SH.XPD.CHEX.PC.CD,Current health expenditure per capita (current US$),EE,Estonia
SWZ,2023,296.04562378,,,2,SH.XPD.CHEX.PC.CD,Current health expenditure per capita (current US$),SZ,Eswatini
SWZ,2022,284.75802612,,,2,SH.XPD.CHEX.PC.CD,Current health expenditure per capita (current US$),SZ,Eswatini
SWZ,2021,297.72213745,,,2,SH.XPD.CHEX.PC.CD,Current health expenditure per capita (current US$),SZ,Eswatini
SWZ,2020,236.99609375,,,2,SH.XPD.CHEX.PC.CD,Current health expenditure per capita (current US$),SZ,Eswatini
SWZ,2019,320.05084229,,,2,SH.XPD.CHEX.PC.CD,Current health expenditure per capita (current US$),SZ,Eswatini
SWZ,2018,292.33929443,,,2,SH.XPD.CHEX.PC.CD,Current health expenditure per capita (current US$),SZ,Eswatini
SWZ,2017,265.50152588,,,2,SH.XPD.CHEX.PC.CD,Current health expenditure per capita (current US$),SZ,Eswatini
SWZ,2016,226.41770935,,,2,SH.XPD.CHEX.PC.CD,Current health expenditure per capita (current US$),SZ,Eswatini
SWZ,2015,250.71520996,,,2,SH.XPD.CHEX.PC.CD,Current health expenditure per capita (current US$),SZ,Eswatini
SWZ,2014,282.43395996,,,2,SH.XPD.CHEX.PC.CD,Current health expenditure per capita (current US$),SZ,Eswatini
SWZ,2013,303.40438843,,,2,SH.XPD.CHEX.PC.CD,Current health expenditure per capita (current US$),SZ,Eswatini
SWZ,2012,340.03012085,,,2,SH.XPD.CHEX.PC.CD,Current health expenditure per capita (current US$),SZ,Eswatini
SWZ,2011,365.25265503,,,2,SH.XPD.CHEX.PC.CD,Current health expenditure per capita (current US$),SZ,Eswatini
SWZ,2010,343.04284668,,,2,SH.XPD.CHEX.PC.CD,Current health expenditure per capita (current US$),SZ,Eswatini
SWZ,2009,279.68212891,,,2,SH.XPD.CHEX.PC.CD,Current health expenditure per capita (current US$),SZ,Eswatini
SWZ,2008,265.72091675,,,2,SH.XPD.CHEX.PC.CD,Current health expenditure per capita (current US$),SZ,Eswatini
SWZ,2007,252.24301147,,,2,SH.XPD.CHEX.PC.CD,Current health expenditure per capita (current US$),SZ,Eswatini
SWZ,2006,237.50752258,,,2,SH.XPD.CHEX.PC.CD,Current health expenditure per capita (current US$),SZ,Eswatini
SWZ,2005,217.26066589,,,2,SH.XPD.CHEX.PC.CD,Current health expenditure per capita (current US$),SZ,Eswatini
SWZ,2004,175.89544678,,,2,SH.XPD.CHEX.PC.CD,Current health expenditure per capita (current US$),SZ,Eswatini
SWZ,2003,131.40959167,,,2,SH.XPD.CHEX.PC.CD,Current health expenditure per capita (current US$),SZ,Eswatini
SWZ,2002,74.66481781,,,2,SH.XPD.CHEX.PC.CD,Current health expenditure per capita (current US$),SZ,Eswatini
SWZ,2001,75.41345978,,,2,SH.XPD.CHEX.PC.CD,Current health expenditure per capita (current US$),SZ,Eswatini
SWZ,2000,76.93126678,,,2,SH.XPD.CHEX.PC.CD,Current health expenditure per capita (current US$),SZ,Eswatini
ETH,2023,34.79846954,,,2,SH.XPD.CHEX.PC.CD,Current health expenditure per capita (current US$),ET,Ethiopia
ETH,2022,27.06845474,,,2,SH.XPD.CHEX.PC.CD,Current health expenditure per capita (current US$),ET,Ethiopia
ETH,2021,26.06931114,,,2,SH.XPD.CHEX.PC.CD,Current health expenditure per capita (current US$),ET,Ethiopia
ETH,2020,28.28001595,,,2,SH.XPD.CHEX.PC.CD,Current health expenditure per capita (current US$),ET,Ethiopia
ETH,2019,25.93511963,,,2,SH.XPD.CHEX.PC.CD,Current health expenditure per capita (current US$),ET,Ethiopia
ETH,2018,23.5205574,,,2,SH.XPD.CHEX.PC.CD,Current health expenditure per capita (current US$),ET,Ethiopia
ETH,2017,24.18239403,,,2,SH.XPD.CHEX.PC.CD,Current health expenditure per capita (current US$),ET,Ethiopia
ETH,2016,24.34373283,,,2,SH.XPD.CHEX.PC.CD,Current health expenditure per capita (current US$),ET,Ethiopia
ETH,2015,23.21817207,,,2,SH.XPD.CHEX.PC.CD,Current health expenditure per capita (current US$),ET,Ethiopia
ETH,2014,21.6064415,,,2,SH.XPD.CHEX.PC.CD,Current health expenditure per capita (current US$),ET,Ethiopia
ETH,2013,19.26698494,,,2,SH.XPD.CHEX.PC.CD,Current health expenditure per capita (current US$),ET,Ethiopia
ETH,2012,20.00217628,,,2,SH.XPD.CHEX.PC.CD,Current health expenditure per capita (current US$),ET,Ethiopia
ETH,2011,14.62286568,,,2,SH.XPD.CHEX.PC.CD,Current health expenditure per capita (current US$),ET,Ethiopia
ETH,2010,16.17102051,,,2,SH.XPD.CHEX.PC.CD,Current health expenditure per capita (current US$),ET,Ethiopia
ETH,2009,15.1445961,,,2,SH.XPD.CHEX.PC.CD,Current health expenditure per capita (current US$),ET,Ethiopia
ETH,2008,13.03863621,,,2,SH.XPD.CHEX.PC.CD,Current health expenditure per capita (current US$),ET,Ethiopia
ETH,2007,11.63210678,,,2,SH.XPD.CHEX.PC.CD,Current health expenditure per capita (current US$),ET,Ethiopia
ETH,2006,8.42413712,,,2,SH.XPD.CHEX.PC.CD,Current health expenditure per capita (current US$),ET,Ethiopia
ETH,2005,6.4820013,,,2,SH.XPD.CHEX.PC.CD,Current health expenditure per capita (current US$),ET,Ethiopia
ETH,2004,5.7385993,,,2,SH.XPD.CHEX.PC.CD,Current health expenditure per capita (current US$),ET,Ethiopia
ETH,2003,5.70984173,,,2,SH.XPD.CHEX.PC.CD,Current health expenditure per capita (current US$),ET,Ethiopia
ETH,2002,5.14964151,,,2,SH.XPD.CHEX.PC.CD,Current health expenditure per capita (current US$),ET,Ethiopia
ETH,2001,5.50955105,,,2,SH.XPD.CHEX.PC.CD,Current health expenditure per capita (current US$),ET,Ethiopia
ETH,2000,5.28970861,,,2,SH.XPD.CHEX.PC.CD,Current health expenditure per capita (current US$),ET,Ethiopia
FRO,2023,,,,2,SH.XPD.CHEX.PC.CD,Current health expenditure per capita (current US$),FO,Faroe Islands
FRO,2022,,,,2,SH.XPD.CHEX.PC.CD,Current health expenditure per capita (current US$),FO,Faroe Islands
FRO,2021,,,,2,SH.XPD.CHEX.PC.CD,Current health expenditure per capita (current US$),FO,Faroe Islands
FRO,2020,,,,2,SH.XPD.CHEX.PC.CD,Current health expenditure per capita (current US$),FO,Faroe Islands
FRO,2019,,,,2,SH.XPD.CHEX.PC.CD,Current health expenditure per capita (current US$),FO,Faroe Islands
FRO,2018,,,,2,SH.XPD.CHEX.PC.CD,Current health expenditure per capita (current US$),FO,Faroe Islands
FRO,2017,,,,2,SH.XPD.CHEX.PC.CD,Current health expenditure per capita (current US$),FO,Faroe Islands
FRO,2016,,,,2,SH.XPD.CHEX.PC.CD,Current health expenditure per capita (current US$),FO,Faroe Islands
FRO,2015,,,,2,SH.XPD.CHEX.PC.CD,Current health expenditure per capita (current US$),FO,Faroe Islands
FRO,2014,,,,2,SH.XPD.CHEX.PC.CD,Current health expenditure per capita (current US$),FO,Faroe Islands
FRO,2013,,,,2,SH.XPD.CHEX.PC.CD,Current health expenditure per capita (current US$),FO,Faroe Islands
FRO,2012,,,,2,SH.XPD.CHEX.PC.CD,Current health expenditure per capita (current US$),FO,Faroe Islands
FRO,2011,,,,2,SH.XPD.CHEX.PC.CD,Current health expenditure per capita (current US$),FO,Faroe Islands
FRO,2010,,,,2,SH.XPD.CHEX.PC.CD,Current health expenditure per capita (current US$),FO,Faroe Islands
FRO,2009,,,,2,SH.XPD.CHEX.PC.CD,Current health expenditure per capita (current US$),FO,Faroe Islands
FRO,2008,,,,2,SH.XPD.CHEX.PC.CD,Current health expenditure per capita (current US$),FO,Faroe Islands
FRO,2007,,,,2,SH.XPD.CHEX.PC.CD,Current health expenditure per capita (current US$),FO,Faroe Islands
FRO,2006,,,,2,SH.XPD.CHEX.PC.CD,Current health expenditure per capita (current US$),FO,Faroe Islands
FRO,2005,,,,2,SH.XPD.CHEX.PC.CD,Current health expenditure per capita (current US$),FO,Faroe Islands
FRO,2004,,,,2,SH.XPD.CHEX.PC.CD,Current health expenditure per capita (current US$),FO,Faroe Islands
FRO,2003,,,,2,SH.XPD.CHEX.PC.CD,Current health expenditure per capita (current US$),FO,Faroe Islands
FRO,2002,,,,2,SH.XPD.CHEX.PC.CD,Current health expenditure per capita (current US$),FO,Faroe Islands
FRO,2001,,,,2,SH.XPD.CHEX.PC.CD,Current health expenditure per capita (current US$),FO,Faroe Islands
FRO,2000,,,,2,SH.XPD.CHEX.PC.CD,Current health expenditure per capita (current US$),FO,Faroe Islands
FJI,2023,212.88697815,,,2,SH.XPD.CHEX.PC.CD,Current health expenditure per capita (current US$),FJ,Fiji
FJI,2022,217.15068054,,,2,SH.XPD.CHEX.PC.CD,Current health expenditure per capita (current US$),FJ,Fiji
FJI,2021,331.58413696,,,2,SH.XPD.CHEX.PC.CD,Current health expenditure per capita (current US$),FJ,Fiji
FJI,2020,256.25967407,,,2,SH.XPD.CHEX.PC.CD,Current health expenditure per capita (current US$),FJ,Fiji
FJI,2019,254.83047485,,,2,SH.XPD.CHEX.PC.CD,Current health expenditure per capita (current US$),FJ,Fiji
FJI,2018,249.86022949,,,2,SH.XPD.CHEX.PC.CD,Current health expenditure per capita (current US$),FJ,Fiji
FJI,2017,185.69645691,,,2,SH.XPD.CHEX.PC.CD,Current health expenditure per capita (current US$),FJ,Fiji
FJI,2016,175.91635132,,,2,SH.XPD.CHEX.PC.CD,Current health expenditure per capita (current US$),FJ,Fiji
FJI,2015,169.47518921,,,2,SH.XPD.CHEX.PC.CD,Current health expenditure per capita (current US$),FJ,Fiji
FJI,2014,178.31169128,,,2,SH.XPD.CHEX.PC.CD,Current health expenditure per capita (current US$),FJ,Fiji
FJI,2013,158.51806641,,,2,SH.XPD.CHEX.PC.CD,Current health expenditure per capita (current US$),FJ,Fiji
FJI,2012,153.56562805,,,2,SH.XPD.CHEX.PC.CD,Current health expenditure per capita (current US$),FJ,Fiji
FJI,2011,140.93704224,,,2,SH.XPD.CHEX.PC.CD,Current health expenditure per capita (current US$),FJ,Fiji
FJI,2010,127.65603638,,,2,SH.XPD.CHEX.PC.CD,Current health expenditure per capita (current US$),FJ,Fiji
FJI,2009,121.05646515,,,2,SH.XPD.CHEX.PC.CD,Current health expenditure per capita (current US$),FJ,Fiji
FJI,2008,134.50354004,,,2,SH.XPD.CHEX.PC.CD,Current health expenditure per capita (current US$),FJ,Fiji
FJI,2007,140.30192566,,,2,SH.XPD.CHEX.PC.CD,Current health expenditure per capita (current US$),FJ,Fiji
FJI,2006,126.38617706,,,2,SH.XPD.CHEX.PC.CD,Current health expenditure per capita (current US$),FJ,Fiji
FJI,2005,120.21074677,,,2,SH.XPD.CHEX.PC.CD,Current health expenditure per capita (current US$),FJ,Fiji
FJI,2004,110.06819153,,,2,SH.XPD.CHEX.PC.CD,Current health expenditure per capita (current US$),FJ,Fiji
FJI,2003,86.09690094,,,2,SH.XPD.CHEX.PC.CD,Current health expenditure per capita (current US$),FJ,Fiji
FJI,2002,69.40512085,,,2,SH.XPD.CHEX.PC.CD,Current health expenditure per capita (current US$),FJ,Fiji
FJI,2001,61.49855804,,,2,SH.XPD.CHEX.PC.CD,Current health expenditure per capita (current US$),FJ,Fiji
FJI,2000,74.28569794,,,2,SH.XPD.CHEX.PC.CD,Current health expenditure per capita (current US$),FJ,Fiji
FIN,2023,5515.40478516,,,2,SH.XPD.CHEX.PC.CD,Current health expenditure per capita (current US$),FI,Finland
FIN,2022,4902.0390625,,,2,SH.XPD.CHEX.PC.CD,Current health expenditure per capita (current US$),FI,Finland
FIN,2021,5261.90966797,,,2,SH.XPD.CHEX.PC.CD,Current health expenditure per capita (current US$),FI,Finland
FIN,2020,4736.21435547,,,2,SH.XPD.CHEX.PC.CD,Current health expenditure per capita (current US$),FI,Finland
FIN,2019,4459.9296875,,,2,SH.XPD.CHEX.PC.CD,Current health expenditure per capita (current US$),FI,Finland
FIN,2018,4521.27636719,,,2,SH.XPD.CHEX.PC.CD,Current health expenditure per capita (current US$),FI,Finland
FIN,2017,4235.75488281,,,2,SH.XPD.CHEX.PC.CD,Current health expenditure per capita (current US$),FI,Finland
FIN,2016,4108.73974609,,,2,SH.XPD.CHEX.PC.CD,Current health expenditure per capita (current US$),FI,Finland
FIN,2015,4128.20751953,,,2,SH.XPD.CHEX.PC.CD,Current health expenditure per capita (current US$),FI,Finland
FIN,2014,4922.4296875,,,2,SH.XPD.CHEX.PC.CD,Current health expenditure per capita (current US$),FI,Finland
FIN,2013,4892.03369141,,,2,SH.XPD.CHEX.PC.CD,Current health expenditure per capita (current US$),FI,Finland
FIN,2012,4573.19726563,,,2,SH.XPD.CHEX.PC.CD,Current health expenditure per capita (current US$),FI,Finland
FIN,2011,4717.5078125,,,2,SH.XPD.CHEX.PC.CD,Current health expenditure per capita (current US$),FI,Finland
FIN,2010,4251.52880859,,,2,SH.XPD.CHEX.PC.CD,Current health expenditure per capita (current US$),FI,Finland
FIN,2009,4349.89501953,,,2,SH.XPD.CHEX.PC.CD,Current health expenditure per capita (current US$),FI,Finland
FIN,2008,4486.33789063,,,2,SH.XPD.CHEX.PC.CD,Current health expenditure per capita (current US$),FI,Finland
FIN,2007,3918.64453125,,,2,SH.XPD.CHEX.PC.CD,Current health expenditure per capita (current US$),FI,Finland
FIN,2006,3414.94140625,,,2,SH.XPD.CHEX.PC.CD,Current health expenditure per capita (current US$),FI,Finland
FIN,2005,3236.85839844,,,2,SH.XPD.CHEX.PC.CD,Current health expenditure per capita (current US$),FI,Finland
FIN,2004,3044.12109375,,,2,SH.XPD.CHEX.PC.CD,Current health expenditure per capita (current US$),FI,Finland
FIN,2003,2613.84570313,,,2,SH.XPD.CHEX.PC.CD,Current health expenditure per capita (current US$),FI,Finland
FIN,2002,2059.3269043,,,2,SH.XPD.CHEX.PC.CD,Current health expenditure per capita (current US$),FI,Finland
FIN,2001,1810.40380859,,,2,SH.XPD.CHEX.PC.CD,Current health expenditure per capita (current US$),FI,Finland
FIN,2000,1726.74438477,,,2,SH.XPD.CHEX.PC.CD,Current health expenditure per capita (current US$),FI,Finland
FRA,2023,5149.0546875,,,2,SH.XPD.CHEX.PC.CD,Current health expenditure per capita (current US$),FR,France
FRA,2022,4857.73388672,,,2,SH.XPD.CHEX.PC.CD,Current health expenditure per capita (current US$),FR,France
FRA,2021,5364.89746094,,,2,SH.XPD.CHEX.PC.CD,Current health expenditure per capita (current US$),FR,France
FRA,2020,4760.08251953,,,2,SH.XPD.CHEX.PC.CD,Current health expenditure per capita (current US$),FR,France
FRA,2019,4519.98583984,,,2,SH.XPD.CHEX.PC.CD,Current health expenditure per capita (current US$),FR,France
FRA,2018,4692.99511719,,,2,SH.XPD.CHEX.PC.CD,Current health expenditure per capita (current US$),FR,France
FRA,2017,4436.63720703,,,2,SH.XPD.CHEX.PC.CD,Current health expenditure per capita (current US$),FR,France
FRA,2016,4289.34716797,,,2,SH.XPD.CHEX.PC.CD,Current health expenditure per capita (current US$),FR,France
FRA,2015,4226.62646484,,,2,SH.XPD.CHEX.PC.CD,Current health expenditure per capita (current US$),FR,France
FRA,2014,5007.29736328,,,2,SH.XPD.CHEX.PC.CD,Current health expenditure per capita (current US$),FR,France
FRA,2013,4884.71582031,,,2,SH.XPD.CHEX.PC.CD,Current health expenditure per capita (current US$),FR,France
FRA,2012,4659.92431641,,,2,SH.XPD.CHEX.PC.CD,Current health expenditure per capita (current US$),FR,France
FRA,2011,4936.95605469,,,2,SH.XPD.CHEX.PC.CD,Current health expenditure per capita (current US$),FR,France
FRA,2010,4593.66308594,,,2,SH.XPD.CHEX.PC.CD,Current health expenditure per capita (current US$),FR,France
FRA,2009,4737.578125,,,2,SH.XPD.CHEX.PC.CD,Current health expenditure per capita (current US$),FR,France
FRA,2008,4807.37451172,,,2,SH.XPD.CHEX.PC.CD,Current health expenditure per capita (current US$),FR,France
FRA,2007,4312.31054688,,,2,SH.XPD.CHEX.PC.CD,Current health expenditure per capita (current US$),FR,France
FRA,2006,3811.55175781,,,2,SH.XPD.CHEX.PC.CD,Current health expenditure per capita (current US$),FR,France
FRA,2005,3575.02514648,,,2,SH.XPD.CHEX.PC.CD,Current health expenditure per capita (current US$),FR,France
FRA,2004,3458.62744141,,,2,SH.XPD.CHEX.PC.CD,Current health expenditure per capita (current US$),FR,France
FRA,2003,3006.3059082,,,2,SH.XPD.CHEX.PC.CD,Current health expenditure per capita (current US$),FR,France
FRA,2002,2449.75830078,,,2,SH.XPD.CHEX.PC.CD,Current health expenditure per capita (current US$),FR,France
FRA,2001,2192.71557617,,,2,SH.XPD.CHEX.PC.CD,Current health expenditure per capita (current US$),FR,France
FRA,2000,2161.85302734,,,2,SH.XPD.CHEX.PC.CD,Current health expenditure per capita (current US$),FR,France
PYF,2023,,,,2,SH.XPD.CHEX.PC.CD,Current health expenditure per capita (current US$),PF,French Polynesia
PYF,2022,,,,2,SH.XPD.CHEX.PC.CD,Current health expenditure per capita (current US$),PF,French Polynesia
PYF,2021,,,,2,SH.XPD.CHEX.PC.CD,Current health expenditure per capita (current US$),PF,French Polynesia
PYF,2020,,,,2,SH.XPD.CHEX.PC.CD,Current health expenditure per capita (current US$),PF,French Polynesia
PYF,2019,,,,2,SH.XPD.CHEX.PC.CD,Current health expenditure per capita (current US$),PF,French Polynesia
PYF,2018,,,,2,SH.XPD.CHEX.PC.CD,Current health expenditure per capita (current US$),PF,French Polynesia
PYF,2017,,,,2,SH.XPD.CHEX.PC.CD,Current health expenditure per capita (current US$),PF,French Polynesia
PYF,2016,,,,2,SH.XPD.CHEX.PC.CD,Current health expenditure per capita (current US$),PF,French Polynesia
PYF,2015,,,,2,SH.XPD.CHEX.PC.CD,Current health expenditure per capita (current US$),PF,French Polynesia
PYF,2014,,,,2,SH.XPD.CHEX.PC.CD,Current health expenditure per capita (current US$),PF,French Polynesia
PYF,2013,,,,2,SH.XPD.CHEX.PC.CD,Current health expenditure per capita (current US$),PF,French Polynesia
PYF,2012,,,,2,SH.XPD.CHEX.PC.CD,Current health expenditure per capita (current US$),PF,French Polynesia
PYF,2011,,,,2,SH.XPD.CHEX.PC.CD,Current health expenditure per capita (current US$),PF,French Polynesia
PYF,2010,,,,2,SH.XPD.CHEX.PC.CD,Current health expenditure per capita (current US$),PF,French Polynesia
PYF,2009,,,,2,SH.XPD.CHEX.PC.CD,Current health expenditure per capita (current US$),PF,French Polynesia
PYF,2008,,,,2,SH.XPD.CHEX.PC.CD,Current health expenditure per capita (current US$),PF,French Polynesia
PYF,2007,,,,2,SH.XPD.CHEX.PC.CD,Current health expenditure per capita (current US$),PF,French Polynesia
PYF,2006,,,,2,SH.XPD.CHEX.PC.CD,Current health expenditure per capita (current US$),PF,French Polynesia
PYF,2005,,,,2,SH.XPD.CHEX.PC.CD,Current health expenditure per capita (current US$),PF,French Polynesia
PYF,2004,,,,2,SH.XPD.CHEX.PC.CD,Current health expenditure per capita (current US$),PF,French Polynesia
PYF,2003,,,,2,SH.XPD.CHEX.PC.CD,Current health expenditure per capita (current US$),PF,French Polynesia
PYF,2002,,,,2,SH.XPD.CHEX.PC.CD,Current health expenditure per capita (current US$),PF,French Polynesia
PYF,2001,,,,2,SH.XPD.CHEX.PC.CD,Current health expenditure per capita (current US$),PF,French Polynesia
PYF,2000,,,,2,SH.XPD.CHEX.PC.CD,Current health expenditure per capita (current US$),PF,French Polynesia
GAB,2023,252.98246765,,,2,SH.XPD.CHEX.PC.CD,Current health expenditure per capita (current US$),GA,Gabon
GAB,2022,243.09941101,,,2,SH.XPD.CHEX.PC.CD,Current health expenditure per capita (current US$),GA,Gabon
GAB,2021,228.46922302,,,2,SH.XPD.CHEX.PC.CD,Current health expenditure per capita (current US$),GA,Gabon
GAB,2020,227.2480011,,,2,SH.XPD.CHEX.PC.CD,Current health expenditure per capita (current US$),GA,Gabon
GAB,2019,205.99945068,,,2,SH.XPD.CHEX.PC.CD,Current health expenditure per capita (current US$),GA,Gabon
GAB,2018,209.28697205,,,2,SH.XPD.CHEX.PC.CD,Current health expenditure per capita (current US$),GA,Gabon
GAB,2017,192.47543335,,,2,SH.XPD.CHEX.PC.CD,Current health expenditure per capita (current US$),GA,Gabon
GAB,2016,207.50273132,,,2,SH.XPD.CHEX.PC.CD,Current health expenditure per capita (current US$),GA,Gabon
GAB,2015,187.27270508,,,2,SH.XPD.CHEX.PC.CD,Current health expenditure per capita (current US$),GA,Gabon
GAB,2014,233.05368042,,,2,SH.XPD.CHEX.PC.CD,Current health expenditure per capita (current US$),GA,Gabon
GAB,2013,261.29452515,,,2,SH.XPD.CHEX.PC.CD,Current health expenditure per capita (current US$),GA,Gabon
GAB,2012,225.07722473,,,2,SH.XPD.CHEX.PC.CD,Current health expenditure per capita (current US$),GA,Gabon
GAB,2011,261.37597656,,,2,SH.XPD.CHEX.PC.CD,Current health expenditure per capita (current US$),GA,Gabon
GAB,2010,206.87702942,,,2,SH.XPD.CHEX.PC.CD,Current health expenditure per capita (current US$),GA,Gabon
GAB,2009,277.62945557,,,2,SH.XPD.CHEX.PC.CD,Current health expenditure per capita (current US$),GA,Gabon
GAB,2008,275.89450073,,,2,SH.XPD.CHEX.PC.CD,Current health expenditure per capita (current US$),GA,Gabon
GAB,2007,246.78276062,,,2,SH.XPD.CHEX.PC.CD,Current health expenditure per capita (current US$),GA,Gabon
GAB,2006,211.9914093,,,2,SH.XPD.CHEX.PC.CD,Current health expenditure per capita (current US$),GA,Gabon
GAB,2005,188.91426086,,,2,SH.XPD.CHEX.PC.CD,Current health expenditure per capita (current US$),GA,Gabon
GAB,2004,183.92318726,,,2,SH.XPD.CHEX.PC.CD,Current health expenditure per capita (current US$),GA,Gabon
GAB,2003,166.59495544,,,2,SH.XPD.CHEX.PC.CD,Current health expenditure per capita (current US$),GA,Gabon
GAB,2002,132.07215881,,,2,SH.XPD.CHEX.PC.CD,Current health expenditure per capita (current US$),GA,Gabon
GAB,2001,120.90242767,,,2,SH.XPD.CHEX.PC.CD,Current health expenditure per capita (current US$),GA,Gabon
GAB,2000,123.197258,,,2,SH.XPD.CHEX.PC.CD,Current health expenditure per capita (current US$),GA,Gabon
GMB,2023,25.74407768,,,2,SH.XPD.CHEX.PC.CD,Current health expenditure per capita (current US$),GM,"Gambia, The"
GMB,2022,29.57811737,,,2,SH.XPD.CHEX.PC.CD,Current health expenditure per capita (current US$),GM,"Gambia, The"
GMB,2021,29.77283478,,,2,SH.XPD.CHEX.PC.CD,Current health expenditure per capita (current US$),GM,"Gambia, The"
GMB,2020,28.9169693,,,2,SH.XPD.CHEX.PC.CD,Current health expenditure per capita (current US$),GM,"Gambia, The"
GMB,2019,23.21861267,,,2,SH.XPD.CHEX.PC.CD,Current health expenditure per capita (current US$),GM,"Gambia, The"
GMB,2018,22.17474365,,,2,SH.XPD.CHEX.PC.CD,Current health expenditure per capita (current US$),GM,"Gambia, The"
GMB,2017,21.55331612,,,2,SH.XPD.CHEX.PC.CD,Current health expenditure per capita (current US$),GM,"Gambia, The"
GMB,2016,20.77086067,,,2,SH.XPD.CHEX.PC.CD,Current health expenditure per capita (current US$),GM,"Gambia, The"
GMB,2015,19.67725563,,,2,SH.XPD.CHEX.PC.CD,Current health expenditure per capita (current US$),GM,"Gambia, The"
GMB,2014,17.33743477,,,2,SH.XPD.CHEX.PC.CD,Current health expenditure per capita (current US$),GM,"Gambia, The"
GMB,2013,25.59075928,,,2,SH.XPD.CHEX.PC.CD,Current health expenditure per capita (current US$),GM,"Gambia, The"
GMB,2012,29.56409264,,,2,SH.XPD.CHEX.PC.CD,Current health expenditure per capita (current US$),GM,"Gambia, The"
GMB,2011,31.05148888,,,2,SH.XPD.CHEX.PC.CD,Current health expenditure per capita (current US$),GM,"Gambia, The"
GMB,2010,32.99832535,,,2,SH.XPD.CHEX.PC.CD,Current health expenditure per capita (current US$),GM,"Gambia, The"
GMB,2009,34.59326172,,,2,SH.XPD.CHEX.PC.CD,Current health expenditure per capita (current US$),GM,"Gambia, The"
GMB,2008,40.0297699,,,2,SH.XPD.CHEX.PC.CD,Current health expenditure per capita (current US$),GM,"Gambia, The"
GMB,2007,35.91078568,,,2,SH.XPD.CHEX.PC.CD,Current health expenditure per capita (current US$),GM,"Gambia, The"
GMB,2006,33.41355896,,,2,SH.XPD.CHEX.PC.CD,Current health expenditure per capita (current US$),GM,"Gambia, The"
GMB,2005,33.2039566,,,2,SH.XPD.CHEX.PC.CD,Current health expenditure per capita (current US$),GM,"Gambia, The"
GMB,2004,32.15613174,,,2,SH.XPD.CHEX.PC.CD,Current health expenditure per capita (current US$),GM,"Gambia, The"
GMB,2003,28.3001461,,,2,SH.XPD.CHEX.PC.CD,Current health expenditure per capita (current US$),GM,"Gambia, The"
GMB,2002,35.99459839,,,2,SH.XPD.CHEX.PC.CD,Current health expenditure per capita (current US$),GM,"Gambia, The"
GMB,2001,55.65046692,,,2,SH.XPD.CHEX.PC.CD,Current health expenditure per capita (current US$),GM,"Gambia, The"
GMB,2000,74.83678436,,,2,SH.XPD.CHEX.PC.CD,Current health expenditure per capita (current US$),GM,"Gambia, The"
GEO,2023,554.3248291,,,2,SH.XPD.CHEX.PC.CD,Current health expenditure per capita (current US$),GE,Georgia
GEO,2022,546.22503662,,,2,SH.XPD.CHEX.PC.CD,Current health expenditure per capita (current US$),GE,Georgia
GEO,2021,524.32415771,,,2,SH.XPD.CHEX.PC.CD,Current health expenditure per capita (current US$),GE,Georgia
GEO,2020,389.42260742,,,2,SH.XPD.CHEX.PC.CD,Current health expenditure per capita (current US$),GE,Georgia
GEO,2019,339.86679077,,,2,SH.XPD.CHEX.PC.CD,Current health expenditure per capita (current US$),GE,Georgia
GEO,2018,365.91583252,,,2,SH.XPD.CHEX.PC.CD,Current health expenditure per capita (current US$),GE,Georgia
GEO,2017,377.92520142,,,2,SH.XPD.CHEX.PC.CD,Current health expenditure per capita (current US$),GE,Georgia
GEO,2016,369.51849365,,,2,SH.XPD.CHEX.PC.CD,Current health expenditure per capita (current US$),GE,Georgia
GEO,2015,347.71783447,,,2,SH.XPD.CHEX.PC.CD,Current health expenditure per capita (current US$),GE,Georgia
GEO,2014,392.86099243,,,2,SH.XPD.CHEX.PC.CD,Current health expenditure per capita (current US$),GE,Georgia
GEO,2013,368.16253662,,,2,SH.XPD.CHEX.PC.CD,Current health expenditure per capita (current US$),GE,Georgia
GEO,2012,349.90432739,,,2,SH.XPD.CHEX.PC.CD,Current health expenditure per capita (current US$),GE,Georgia
GEO,2011,315.29684448,,,2,SH.XPD.CHEX.PC.CD,Current health expenditure per capita (current US$),GE,Georgia
GEO,2010,287.75900269,,,2,SH.XPD.CHEX.PC.CD,Current health expenditure per capita (current US$),GE,Georgia
GEO,2009,270.2170105,,,2,SH.XPD.CHEX.PC.CD,Current health expenditure per capita (current US$),GE,Georgia
GEO,2008,281.84671021,,,2,SH.XPD.CHEX.PC.CD,Current health expenditure per capita (current US$),GE,Georgia
GEO,2007,195.9908905,,,2,SH.XPD.CHEX.PC.CD,Current health expenditure per capita (current US$),GE,Georgia
GEO,2006,152.0617218,,,2,SH.XPD.CHEX.PC.CD,Current health expenditure per capita (current US$),GE,Georgia
GEO,2005,132.22496033,,,2,SH.XPD.CHEX.PC.CD,Current health expenditure per capita (current US$),GE,Georgia
GEO,2004,105.09565735,,,2,SH.XPD.CHEX.PC.CD,Current health expenditure per capita (current US$),GE,Georgia
GEO,2003,80.6542511,,,2,SH.XPD.CHEX.PC.CD,Current health expenditure per capita (current US$),GE,Georgia
GEO,2002,66.08916473,,,2,SH.XPD.CHEX.PC.CD,Current health expenditure per capita (current US$),GE,Georgia
GEO,2001,56.36803818,,,2,SH.XPD.CHEX.PC.CD,Current health expenditure per capita (current US$),GE,Georgia
GEO,2000,52.25807953,,,2,SH.XPD.CHEX.PC.CD,Current health expenditure per capita (current US$),GE,Georgia
DEU,2023,6394.62255859,,,2,SH.XPD.CHEX.PC.CD,Current health expenditure per capita (current US$),DE,Germany
DEU,2022,6226.14208984,,,2,SH.XPD.CHEX.PC.CD,Current health expenditure per capita (current US$),DE,Germany
DEU,2021,6653.58349609,,,2,SH.XPD.CHEX.PC.CD,Current health expenditure per capita (current US$),DE,Germany
DEU,2020,5906.80615234,,,2,SH.XPD.CHEX.PC.CD,Current health expenditure per capita (current US$),DE,Germany
DEU,2019,5447.31787109,,,2,SH.XPD.CHEX.PC.CD,Current health expenditure per capita (current US$),DE,Germany
DEU,2018,5473.55712891,,,2,SH.XPD.CHEX.PC.CD,Current health expenditure per capita (current US$),DE,Germany
DEU,2017,5039.35302734,,,2,SH.XPD.CHEX.PC.CD,Current health expenditure per capita (current US$),DE,Germany
DEU,2016,4723.32421875,,,2,SH.XPD.CHEX.PC.CD,Current health expenditure per capita (current US$),DE,Germany
DEU,2015,4605.59033203,,,2,SH.XPD.CHEX.PC.CD,Current health expenditure per capita (current US$),DE,Germany
DEU,2014,5287.34423828,,,2,SH.XPD.CHEX.PC.CD,Current health expenditure per capita (current US$),DE,Germany
DEU,2013,5080.62402344,,,2,SH.XPD.CHEX.PC.CD,Current health expenditure per capita (current US$),DE,Germany
DEU,2012,4744.87011719,,,2,SH.XPD.CHEX.PC.CD,Current health expenditure per capita (current US$),DE,Germany
DEU,2011,5016.23583984,,,2,SH.XPD.CHEX.PC.CD,Current health expenditure per capita (current US$),DE,Germany
DEU,2010,4592.07128906,,,2,SH.XPD.CHEX.PC.CD,Current health expenditure per capita (current US$),DE,Germany
DEU,2009,4655.171875,,,2,SH.XPD.CHEX.PC.CD,Current health expenditure per capita (current US$),DE,Germany
DEU,2008,4647.31005859,,,2,SH.XPD.CHEX.PC.CD,Current health expenditure per capita (current US$),DE,Germany
DEU,2007,4162.6875,,,2,SH.XPD.CHEX.PC.CD,Current health expenditure per capita (current US$),DE,Germany
DEU,2006,3681.3659668,,,2,SH.XPD.CHEX.PC.CD,Current health expenditure per capita (current US$),DE,Germany
DEU,2005,3544.56616211,,,2,SH.XPD.CHEX.PC.CD,Current health expenditure per capita (current US$),DE,Germany
DEU,2004,3447.26977539,,,2,SH.XPD.CHEX.PC.CD,Current health expenditure per capita (current US$),DE,Germany
DEU,2003,3139.36328125,,,2,SH.XPD.CHEX.PC.CD,Current health expenditure per capita (current US$),DE,Germany
DEU,2002,2557.53564453,,,2,SH.XPD.CHEX.PC.CD,Current health expenditure per capita (current US$),DE,Germany
DEU,2001,2338.12231445,,,2,SH.XPD.CHEX.PC.CD,Current health expenditure per capita (current US$),DE,Germany
DEU,2000,2336.36230469,,,2,SH.XPD.CHEX.PC.CD,Current health expenditure per capita (current US$),DE,Germany
GHA,2023,70.25730896,,,2,SH.XPD.CHEX.PC.CD,Current health expenditure per capita (current US$),GH,Ghana
GHA,2022,82.32108307,,,2,SH.XPD.CHEX.PC.CD,Current health expenditure per capita (current US$),GH,Ghana
GHA,2021,94.40388489,,,2,SH.XPD.CHEX.PC.CD,Current health expenditure per capita (current US$),GH,Ghana
GHA,2020,97.37677765,,,2,SH.XPD.CHEX.PC.CD,Current health expenditure per capita (current US$),GH,Ghana
GHA,2019,71.14958191,,,2,SH.XPD.CHEX.PC.CD,Current health expenditure per capita (current US$),GH,Ghana
GHA,2018,53.37788773,,,2,SH.XPD.CHEX.PC.CD,Current health expenditure per capita (current US$),GH,Ghana
GHA,2017,54.10602188,,,2,SH.XPD.CHEX.PC.CD,Current health expenditure per capita (current US$),GH,Ghana
GHA,2016,64.86400604,,,2,SH.XPD.CHEX.PC.CD,Current health expenditure per capita (current US$),GH,Ghana
GHA,2015,78.21643066,,,2,SH.XPD.CHEX.PC.CD,Current health expenditure per capita (current US$),GH,Ghana
GHA,2014,78.46701813,,,2,SH.XPD.CHEX.PC.CD,Current health expenditure per capita (current US$),GH,Ghana
GHA,2013,105.34784698,,,2,SH.XPD.CHEX.PC.CD,Current health expenditure per capita (current US$),GH,Ghana
GHA,2012,81.96895599,,,2,SH.XPD.CHEX.PC.CD,Current health expenditure per capita (current US$),GH,Ghana
GHA,2011,91.70959473,,,2,SH.XPD.CHEX.PC.CD,Current health expenditure per capita (current US$),GH,Ghana
GHA,2010,80.6833725,,,2,SH.XPD.CHEX.PC.CD,Current health expenditure per capita (current US$),GH,Ghana
GHA,2009,62.44382095,,,2,SH.XPD.CHEX.PC.CD,Current health expenditure per capita (current US$),GH,Ghana
GHA,2008,63.45487595,,,2,SH.XPD.CHEX.PC.CD,Current health expenditure per capita (current US$),GH,Ghana
GHA,2007,57.34096527,,,2,SH.XPD.CHEX.PC.CD,Current health expenditure per capita (current US$),GH,Ghana
GHA,2006,49.34616852,,,2,SH.XPD.CHEX.PC.CD,Current health expenditure per capita (current US$),GH,Ghana
GHA,2005,38.51657486,,,2,SH.XPD.CHEX.PC.CD,Current health expenditure per capita (current US$),GH,Ghana
GHA,2004,23.57214928,,,2,SH.XPD.CHEX.PC.CD,Current health expenditure per capita (current US$),GH,Ghana
GHA,2003,18.96423721,,,2,SH.XPD.CHEX.PC.CD,Current health expenditure per capita (current US$),GH,Ghana
GHA,2002,14.30371571,,,2,SH.XPD.CHEX.PC.CD,Current health expenditure per capita (current US$),GH,Ghana
GHA,2001,12.15051079,,,2,SH.XPD.CHEX.PC.CD,Current health expenditure per capita (current US$),GH,Ghana
GHA,2000,10.46035767,,,2,SH.XPD.CHEX.PC.CD,Current health expenditure per capita (current US$),GH,Ghana
GIB,2023,,,,2,SH.XPD.CHEX.PC.CD,Current health expenditure per capita (current US$),GI,Gibraltar
GIB,2022,,,,2,SH.XPD.CHEX.PC.CD,Current health expenditure per capita (current US$),GI,Gibraltar
GIB,2021,,,,2,SH.XPD.CHEX.PC.CD,Current health expenditure per capita (current US$),GI,Gibraltar
GIB,2020,,,,2,SH.XPD.CHEX.PC.CD,Current health expenditure per capita (current US$),GI,Gibraltar
GIB,2019,,,,2,SH.XPD.CHEX.PC.CD,Current health expenditure per capita (current US$),GI,Gibraltar
GIB,2018,,,,2,SH.XPD.CHEX.PC.CD,Current health expenditure per capita (current US$),GI,Gibraltar
GIB,2017,,,,2,SH.XPD.CHEX.PC.CD,Current health expenditure per capita (current US$),GI,Gibraltar
GIB,2016,,,,2,SH.XPD.CHEX.PC.CD,Current health expenditure per capita (current US$),GI,Gibraltar
GIB,2015,,,,2,SH.XPD.CHEX.PC.CD,Current health expenditure per capita (current US$),GI,Gibraltar
GIB,2014,,,,2,SH.XPD.CHEX.PC.CD,Current health expenditure per capita (current US$),GI,Gibraltar
GIB,2013,,,,2,SH.XPD.CHEX.PC.CD,Current health expenditure per capita (current US$),GI,Gibraltar
GIB,2012,,,,2,SH.XPD.CHEX.PC.CD,Current health expenditure per capita (current US$),GI,Gibraltar
GIB,2011,,,,2,SH.XPD.CHEX.PC.CD,Current health expenditure per capita (current US$),GI,Gibraltar
GIB,2010,,,,2,SH.XPD.CHEX.PC.CD,Current health expenditure per capita (current US$),GI,Gibraltar
GIB,2009,,,,2,SH.XPD.CHEX.PC.CD,Current health expenditure per capita (current US$),GI,Gibraltar
GIB,2008,,,,2,SH.XPD.CHEX.PC.CD,Current health expenditure per capita (current US$),GI,Gibraltar
GIB,2007,,,,2,SH.XPD.CHEX.PC.CD,Current health expenditure per capita (current US$),GI,Gibraltar
GIB,2006,,,,2,SH.XPD.CHEX.PC.CD,Current health expenditure per capita (current US$),GI,Gibraltar
GIB,2005,,,,2,SH.XPD.CHEX.PC.CD,Current health expenditure per capita (current US$),GI,Gibraltar
GIB,2004,,,,2,SH.XPD.CHEX.PC.CD,Current health expenditure per capita (current US$),GI,Gibraltar
GIB,2003,,,,2,SH.XPD.CHEX.PC.CD,Current health expenditure per capita (current US$),GI,Gibraltar
GIB,2002,,,,2,SH.XPD.CHEX.PC.CD,Current health expenditure per capita (current US$),GI,Gibraltar
GIB,2001,,,,2,SH.XPD.CHEX.PC.CD,Current health expenditure per capita (current US$),GI,Gibraltar
GIB,2000,,,,2,SH.XPD.CHEX.PC.CD,Current health expenditure per capita (current US$),GI,Gibraltar
GRC,2023,1962.59594727,,,2,SH.XPD.CHEX.PC.CD,Current health expenditure per capita (current US$),GR,Greece
GRC,2022,1768.11071777,,,2,SH.XPD.CHEX.PC.CD,Current health expenditure per capita (current US$),GR,Greece
GRC,2021,1846.37304688,,,2,SH.XPD.CHEX.PC.CD,Current health expenditure per capita (current US$),GR,Greece
GRC,2020,1674.78417969,,,2,SH.XPD.CHEX.PC.CD,Current health expenditure per capita (current US$),GR,Greece
GRC,2019,1569.02844238,,,2,SH.XPD.CHEX.PC.CD,Current health expenditure per capita (current US$),GR,Greece
GRC,2018,1603.07788086,,,2,SH.XPD.CHEX.PC.CD,Current health expenditure per capita (current US$),GR,Greece
GRC,2017,1509.78442383,,,2,SH.XPD.CHEX.PC.CD,Current health expenditure per capita (current US$),GR,Greece
GRC,2016,1513.25939941,,,2,SH.XPD.CHEX.PC.CD,Current health expenditure per capita (current US$),GR,Greece
GRC,2015,1481.41967773,,,2,SH.XPD.CHEX.PC.CD,Current health expenditure per capita (current US$),GR,Greece
GRC,2014,1700.4942627,,,2,SH.XPD.CHEX.PC.CD,Current health expenditure per capita (current US$),GR,Greece
GRC,2013,1832.02954102,,,2,SH.XPD.CHEX.PC.CD,Current health expenditure per capita (current US$),GR,Greece
GRC,2012,1948.24816895,,,2,SH.XPD.CHEX.PC.CD,Current health expenditure per capita (current US$),GR,Greece
GRC,2011,2338.91577148,,,2,SH.XPD.CHEX.PC.CD,Current health expenditure per capita (current US$),GR,Greece
GRC,2010,2564.36987305,,,2,SH.XPD.CHEX.PC.CD,Current health expenditure per capita (current US$),GR,Greece
GRC,2009,2809.05957031,,,2,SH.XPD.CHEX.PC.CD,Current health expenditure per capita (current US$),GR,Greece
GRC,2008,2840.50854492,,,2,SH.XPD.CHEX.PC.CD,Current health expenditure per capita (current US$),GR,Greece
GRC,2007,2426.75952148,,,2,SH.XPD.CHEX.PC.CD,Current health expenditure per capita (current US$),GR,Greece
GRC,2006,2052.87548828,,,2,SH.XPD.CHEX.PC.CD,Current health expenditure per capita (current US$),GR,Greece
GRC,2005,1935.26757813,,,2,SH.XPD.CHEX.PC.CD,Current health expenditure per capita (current US$),GR,Greece
GRC,2004,1782.69592285,,,2,SH.XPD.CHEX.PC.CD,Current health expenditure per capita (current US$),GR,Greece
GRC,2003,1566.40979004,,,2,SH.XPD.CHEX.PC.CD,Current health expenditure per capita (current US$),GR,Greece
GRC,2002,1168.82409668,,,2,SH.XPD.CHEX.PC.CD,Current health expenditure per capita (current US$),GR,Greece
GRC,2001,1004.81542969,,,2,SH.XPD.CHEX.PC.CD,Current health expenditure per capita (current US$),GR,Greece
GRC,2000,885.41052246,,,2,SH.XPD.CHEX.PC.CD,Current health expenditure per capita (current US$),GR,Greece
GRL,2023,,,,2,SH.XPD.CHEX.PC.CD,Current health expenditure per capita (current US$),GL,Greenland
GRL,2022,,,,2,SH.XPD.CHEX.PC.CD,Current health expenditure per capita (current US$),GL,Greenland
GRL,2021,,,,2,SH.XPD.CHEX.PC.CD,Current health expenditure per capita (current US$),GL,Greenland
GRL,2020,,,,2,SH.XPD.CHEX.PC.CD,Current health expenditure per capita (current US$),GL,Greenland
GRL,2019,,,,2,SH.XPD.CHEX.PC.CD,Current health expenditure per capita (current US$),GL,Greenland
GRL,2018,,,,2,SH.XPD.CHEX.PC.CD,Current health expenditure per capita (current US$),GL,Greenland
GRL,2017,,,,2,SH.XPD.CHEX.PC.CD,Current health expenditure per capita (current US$),GL,Greenland
GRL,2016,,,,2,SH.XPD.CHEX.PC.CD,Current health expenditure per capita (current US$),GL,Greenland
GRL,2015,,,,2,SH.XPD.CHEX.PC.CD,Current health expenditure per capita (current US$),GL,Greenland
GRL,2014,,,,2,SH.XPD.CHEX.PC.CD,Current health expenditure per capita (current US$),GL,Greenland
GRL,2013,,,,2,SH.XPD.CHEX.PC.CD,Current health expenditure per capita (current US$),GL,Greenland
GRL,2012,,,,2,SH.XPD.CHEX.PC.CD,Current health expenditure per capita (current US$),GL,Greenland
GRL,2011,,,,2,SH.XPD.CHEX.PC.CD,Current health expenditure per capita (current US$),GL,Greenland
GRL,2010,,,,2,SH.XPD.CHEX.PC.CD,Current health expenditure per capita (current US$),GL,Greenland
GRL,2009,,,,2,SH.XPD.CHEX.PC.CD,Current health expenditure per capita (current US$),GL,Greenland
GRL,2008,,,,2,SH.XPD.CHEX.PC.CD,Current health expenditure per capita (current US$),GL,Greenland
GRL,2007,,,,2,SH.XPD.CHEX.PC.CD,Current health expenditure per capita (current US$),GL,Greenland
GRL,2006,,,,2,SH.XPD.CHEX.PC.CD,Current health expenditure per capita (current US$),GL,Greenland
GRL,2005,,,,2,SH.XPD.CHEX.PC.CD,Current health expenditure per capita (current US$),GL,Greenland
GRL,2004,,,,2,SH.XPD.CHEX.PC.CD,Current health expenditure per capita (current US$),GL,Greenland
GRL,2003,,,,2,SH.XPD.CHEX.PC.CD,Current health expenditure per capita (current US$),GL,Greenland
GRL,2002,,,,2,SH.XPD.CHEX.PC.CD,Current health expenditure per capita (current US$),GL,Greenland
GRL,2001,,,,2,SH.XPD.CHEX.PC.CD,Current health expenditure per capita (current US$),GL,Greenland
GRL,2000,,,,2,SH.XPD.CHEX.PC.CD,Current health expenditure per capita (current US$),GL,Greenland
GRD,2023,526.3918457,,,2,SH.XPD.CHEX.PC.CD,Current health expenditure per capita (current US$),GD,Grenada
GRD,2022,526.35113525,,,2,SH.XPD.CHEX.PC.CD,Current health expenditure per capita (current US$),GD,Grenada
GRD,2021,508.09500122,,,2,SH.XPD.CHEX.PC.CD,Current health expenditure per capita (current US$),GD,Grenada
GRD,2020,475.83853149,,,2,SH.XPD.CHEX.PC.CD,Current health expenditure per capita (current US$),GD,Grenada
GRD,2019,515.94726563,,,2,SH.XPD.CHEX.PC.CD,Current health expenditure per capita (current US$),GD,Grenada
GRD,2018,462.2394104,,,2,SH.XPD.CHEX.PC.CD,Current health expenditure per capita (current US$),GD,Grenada
GRD,2017,454.07266235,,,2,SH.XPD.CHEX.PC.CD,Current health expenditure per capita (current US$),GD,Grenada
GRD,2016,409.27841187,,,2,SH.XPD.CHEX.PC.CD,Current health expenditure per capita (current US$),GD,Grenada
GRD,2015,404.00680542,,,2,SH.XPD.CHEX.PC.CD,Current health expenditure per capita (current US$),GD,Grenada
GRD,2014,381.22598267,,,2,SH.XPD.CHEX.PC.CD,Current health expenditure per capita (current US$),GD,Grenada
GRD,2013,417.74581909,,,2,SH.XPD.CHEX.PC.CD,Current health expenditure per capita (current US$),GD,Grenada
GRD,2012,413.02658081,,,2,SH.XPD.CHEX.PC.CD,Current health expenditure per capita (current US$),GD,Grenada
GRD,2011,403.17129517,,,2,SH.XPD.CHEX.PC.CD,Current health expenditure per capita (current US$),GD,Grenada
GRD,2010,374.46508789,,,2,SH.XPD.CHEX.PC.CD,Current health expenditure per capita (current US$),GD,Grenada
GRD,2009,376.68447876,,,2,SH.XPD.CHEX.PC.CD,Current health expenditure per capita (current US$),GD,Grenada
GRD,2008,401.15072632,,,2,SH.XPD.CHEX.PC.CD,Current health expenditure per capita (current US$),GD,Grenada
GRD,2007,359.53503418,,,2,SH.XPD.CHEX.PC.CD,Current health expenditure per capita (current US$),GD,Grenada
GRD,2006,324.32067871,,,2,SH.XPD.CHEX.PC.CD,Current health expenditure per capita (current US$),GD,Grenada
GRD,2005,326.09225464,,,2,SH.XPD.CHEX.PC.CD,Current health expenditure per capita (current US$),GD,Grenada
GRD,2004,294.12390137,,,2,SH.XPD.CHEX.PC.CD,Current health expenditure per capita (current US$),GD,Grenada
GRD,2003,286.90512085,,,2,SH.XPD.CHEX.PC.CD,Current health expenditure per capita (current US$),GD,Grenada
GRD,2002,307.84365845,,,2,SH.XPD.CHEX.PC.CD,Current health expenditure per capita (current US$),GD,Grenada
GRD,2001,271.03814697,,,2,SH.XPD.CHEX.PC.CD,Current health expenditure per capita (current US$),GD,Grenada
GRD,2000,259.33764648,,,2,SH.XPD.CHEX.PC.CD,Current health expenditure per capita (current US$),GD,Grenada
GUM,2023,,,,2,SH.XPD.CHEX.PC.CD,Current health expenditure per capita (current US$),GU,Guam
GUM,2022,,,,2,SH.XPD.CHEX.PC.CD,Current health expenditure per capita (current US$),GU,Guam
GUM,2021,,,,2,SH.XPD.CHEX.PC.CD,Current health expenditure per capita (current US$),GU,Guam
GUM,2020,,,,2,SH.XPD.CHEX.PC.CD,Current health expenditure per capita (current US$),GU,Guam
GUM,2019,,,,2,SH.XPD.CHEX.PC.CD,Current health expenditure per capita (current US$),GU,Guam
GUM,2018,,,,2,SH.XPD.CHEX.PC.CD,Current health expenditure per capita (current US$),GU,Guam
GUM,2017,,,,2,SH.XPD.CHEX.PC.CD,Current health expenditure per capita (current US$),GU,Guam
GUM,2016,,,,2,SH.XPD.CHEX.PC.CD,Current health expenditure per capita (current US$),GU,Guam
GUM,2015,,,,2,SH.XPD.CHEX.PC.CD,Current health expenditure per capita (current US$),GU,Guam
GUM,2014,,,,2,SH.XPD.CHEX.PC.CD,Current health expenditure per capita (current US$),GU,Guam
GUM,2013,,,,2,SH.XPD.CHEX.PC.CD,Current health expenditure per capita (current US$),GU,Guam
GUM,2012,,,,2,SH.XPD.CHEX.PC.CD,Current health expenditure per capita (current US$),GU,Guam
GUM,2011,,,,2,SH.XPD.CHEX.PC.CD,Current health expenditure per capita (current US$),GU,Guam
GUM,2010,,,,2,SH.XPD.CHEX.PC.CD,Current health expenditure per capita (current US$),GU,Guam
GUM,2009,,,,2,SH.XPD.CHEX.PC.CD,Current health expenditure per capita (current US$),GU,Guam
GUM,2008,,,,2,SH.XPD.CHEX.PC.CD,Current health expenditure per capita (current US$),GU,Guam
GUM,2007,,,,2,SH.XPD.CHEX.PC.CD,Current health expenditure per capita (current US$),GU,Guam
GUM,2006,,,,2,SH.XPD.CHEX.PC.CD,Current health expenditure per capita (current US$),GU,Guam
GUM,2005,,,,2,SH.XPD.CHEX.PC.CD,Current health expenditure per capita (current US$),GU,Guam
GUM,2004,,,,2,SH.XPD.CHEX.PC.CD,Current health expenditure per capita (current US$),GU,Guam
GUM,2003,,,,2,SH.XPD.CHEX.PC.CD,Current health expenditure per capita (current US$),GU,Guam
GUM,2002,,,,2,SH.XPD.CHEX.PC.CD,Current health expenditure per capita (current US$),GU,Guam
GUM,2001,,,,2,SH.XPD.CHEX.PC.CD,Current health expenditure per capita (current US$),GU,Guam
GUM,2000,,,,2,SH.XPD.CHEX.PC.CD,Current health expenditure per capita (current US$),GU,Guam
GTM,2023,392.01223755,,,2,SH.XPD.CHEX.PC.CD,Current health expenditure per capita (current US$),GT,Guatemala
GTM,2022,384.06158447,,,2,SH.XPD.CHEX.PC.CD,Current health expenditure per capita (current US$),GT,Guatemala
GTM,2021,361.51858521,,,2,SH.XPD.CHEX.PC.CD,Current health expenditure per capita (current US$),GT,Guatemala
GTM,2020,289.21640015,,,2,SH.XPD.CHEX.PC.CD,Current health expenditure per capita (current US$),GT,Guatemala
GTM,2019,278.59024048,,,2,SH.XPD.CHEX.PC.CD,Current health expenditure per capita (current US$),GT,Guatemala
GTM,2018,265.81820679,,,2,SH.XPD.CHEX.PC.CD,Current health expenditure per capita (current US$),GT,Guatemala
GTM,2017,265.36593628,,,2,SH.XPD.CHEX.PC.CD,Current health expenditure per capita (current US$),GT,Guatemala
GTM,2016,246.4538269,,,2,SH.XPD.CHEX.PC.CD,Current health expenditure per capita (current US$),GT,Guatemala
GTM,2015,233.8447876,,,2,SH.XPD.CHEX.PC.CD,Current health expenditure per capita (current US$),GT,Guatemala
GTM,2014,217.23764038,,,2,SH.XPD.CHEX.PC.CD,Current health expenditure per capita (current US$),GT,Guatemala
GTM,2013,198.79296875,,,2,SH.XPD.CHEX.PC.CD,Current health expenditure per capita (current US$),GT,Guatemala
GTM,2012,200.84880066,,,2,SH.XPD.CHEX.PC.CD,Current health expenditure per capita (current US$),GT,Guatemala
GTM,2011,191.24732971,,,2,SH.XPD.CHEX.PC.CD,Current health expenditure per capita (current US$),GT,Guatemala
GTM,2010,175.31318665,,,2,SH.XPD.CHEX.PC.CD,Current health expenditure per capita (current US$),GT,Guatemala
GTM,2009,169.37559509,,,2,SH.XPD.CHEX.PC.CD,Current health expenditure per capita (current US$),GT,Guatemala
GTM,2008,175.67254639,,,2,SH.XPD.CHEX.PC.CD,Current health expenditure per capita (current US$),GT,Guatemala
GTM,2007,158.89395142,,,2,SH.XPD.CHEX.PC.CD,Current health expenditure per capita (current US$),GT,Guatemala
GTM,2006,149.04266357,,,2,SH.XPD.CHEX.PC.CD,Current health expenditure per capita (current US$),GT,Guatemala
GTM,2005,132.41906738,,,2,SH.XPD.CHEX.PC.CD,Current health expenditure per capita (current US$),GT,Guatemala
GTM,2004,122.16271973,,,2,SH.XPD.CHEX.PC.CD,Current health expenditure per capita (current US$),GT,Guatemala
GTM,2003,113.38285065,,,2,SH.XPD.CHEX.PC.CD,Current health expenditure per capita (current US$),GT,Guatemala
GTM,2002,107.62042236,,,2,SH.XPD.CHEX.PC.CD,Current health expenditure per capita (current US$),GT,Guatemala
GTM,2001,100.02039337,,,2,SH.XPD.CHEX.PC.CD,Current health expenditure per capita (current US$),GT,Guatemala
GTM,2000,83.61930084,,,2,SH.XPD.CHEX.PC.CD,Current health expenditure per capita (current US$),GT,Guatemala
GIN,2023,59.33010101,,,2,SH.XPD.CHEX.PC.CD,Current health expenditure per capita (current US$),GN,Guinea
GIN,2022,53.2922287,,,2,SH.XPD.CHEX.PC.CD,Current health expenditure per capita (current US$),GN,Guinea
GIN,2021,44.10476303,,,2,SH.XPD.CHEX.PC.CD,Current health expenditure per capita (current US$),GN,Guinea
GIN,2020,41.1027565,,,2,SH.XPD.CHEX.PC.CD,Current health expenditure per capita (current US$),GN,Guinea
GIN,2019,42.16910172,,,2,SH.XPD.CHEX.PC.CD,Current health expenditure per capita (current US$),GN,Guinea
GIN,2018,34.88978195,,,2,SH.XPD.CHEX.PC.CD,Current health expenditure per capita (current US$),GN,Guinea
GIN,2017,32.63646317,,,2,SH.XPD.CHEX.PC.CD,Current health expenditure per capita (current US$),GN,Guinea
GIN,2016,38.42609406,,,2,SH.XPD.CHEX.PC.CD,Current health expenditure per capita (current US$),GN,Guinea
GIN,2015,43.41540527,,,2,SH.XPD.CHEX.PC.CD,Current health expenditure per capita (current US$),GN,Guinea
GIN,2014,36.63517761,,,2,SH.XPD.CHEX.PC.CD,Current health expenditure per capita (current US$),GN,Guinea
GIN,2013,25.90467834,,,2,SH.XPD.CHEX.PC.CD,Current health expenditure per capita (current US$),GN,Guinea
GIN,2012,23.70012856,,,2,SH.XPD.CHEX.PC.CD,Current health expenditure per capita (current US$),GN,Guinea
GIN,2011,24.12806129,,,2,SH.XPD.CHEX.PC.CD,Current health expenditure per capita (current US$),GN,Guinea
GIN,2010,22.59741783,,,2,SH.XPD.CHEX.PC.CD,Current health expenditure per capita (current US$),GN,Guinea
GIN,2009,23.71565628,,,2,SH.XPD.CHEX.PC.CD,Current health expenditure per capita (current US$),GN,Guinea
GIN,2008,22.97397041,,,2,SH.XPD.CHEX.PC.CD,Current health expenditure per capita (current US$),GN,Guinea
GIN,2007,22.64143372,,,2,SH.XPD.CHEX.PC.CD,Current health expenditure per capita (current US$),GN,Guinea
GIN,2006,16.15967941,,,2,SH.XPD.CHEX.PC.CD,Current health expenditure per capita (current US$),GN,Guinea
GIN,2005,19.66388702,,,2,SH.XPD.CHEX.PC.CD,Current health expenditure per capita (current US$),GN,Guinea
GIN,2004,26.41420937,,,2,SH.XPD.CHEX.PC.CD,Current health expenditure per capita (current US$),GN,Guinea
GIN,2003,25.60194969,,,2,SH.XPD.CHEX.PC.CD,Current health expenditure per capita (current US$),GN,Guinea
GIN,2002,24.83917809,,,2,SH.XPD.CHEX.PC.CD,Current health expenditure per capita (current US$),GN,Guinea
GIN,2001,21.76875114,,,2,SH.XPD.CHEX.PC.CD,Current health expenditure per capita (current US$),GN,Guinea
GIN,2000,22.71741867,,,2,SH.XPD.CHEX.PC.CD,Current health expenditure per capita (current US$),GN,Guinea
GNB,2023,82.13543701,,,2,SH.XPD.CHEX.PC.CD,Current health expenditure per capita (current US$),GW,Guinea-Bissau
GNB,2022,68.01049042,,,2,SH.XPD.CHEX.PC.CD,Current health expenditure per capita (current US$),GW,Guinea-Bissau
GNB,2021,70.21189117,,,2,SH.XPD.CHEX.PC.CD,Current health expenditure per capita (current US$),GW,Guinea-Bissau
GNB,2020,67.88795471,,,2,SH.XPD.CHEX.PC.CD,Current health expenditure per capita (current US$),GW,Guinea-Bissau
GNB,2019,53.98390961,,,2,SH.XPD.CHEX.PC.CD,Current health expenditure per capita (current US$),GW,Guinea-Bissau
GNB,2018,58.87445068,,,2,SH.XPD.CHEX.PC.CD,Current health expenditure per capita (current US$),GW,Guinea-Bissau
GNB,2017,54.8225174,,,2,SH.XPD.CHEX.PC.CD,Current health expenditure per capita (current US$),GW,Guinea-Bissau
GNB,2016,56.60805511,,,2,SH.XPD.CHEX.PC.CD,Current health expenditure per capita (current US$),GW,Guinea-Bissau
GNB,2015,52.45866776,,,2,SH.XPD.CHEX.PC.CD,Current health expenditure per capita (current US$),GW,Guinea-Bissau
GNB,2014,64.99989319,,,2,SH.XPD.CHEX.PC.CD,Current health expenditure per capita (current US$),GW,Guinea-Bissau
GNB,2013,46.05934143,,,2,SH.XPD.CHEX.PC.CD,Current health expenditure per capita (current US$),GW,Guinea-Bissau
GNB,2012,37.75499725,,,2,SH.XPD.CHEX.PC.CD,Current health expenditure per capita (current US$),GW,Guinea-Bissau
GNB,2011,44.72909927,,,2,SH.XPD.CHEX.PC.CD,Current health expenditure per capita (current US$),GW,Guinea-Bissau
GNB,2010,29.23748016,,,2,SH.XPD.CHEX.PC.CD,Current health expenditure per capita (current US$),GW,Guinea-Bissau
GNB,2009,26.88874054,,,2,SH.XPD.CHEX.PC.CD,Current health expenditure per capita (current US$),GW,Guinea-Bissau
GNB,2008,34.26661301,,,2,SH.XPD.CHEX.PC.CD,Current health expenditure per capita (current US$),GW,Guinea-Bissau
GNB,2007,25.56799126,,,2,SH.XPD.CHEX.PC.CD,Current health expenditure per capita (current US$),GW,Guinea-Bissau
GNB,2006,22.77665329,,,2,SH.XPD.CHEX.PC.CD,Current health expenditure per capita (current US$),GW,Guinea-Bissau
GNB,2005,20.99864388,,,2,SH.XPD.CHEX.PC.CD,Current health expenditure per capita (current US$),GW,Guinea-Bissau
GNB,2004,18.42279816,,,2,SH.XPD.CHEX.PC.CD,Current health expenditure per capita (current US$),GW,Guinea-Bissau
GNB,2003,14.70093441,,,2,SH.XPD.CHEX.PC.CD,Current health expenditure per capita (current US$),GW,Guinea-Bissau
GNB,2002,14.02086544,,,2,SH.XPD.CHEX.PC.CD,Current health expenditure per capita (current US$),GW,Guinea-Bissau
GNB,2001,13.50725842,,,2,SH.XPD.CHEX.PC.CD,Current health expenditure per capita (current US$),GW,Guinea-Bissau
GNB,2000,13.2785511,,,2,SH.XPD.CHEX.PC.CD,Current health expenditure per capita (current US$),GW,Guinea-Bissau
GUY,2023,505.03240967,,,2,SH.XPD.CHEX.PC.CD,Current health expenditure per capita (current US$),GY,Guyana
GUY,2022,452.23754883,,,2,SH.XPD.CHEX.PC.CD,Current health expenditure per capita (current US$),GY,Guyana
GUY,2021,457.86633301,,,2,SH.XPD.CHEX.PC.CD,Current health expenditure per capita (current US$),GY,Guyana
GUY,2020,364.20135498,,,2,SH.XPD.CHEX.PC.CD,Current health expenditure per capita (current US$),GY,Guyana
GUY,2019,314.0977478,,,2,SH.XPD.CHEX.PC.CD,Current health expenditure per capita (current US$),GY,Guyana
GUY,2018,296.66903687,,,2,SH.XPD.CHEX.PC.CD,Current health expenditure per capita (current US$),GY,Guyana
GUY,2017,266.86364746,,,2,SH.XPD.CHEX.PC.CD,Current health expenditure per capita (current US$),GY,Guyana
GUY,2016,235.91662598,,,2,SH.XPD.CHEX.PC.CD,Current health expenditure per capita (current US$),GY,Guyana
GUY,2015,226.89404297,,,2,SH.XPD.CHEX.PC.CD,Current health expenditure per capita (current US$),GY,Guyana
GUY,2014,216.03759766,,,2,SH.XPD.CHEX.PC.CD,Current health expenditure per capita (current US$),GY,Guyana
GUY,2013,211.2910614,,,2,SH.XPD.CHEX.PC.CD,Current health expenditure per capita (current US$),GY,Guyana
GUY,2012,201.88832092,,,2,SH.XPD.CHEX.PC.CD,Current health expenditure per capita (current US$),GY,Guyana
GUY,2011,186.11392212,,,2,SH.XPD.CHEX.PC.CD,Current health expenditure per capita (current US$),GY,Guyana
GUY,2010,162.70393372,,,2,SH.XPD.CHEX.PC.CD,Current health expenditure per capita (current US$),GY,Guyana
GUY,2009,150.21723938,,,2,SH.XPD.CHEX.PC.CD,Current health expenditure per capita (current US$),GY,Guyana
GUY,2008,138.70043945,,,2,SH.XPD.CHEX.PC.CD,Current health expenditure per capita (current US$),GY,Guyana
GUY,2007,125.79258728,,,2,SH.XPD.CHEX.PC.CD,Current health expenditure per capita (current US$),GY,Guyana
GUY,2006,98.34314728,,,2,SH.XPD.CHEX.PC.CD,Current health expenditure per capita (current US$),GY,Guyana
GUY,2005,85.35713959,,,2,SH.XPD.CHEX.PC.CD,Current health expenditure per capita (current US$),GY,Guyana
GUY,2004,74.69225311,,,2,SH.XPD.CHEX.PC.CD,Current health expenditure per capita (current US$),GY,Guyana
GUY,2003,68.19880676,,,2,SH.XPD.CHEX.PC.CD,Current health expenditure per capita (current US$),GY,Guyana
GUY,2002,65.04125214,,,2,SH.XPD.CHEX.PC.CD,Current health expenditure per capita (current US$),GY,Guyana
GUY,2001,60.09927368,,,2,SH.XPD.CHEX.PC.CD,Current health expenditure per capita (current US$),GY,Guyana
GUY,2000,62.37635422,,,2,SH.XPD.CHEX.PC.CD,Current health expenditure per capita (current US$),GY,Guyana
HTI,2023,54.4146843,,,2,SH.XPD.CHEX.PC.CD,Current health expenditure per capita (current US$),HT,Haiti
HTI,2022,52.28417587,,,2,SH.XPD.CHEX.PC.CD,Current health expenditure per capita (current US$),HT,Haiti
HTI,2021,59.89406204,,,2,SH.XPD.CHEX.PC.CD,Current health expenditure per capita (current US$),HT,Haiti
HTI,2020,52.2158699,,,2,SH.XPD.CHEX.PC.CD,Current health expenditure per capita (current US$),HT,Haiti
HTI,2019,49.32995987,,,2,SH.XPD.CHEX.PC.CD,Current health expenditure per capita (current US$),HT,Haiti
HTI,2018,62.30102539,,,2,SH.XPD.CHEX.PC.CD,Current health expenditure per capita (current US$),HT,Haiti
HTI,2017,53.80579758,,,2,SH.XPD.CHEX.PC.CD,Current health expenditure per capita (current US$),HT,Haiti
HTI,2016,60.06819153,,,2,SH.XPD.CHEX.PC.CD,Current health expenditure per capita (current US$),HT,Haiti
HTI,2015,68.50547791,,,2,SH.XPD.CHEX.PC.CD,Current health expenditure per capita (current US$),HT,Haiti
HTI,2014,65.10858917,,,2,SH.XPD.CHEX.PC.CD,Current health expenditure per capita (current US$),HT,Haiti
HTI,2013,59.38277435,,,2,SH.XPD.CHEX.PC.CD,Current health expenditure per capita (current US$),HT,Haiti
HTI,2012,75.08546448,,,2,SH.XPD.CHEX.PC.CD,Current health expenditure per capita (current US$),HT,Haiti
HTI,2011,77.12206268,,,2,SH.XPD.CHEX.PC.CD,Current health expenditure per capita (current US$),HT,Haiti
HTI,2010,55.73518753,,,2,SH.XPD.CHEX.PC.CD,Current health expenditure per capita (current US$),HT,Haiti
HTI,2009,41.39894867,,,2,SH.XPD.CHEX.PC.CD,Current health expenditure per capita (current US$),HT,Haiti
HTI,2008,40.445961,,,2,SH.XPD.CHEX.PC.CD,Current health expenditure per capita (current US$),HT,Haiti
HTI,2007,37.59618378,,,2,SH.XPD.CHEX.PC.CD,Current health expenditure per capita (current US$),HT,Haiti
HTI,2006,29.11877251,,,2,SH.XPD.CHEX.PC.CD,Current health expenditure per capita (current US$),HT,Haiti
HTI,2005,25.25854683,,,2,SH.XPD.CHEX.PC.CD,Current health expenditure per capita (current US$),HT,Haiti
HTI,2004,24.0406456,,,2,SH.XPD.CHEX.PC.CD,Current health expenditure per capita (current US$),HT,Haiti
HTI,2003,18.60943604,,,2,SH.XPD.CHEX.PC.CD,Current health expenditure per capita (current US$),HT,Haiti
HTI,2002,22.36586189,,,2,SH.XPD.CHEX.PC.CD,Current health expenditure per capita (current US$),HT,Haiti
HTI,2001,27.39323044,,,2,SH.XPD.CHEX.PC.CD,Current health expenditure per capita (current US$),HT,Haiti
HTI,2000,30.35855865,,,2,SH.XPD.CHEX.PC.CD,Current health expenditure per capita (current US$),HT,Haiti
HND,2023,249.15301514,,,2,SH.XPD.CHEX.PC.CD,Current health expenditure per capita (current US$),HN,Honduras
HND,2022,244.90408325,,,2,SH.XPD.CHEX.PC.CD,Current health expenditure per capita (current US$),HN,Honduras
HND,2021,253.63349915,,,2,SH.XPD.CHEX.PC.CD,Current health expenditure per capita (current US$),HN,Honduras
HND,2020,212.7419281,,,2,SH.XPD.CHEX.PC.CD,Current health expenditure per capita (current US$),HN,Honduras
HND,2019,183.75006104,,,2,SH.XPD.CHEX.PC.CD,Current health expenditure per capita (current US$),HN,Honduras
HND,2018,178.1494751,,,2,SH.XPD.CHEX.PC.CD,Current health expenditure per capita (current US$),HN,Honduras
HND,2017,169.07194519,,,2,SH.XPD.CHEX.PC.CD,Current health expenditure per capita (current US$),HN,Honduras
HND,2016,177.8835144,,,2,SH.XPD.CHEX.PC.CD,Current health expenditure per capita (current US$),HN,Honduras
HND,2015,169.97198486,,,2,SH.XPD.CHEX.PC.CD,Current health expenditure per capita (current US$),HN,Honduras
HND,2014,172.52818298,,,2,SH.XPD.CHEX.PC.CD,Current health expenditure per capita (current US$),HN,Honduras
HND,2013,176.421875,,,2,SH.XPD.CHEX.PC.CD,Current health expenditure per capita (current US$),HN,Honduras
HND,2012,184.04154968,,,2,SH.XPD.CHEX.PC.CD,Current health expenditure per capita (current US$),HN,Honduras
HND,2011,182.3137207,,,2,SH.XPD.CHEX.PC.CD,Current health expenditure per capita (current US$),HN,Honduras
HND,2010,165.19970703,,,2,SH.XPD.CHEX.PC.CD,Current health expenditure per capita (current US$),HN,Honduras
HND,2009,160.23144531,,,2,SH.XPD.CHEX.PC.CD,Current health expenditure per capita (current US$),HN,Honduras
HND,2008,149.05706787,,,2,SH.XPD.CHEX.PC.CD,Current health expenditure per capita (current US$),HN,Honduras
HND,2007,127.55919647,,,2,SH.XPD.CHEX.PC.CD,Current health expenditure per capita (current US$),HN,Honduras
HND,2006,112.11707306,,,2,SH.XPD.CHEX.PC.CD,Current health expenditure per capita (current US$),HN,Honduras
HND,2005,97.86359406,,,2,SH.XPD.CHEX.PC.CD,Current health expenditure per capita (current US$),HN,Honduras
HND,2004,83.29620361,,,2,SH.XPD.CHEX.PC.CD,Current health expenditure per capita (current US$),HN,Honduras
HND,2003,79.65468597,,,2,SH.XPD.CHEX.PC.CD,Current health expenditure per capita (current US$),HN,Honduras
HND,2002,70.72001648,,,2,SH.XPD.CHEX.PC.CD,Current health expenditure per capita (current US$),HN,Honduras
HND,2001,67.13735199,,,2,SH.XPD.CHEX.PC.CD,Current health expenditure per capita (current US$),HN,Honduras
HND,2000,68.48374939,,,2,SH.XPD.CHEX.PC.CD,Current health expenditure per capita (current US$),HN,Honduras
HKG,2023,,,,2,SH.XPD.CHEX.PC.CD,Current health expenditure per capita (current US$),HK,"Hong Kong SAR, China"
HKG,2022,,,,2,SH.XPD.CHEX.PC.CD,Current health expenditure per capita (current US$),HK,"Hong Kong SAR, China"
HKG,2021,,,,2,SH.XPD.CHEX.PC.CD,Current health expenditure per capita (current US$),HK,"Hong Kong SAR, China"
HKG,2020,,,,2,SH.XPD.CHEX.PC.CD,Current health expenditure per capita (current US$),HK,"Hong Kong SAR, China"
HKG,2019,,,,2,SH.XPD.CHEX.PC.CD,Current health expenditure per capita (current US$),HK,"Hong Kong SAR, China"
HKG,2018,,,,2,SH.XPD.CHEX.PC.CD,Current health expenditure per capita (current US$),HK,"Hong Kong SAR, China"
HKG,2017,,,,2,SH.XPD.CHEX.PC.CD,Current health expenditure per capita (current US$),HK,"Hong Kong SAR, China"
HKG,2016,,,,2,SH.XPD.CHEX.PC.CD,Current health expenditure per capita (current US$),HK,"Hong Kong SAR, China"
HKG,2015,,,,2,SH.XPD.CHEX.PC.CD,Current health expenditure per capita (current US$),HK,"Hong Kong SAR, China"
HKG,2014,,,,2,SH.XPD.CHEX.PC.CD,Current health expenditure per capita (current US$),HK,"Hong Kong SAR, China"
HKG,2013,,,,2,SH.XPD.CHEX.PC.CD,Current health expenditure per capita (current US$),HK,"Hong Kong SAR, China"
HKG,2012,,,,2,SH.XPD.CHEX.PC.CD,Current health expenditure per capita (current US$),HK,"Hong Kong SAR, China"
HKG,2011,,,,2,SH.XPD.CHEX.PC.CD,Current health expenditure per capita (current US$),HK,"Hong Kong SAR, China"
HKG,2010,,,,2,SH.XPD.CHEX.PC.CD,Current health expenditure per capita (current US$),HK,"Hong Kong SAR, China"
HKG,2009,,,,2,SH.XPD.CHEX.PC.CD,Current health expenditure per capita (current US$),HK,"Hong Kong SAR, China"
HKG,2008,,,,2,SH.XPD.CHEX.PC.CD,Current health expenditure per capita (current US$),HK,"Hong Kong SAR, China"
HKG,2007,,,,2,SH.XPD.CHEX.PC.CD,Current health expenditure per capita (current US$),HK,"Hong Kong SAR, China"
HKG,2006,,,,2,SH.XPD.CHEX.PC.CD,Current health expenditure per capita (current US$),HK,"Hong Kong SAR, China"
HKG,2005,,,,2,SH.XPD.CHEX.PC.CD,Current health expenditure per capita (current US$),HK,"Hong Kong SAR, China"
HKG,2004,,,,2,SH.XPD.CHEX.PC.CD,Current health expenditure per capita (current US$),HK,"Hong Kong SAR, China"
HKG,2003,,,,2,SH.XPD.CHEX.PC.CD,Current health expenditure per capita (current US$),HK,"Hong Kong SAR, China"
HKG,2002,,,,2,SH.XPD.CHEX.PC.CD,Current health expenditure per capita (current US$),HK,"Hong Kong SAR, China"
HKG,2001,,,,2,SH.XPD.CHEX.PC.CD,Current health expenditure per capita (current US$),HK,"Hong Kong SAR, China"
HKG,2000,,,,2,SH.XPD.CHEX.PC.CD,Current health expenditure per capita (current US$),HK,"Hong Kong SAR, China"
HUN,2023,1419.87475586,,,2,SH.XPD.CHEX.PC.CD,Current health expenditure per capita (current US$),HU,Hungary
HUN,2022,1228.00231934,,,2,SH.XPD.CHEX.PC.CD,Current health expenditure per capita (current US$),HU,Hungary
HUN,2021,1392.97460938,,,2,SH.XPD.CHEX.PC.CD,Current health expenditure per capita (current US$),HU,Hungary
HUN,2020,1182.54138184,,,2,SH.XPD.CHEX.PC.CD,Current health expenditure per capita (current US$),HU,Hungary
HUN,2019,1062.15869141,,,2,SH.XPD.CHEX.PC.CD,Current health expenditure per capita (current US$),HU,Hungary
HUN,2018,1087.64611816,,,2,SH.XPD.CHEX.PC.CD,Current health expenditure per capita (current US$),HU,Hungary
HUN,2017,990.90808105,,,2,SH.XPD.CHEX.PC.CD,Current health expenditure per capita (current US$),HU,Hungary
HUN,2016,918.94506836,,,2,SH.XPD.CHEX.PC.CD,Current health expenditure per capita (current US$),HU,Hungary
HUN,2015,874.04138184,,,2,SH.XPD.CHEX.PC.CD,Current health expenditure per capita (current US$),HU,Hungary
HUN,2014,1008.92950439,,,2,SH.XPD.CHEX.PC.CD,Current health expenditure per capita (current US$),HU,Hungary
HUN,2013,991.98742676,,,2,SH.XPD.CHEX.PC.CD,Current health expenditure per capita (current US$),HU,Hungary
HUN,2012,961.1383667,,,2,SH.XPD.CHEX.PC.CD,Current health expenditure per capita (current US$),HU,Hungary
HUN,2011,1063.43237305,,,2,SH.XPD.CHEX.PC.CD,Current health expenditure per capita (current US$),HU,Hungary
HUN,2010,983.11083984,,,2,SH.XPD.CHEX.PC.CD,Current health expenditure per capita (current US$),HU,Hungary
HUN,2009,943.68774414,,,2,SH.XPD.CHEX.PC.CD,Current health expenditure per capita (current US$),HU,Hungary
HUN,2008,1117.20227051,,,2,SH.XPD.CHEX.PC.CD,Current health expenditure per capita (current US$),HU,Hungary
HUN,2007,1003.25805664,,,2,SH.XPD.CHEX.PC.CD,Current health expenditure per capita (current US$),HU,Hungary
HUN,2006,893.20300293,,,2,SH.XPD.CHEX.PC.CD,Current health expenditure per capita (current US$),HU,Hungary
HUN,2005,895.20330811,,,2,SH.XPD.CHEX.PC.CD,Current health expenditure per capita (current US$),HU,Hungary
HUN,2004,798.45361328,,,2,SH.XPD.CHEX.PC.CD,Current health expenditure per capita (current US$),HU,Hungary
HUN,2003,682.86566162,,,2,SH.XPD.CHEX.PC.CD,Current health expenditure per capita (current US$),HU,Hungary
HUN,2002,473.12783813,,,2,SH.XPD.CHEX.PC.CD,Current health expenditure per capita (current US$),HU,Hungary
HUN,2001,359.69750977,,,2,SH.XPD.CHEX.PC.CD,Current health expenditure per capita (current US$),HU,Hungary
HUN,2000,313.10858154,,,2,SH.XPD.CHEX.PC.CD,Current health expenditure per capita (current US$),HU,Hungary
ISL,2023,7064.62402344,,,2,SH.XPD.CHEX.PC.CD,Current health expenditure per capita (current US$),IS,Iceland
ISL,2022,6851.62939453,,,2,SH.XPD.CHEX.PC.CD,Current health expenditure per capita (current US$),IS,Iceland
ISL,2021,6722.421875,,,2,SH.XPD.CHEX.PC.CD,Current health expenditure per capita (current US$),IS,Iceland
ISL,2020,5692.89111328,,,2,SH.XPD.CHEX.PC.CD,Current health expenditure per capita (current US$),IS,Iceland
ISL,2019,5912.00976563,,,2,SH.XPD.CHEX.PC.CD,Current health expenditure per capita (current US$),IS,Iceland
ISL,2018,6280.03857422,,,2,SH.XPD.CHEX.PC.CD,Current health expenditure per capita (current US$),IS,Iceland
ISL,2017,5992.05322266,,,2,SH.XPD.CHEX.PC.CD,Current health expenditure per capita (current US$),IS,Iceland
ISL,2016,5053.51757813,,,2,SH.XPD.CHEX.PC.CD,Current health expenditure per capita (current US$),IS,Iceland
ISL,2015,4303.84179688,,,2,SH.XPD.CHEX.PC.CD,Current health expenditure per capita (current US$),IS,Iceland
ISL,2014,4522.90576172,,,2,SH.XPD.CHEX.PC.CD,Current health expenditure per capita (current US$),IS,Iceland
ISL,2013,4095.67626953,,,2,SH.XPD.CHEX.PC.CD,Current health expenditure per capita (current US$),IS,Iceland
ISL,2012,3784.38378906,,,2,SH.XPD.CHEX.PC.CD,Current health expenditure per capita (current US$),IS,Iceland
ISL,2011,3937.31591797,,,2,SH.XPD.CHEX.PC.CD,Current health expenditure per capita (current US$),IS,Iceland
ISL,2010,3614.03833008,,,2,SH.XPD.CHEX.PC.CD,Current health expenditure per capita (current US$),IS,Iceland
ISL,2009,3622.97827148,,,2,SH.XPD.CHEX.PC.CD,Current health expenditure per capita (current US$),IS,Iceland
ISL,2008,4749.68408203,,,2,SH.XPD.CHEX.PC.CD,Current health expenditure per capita (current US$),IS,Iceland
ISL,2007,5803.81152344,,,2,SH.XPD.CHEX.PC.CD,Current health expenditure per capita (current US$),IS,Iceland
ISL,2006,4918.23339844,,,2,SH.XPD.CHEX.PC.CD,Current health expenditure per capita (current US$),IS,Iceland
ISL,2005,5079.68945313,,,2,SH.XPD.CHEX.PC.CD,Current health expenditure per capita (current US$),IS,Iceland
ISL,2004,4414.23339844,,,2,SH.XPD.CHEX.PC.CD,Current health expenditure per capita (current US$),IS,Iceland
ISL,2003,3839.6940918,,,2,SH.XPD.CHEX.PC.CD,Current health expenditure per capita (current US$),IS,Iceland
ISL,2002,3046.81665039,,,2,SH.XPD.CHEX.PC.CD,Current health expenditure per capita (current US$),IS,Iceland
ISL,2001,2528.5456543,,,2,SH.XPD.CHEX.PC.CD,Current health expenditure per capita (current US$),IS,Iceland
ISL,2000,2855.57470703,,,2,SH.XPD.CHEX.PC.CD,Current health expenditure per capita (current US$),IS,Iceland
IND,2023,84.68669891,,,2,SH.XPD.CHEX.PC.CD,Current health expenditure per capita (current US$),IN,India
IND,2022,81.50888824,,,2,SH.XPD.CHEX.PC.CD,Current health expenditure per capita (current US$),IN,India
IND,2021,75.54971313,,,2,SH.XPD.CHEX.PC.CD,Current health expenditure per capita (current US$),IN,India
IND,2020,63.83099747,,,2,SH.XPD.CHEX.PC.CD,Current health expenditure per capita (current US$),IN,India
IND,2019,60.6913681,,,2,SH.XPD.CHEX.PC.CD,Current health expenditure per capita (current US$),IN,India
IND,2018,57.46551132,,,2,SH.XPD.CHEX.PC.CD,Current health expenditure per capita (current US$),IN,India
IND,2017,56.66844559,,,2,SH.XPD.CHEX.PC.CD,Current health expenditure per capita (current US$),IN,India
IND,2016,59.72652817,,,2,SH.XPD.CHEX.PC.CD,Current health expenditure per capita (current US$),IN,India
IND,2015,58.12401581,,,2,SH.XPD.CHEX.PC.CD,Current health expenditure per capita (current US$),IN,India
IND,2014,56.3490181,,,2,SH.XPD.CHEX.PC.CD,Current health expenditure per capita (current US$),IN,India
IND,2013,55.46933746,,,2,SH.XPD.CHEX.PC.CD,Current health expenditure per capita (current US$),IN,India
IND,2012,48.45263672,,,2,SH.XPD.CHEX.PC.CD,Current health expenditure per capita (current US$),IN,India
IND,2011,48.18242264,,,2,SH.XPD.CHEX.PC.CD,Current health expenditure per capita (current US$),IN,India
IND,2010,44.79586029,,,2,SH.XPD.CHEX.PC.CD,Current health expenditure per capita (current US$),IN,India
IND,2009,38.05965042,,,2,SH.XPD.CHEX.PC.CD,Current health expenditure per capita (current US$),IN,India
IND,2008,37.65440369,,,2,SH.XPD.CHEX.PC.CD,Current health expenditure per capita (current US$),IN,India
IND,2007,35.63138962,,,2,SH.XPD.CHEX.PC.CD,Current health expenditure per capita (current US$),IN,India
IND,2006,29.37600899,,,2,SH.XPD.CHEX.PC.CD,Current health expenditure per capita (current US$),IN,India
IND,2005,27.49770737,,,2,SH.XPD.CHEX.PC.CD,Current health expenditure per capita (current US$),IN,India
IND,2004,24.9240799,,,2,SH.XPD.CHEX.PC.CD,Current health expenditure per capita (current US$),IN,India
IND,2003,21.89380074,,,2,SH.XPD.CHEX.PC.CD,Current health expenditure per capita (current US$),IN,India
IND,2002,20.15651703,,,2,SH.XPD.CHEX.PC.CD,Current health expenditure per capita (current US$),IN,India
IND,2001,19.74444199,,,2,SH.XPD.CHEX.PC.CD,Current health expenditure per capita (current US$),IN,India
IND,2000,18.47883415,,,2,SH.XPD.CHEX.PC.CD,Current health expenditure per capita (current US$),IN,India
IDN,2023,131.77729797,,,2,SH.XPD.CHEX.PC.CD,Current health expenditure per capita (current US$),ID,Indonesia
IDN,2022,127.44384766,,,2,SH.XPD.CHEX.PC.CD,Current health expenditure per capita (current US$),ID,Indonesia
IDN,2021,158.89761353,,,2,SH.XPD.CHEX.PC.CD,Current health expenditure per capita (current US$),ID,Indonesia
IDN,2020,131.8225708,,,2,SH.XPD.CHEX.PC.CD,Current health expenditure per capita (current US$),ID,Indonesia
IDN,2019,118.22380829,,,2,SH.XPD.CHEX.PC.CD,Current health expenditure per capita (current US$),ID,Indonesia
IDN,2018,110.71585846,,,2,SH.XPD.CHEX.PC.CD,Current health expenditure per capita (current US$),ID,Indonesia
IDN,2017,110.32610321,,,2,SH.XPD.CHEX.PC.CD,Current health expenditure per capita (current US$),ID,Indonesia
IDN,2016,106.40021515,,,2,SH.XPD.CHEX.PC.CD,Current health expenditure per capita (current US$),ID,Indonesia
IDN,2015,96.15701294,,,2,SH.XPD.CHEX.PC.CD,Current health expenditure per capita (current US$),ID,Indonesia
IDN,2014,102.00482178,,,2,SH.XPD.CHEX.PC.CD,Current health expenditure per capita (current US$),ID,Indonesia
IDN,2013,102.33824921,,,2,SH.XPD.CHEX.PC.CD,Current health expenditure per capita (current US$),ID,Indonesia
IDN,2012,105.85425568,,,2,SH.XPD.CHEX.PC.CD,Current health expenditure per capita (current US$),ID,Indonesia
IDN,2011,107.00540161,,,2,SH.XPD.CHEX.PC.CD,Current health expenditure per capita (current US$),ID,Indonesia
IDN,2010,85.55950165,,,2,SH.XPD.CHEX.PC.CD,Current health expenditure per capita (current US$),ID,Indonesia
IDN,2009,62.4021759,,,2,SH.XPD.CHEX.PC.CD,Current health expenditure per capita (current US$),ID,Indonesia
IDN,2008,59.24273682,,,2,SH.XPD.CHEX.PC.CD,Current health expenditure per capita (current US$),ID,Indonesia
IDN,2007,55.99677658,,,2,SH.XPD.CHEX.PC.CD,Current health expenditure per capita (current US$),ID,Indonesia
IDN,2006,44.3965683,,,2,SH.XPD.CHEX.PC.CD,Current health expenditure per capita (current US$),ID,Indonesia
IDN,2005,34.09753036,,,2,SH.XPD.CHEX.PC.CD,Current health expenditure per capita (current US$),ID,Indonesia
IDN,2004,25.98270035,,,2,SH.XPD.CHEX.PC.CD,Current health expenditure per capita (current US$),ID,Indonesia
IDN,2003,25.51065636,,,2,SH.XPD.CHEX.PC.CD,Current health expenditure per capita (current US$),ID,Indonesia
IDN,2002,18.97848511,,,2,SH.XPD.CHEX.PC.CD,Current health expenditure per capita (current US$),ID,Indonesia
IDN,2001,16.8734417,,,2,SH.XPD.CHEX.PC.CD,Current health expenditure per capita (current US$),ID,Indonesia
IDN,2000,15.39148712,,,2,SH.XPD.CHEX.PC.CD,Current health expenditure per capita (current US$),ID,Indonesia
IRN,2023,267.059021,,,2,SH.XPD.CHEX.PC.CD,Current health expenditure per capita (current US$),IR,"Iran, Islamic Rep."
IRN,2022,250.23272705,,,2,SH.XPD.CHEX.PC.CD,Current health expenditure per capita (current US$),IR,"Iran, Islamic Rep."
IRN,2021,196.66934204,,,2,SH.XPD.CHEX.PC.CD,Current health expenditure per capita (current US$),IR,"Iran, Islamic Rep."
IRN,2020,184.90914917,,,2,SH.XPD.CHEX.PC.CD,Current health expenditure per capita (current US$),IR,"Iran, Islamic Rep."
IRN,2019,223.64257813,,,2,SH.XPD.CHEX.PC.CD,Current health expenditure per capita (current US$),IR,"Iran, Islamic Rep."
IRN,2018,244.21661377,,,2,SH.XPD.CHEX.PC.CD,Current health expenditure per capita (current US$),IR,"Iran, Islamic Rep."
IRN,2017,457.22549438,,,2,SH.XPD.CHEX.PC.CD,Current health expenditure per capita (current US$),IR,"Iran, Islamic Rep."
IRN,2016,433.9196167,,,2,SH.XPD.CHEX.PC.CD,Current health expenditure per capita (current US$),IR,"Iran, Islamic Rep."
IRN,2015,423.28967285,,,2,SH.XPD.CHEX.PC.CD,Current health expenditure per capita (current US$),IR,"Iran, Islamic Rep."
IRN,2014,395.027771,,,2,SH.XPD.CHEX.PC.CD,Current health expenditure per capita (current US$),IR,"Iran, Islamic Rep."
IRN,2013,412.02786255,,,2,SH.XPD.CHEX.PC.CD,Current health expenditure per capita (current US$),IR,"Iran, Islamic Rep."
IRN,2012,500.21826172,,,2,SH.XPD.CHEX.PC.CD,Current health expenditure per capita (current US$),IR,"Iran, Islamic Rep."
IRN,2011,505.33276367,,,2,SH.XPD.CHEX.PC.CD,Current health expenditure per capita (current US$),IR,"Iran, Islamic Rep."
IRN,2010,424.60494995,,,2,SH.XPD.CHEX.PC.CD,Current health expenditure per capita (current US$),IR,"Iran, Islamic Rep."
IRN,2009,354.25738525,,,2,SH.XPD.CHEX.PC.CD,Current health expenditure per capita (current US$),IR,"Iran, Islamic Rep."
IRN,2008,288.85775757,,,2,SH.XPD.CHEX.PC.CD,Current health expenditure per capita (current US$),IR,"Iran, Islamic Rep."
IRN,2007,237.51042175,,,2,SH.XPD.CHEX.PC.CD,Current health expenditure per capita (current US$),IR,"Iran, Islamic Rep."
IRN,2006,192.07597351,,,2,SH.XPD.CHEX.PC.CD,Current health expenditure per capita (current US$),IR,"Iran, Islamic Rep."
IRN,2005,169.8145752,,,2,SH.XPD.CHEX.PC.CD,Current health expenditure per capita (current US$),IR,"Iran, Islamic Rep."
IRN,2004,139.75932312,,,2,SH.XPD.CHEX.PC.CD,Current health expenditure per capita (current US$),IR,"Iran, Islamic Rep."
IRN,2003,115.51907349,,,2,SH.XPD.CHEX.PC.CD,Current health expenditure per capita (current US$),IR,"Iran, Islamic Rep."
IRN,2002,104.64128113,,,2,SH.XPD.CHEX.PC.CD,Current health expenditure per capita (current US$),IR,"Iran, Islamic Rep."
IRN,2001,93.23036957,,,2,SH.XPD.CHEX.PC.CD,Current health expenditure per capita (current US$),IR,"Iran, Islamic Rep."
IRN,2000,79.89089203,,,2,SH.XPD.CHEX.PC.CD,Current health expenditure per capita (current US$),IR,"Iran, Islamic Rep."
IRQ,2023,333.29360962,,,2,SH.XPD.CHEX.PC.CD,Current health expenditure per capita (current US$),IQ,Iraq
IRQ,2022,283.17074585,,,2,SH.XPD.CHEX.PC.CD,Current health expenditure per capita (current US$),IQ,Iraq
IRQ,2021,251.59538269,,,2,SH.XPD.CHEX.PC.CD,Current health expenditure per capita (current US$),IQ,Iraq
IRQ,2020,248.04725647,,,2,SH.XPD.CHEX.PC.CD,Current health expenditure per capita (current US$),IQ,Iraq
IRQ,2019,241.73873901,,,2,SH.XPD.CHEX.PC.CD,Current health expenditure per capita (current US$),IQ,Iraq
IRQ,2018,232.86825562,,,2,SH.XPD.CHEX.PC.CD,Current health expenditure per capita (current US$),IQ,Iraq
IRQ,2017,197.23654175,,,2,SH.XPD.CHEX.PC.CD,Current health expenditure per capita (current US$),IQ,Iraq
IRQ,2016,199.88560486,,,2,SH.XPD.CHEX.PC.CD,Current health expenditure per capita (current US$),IQ,Iraq
IRQ,2015,149.07951355,,,2,SH.XPD.CHEX.PC.CD,Current health expenditure per capita (current US$),IQ,Iraq
IRQ,2014,178.98071289,,,2,SH.XPD.CHEX.PC.CD,Current health expenditure per capita (current US$),IQ,Iraq
IRQ,2013,186.78742981,,,2,SH.XPD.CHEX.PC.CD,Current health expenditure per capita (current US$),IQ,Iraq
IRQ,2012,174.48312378,,,2,SH.XPD.CHEX.PC.CD,Current health expenditure per capita (current US$),IQ,Iraq
IRQ,2011,161.89790344,,,2,SH.XPD.CHEX.PC.CD,Current health expenditure per capita (current US$),IQ,Iraq
IRQ,2010,144.54083252,,,2,SH.XPD.CHEX.PC.CD,Current health expenditure per capita (current US$),IQ,Iraq
IRQ,2009,140.1234436,,,2,SH.XPD.CHEX.PC.CD,Current health expenditure per capita (current US$),IQ,Iraq
IRQ,2008,139.28845215,,,2,SH.XPD.CHEX.PC.CD,Current health expenditure per capita (current US$),IQ,Iraq
IRQ,2007,100.59433746,,,2,SH.XPD.CHEX.PC.CD,Current health expenditure per capita (current US$),IQ,Iraq
IRQ,2006,56.76464462,,,2,SH.XPD.CHEX.PC.CD,Current health expenditure per capita (current US$),IQ,Iraq
IRQ,2005,53.0551796,,,2,SH.XPD.CHEX.PC.CD,Current health expenditure per capita (current US$),IQ,Iraq
IRQ,2004,51.81518173,,,2,SH.XPD.CHEX.PC.CD,Current health expenditure per capita (current US$),IQ,Iraq
IRQ,2003,26.98275757,,,2,SH.XPD.CHEX.PC.CD,Current health expenditure per capita (current US$),IQ,Iraq
IRQ,2002,,,,2,SH.XPD.CHEX.PC.CD,Current health expenditure per capita (current US$),IQ,Iraq
IRQ,2001,,,,2,SH.XPD.CHEX.PC.CD,Current health expenditure per capita (current US$),IQ,Iraq
IRQ,2000,,,,2,SH.XPD.CHEX.PC.CD,Current health expenditure per capita (current US$),IQ,Iraq
IRL,2023,6877.9375,,,2,SH.XPD.CHEX.PC.CD,Current health expenditure per capita (current US$),IE,Ireland
IRL,2022,6407.92333984,,,2,SH.XPD.CHEX.PC.CD,Current health expenditure per capita (current US$),IE,Ireland
IRL,2021,6754.07519531,,,2,SH.XPD.CHEX.PC.CD,Current health expenditure per capita (current US$),IE,Ireland
IRL,2020,6073.10546875,,,2,SH.XPD.CHEX.PC.CD,Current health expenditure per capita (current US$),IE,Ireland
IRL,2019,5454.31152344,,,2,SH.XPD.CHEX.PC.CD,Current health expenditure per capita (current US$),IE,Ireland
IRL,2018,5494.98632813,,,2,SH.XPD.CHEX.PC.CD,Current health expenditure per capita (current US$),IE,Ireland
IRL,2017,5023.51123047,,,2,SH.XPD.CHEX.PC.CD,Current health expenditure per capita (current US$),IE,Ireland
IRL,2016,4746.93701172,,,2,SH.XPD.CHEX.PC.CD,Current health expenditure per capita (current US$),IE,Ireland
IRL,2015,4575.84912109,,,2,SH.XPD.CHEX.PC.CD,Current health expenditure per capita (current US$),IE,Ireland
IRL,2014,5309.90380859,,,2,SH.XPD.CHEX.PC.CD,Current health expenditure per capita (current US$),IE,Ireland
IRL,2013,5295.52050781,,,2,SH.XPD.CHEX.PC.CD,Current health expenditure per capita (current US$),IE,Ireland
IRL,2012,5187.27197266,,,2,SH.XPD.CHEX.PC.CD,Current health expenditure per capita (current US$),IE,Ireland
IRL,2011,5538.00195313,,,2,SH.XPD.CHEX.PC.CD,Current health expenditure per capita (current US$),IE,Ireland
IRL,2010,5133.45507813,,,2,SH.XPD.CHEX.PC.CD,Current health expenditure per capita (current US$),IE,Ireland
IRL,2009,5502.88769531,,,2,SH.XPD.CHEX.PC.CD,Current health expenditure per capita (current US$),IE,Ireland
IRL,2008,5638.77929688,,,2,SH.XPD.CHEX.PC.CD,Current health expenditure per capita (current US$),IE,Ireland
IRL,2007,4858.64501953,,,2,SH.XPD.CHEX.PC.CD,Current health expenditure per capita (current US$),IE,Ireland
IRL,2006,4147.1328125,,,2,SH.XPD.CHEX.PC.CD,Current health expenditure per capita (current US$),IE,Ireland
IRL,2005,3938.19116211,,,2,SH.XPD.CHEX.PC.CD,Current health expenditure per capita (current US$),IE,Ireland
IRL,2004,3483.16064453,,,2,SH.XPD.CHEX.PC.CD,Current health expenditure per capita (current US$),IE,Ireland
IRL,2003,2910.93212891,,,2,SH.XPD.CHEX.PC.CD,Current health expenditure per capita (current US$),IE,Ireland
IRL,2002,2200.35742188,,,2,SH.XPD.CHEX.PC.CD,Current health expenditure per capita (current US$),IE,Ireland
IRL,2001,1823.73474121,,,2,SH.XPD.CHEX.PC.CD,Current health expenditure per capita (current US$),IE,Ireland
IRL,2000,1564.83764648,,,2,SH.XPD.CHEX.PC.CD,Current health expenditure per capita (current US$),IE,Ireland
IMN,2023,,,,2,SH.XPD.CHEX.PC.CD,Current health expenditure per capita (current US$),IM,Isle of Man
IMN,2022,,,,2,SH.XPD.CHEX.PC.CD,Current health expenditure per capita (current US$),IM,Isle of Man
IMN,2021,,,,2,SH.XPD.CHEX.PC.CD,Current health expenditure per capita (current US$),IM,Isle of Man
IMN,2020,,,,2,SH.XPD.CHEX.PC.CD,Current health expenditure per capita (current US$),IM,Isle of Man
IMN,2019,,,,2,SH.XPD.CHEX.PC.CD,Current health expenditure per capita (current US$),IM,Isle of Man
IMN,2018,,,,2,SH.XPD.CHEX.PC.CD,Current health expenditure per capita (current US$),IM,Isle of Man
IMN,2017,,,,2,SH.XPD.CHEX.PC.CD,Current health expenditure per capita (current US$),IM,Isle of Man
IMN,2016,,,,2,SH.XPD.CHEX.PC.CD,Current health expenditure per capita (current US$),IM,Isle of Man
IMN,2015,,,,2,SH.XPD.CHEX.PC.CD,Current health expenditure per capita (current US$),IM,Isle of Man
IMN,2014,,,,2,SH.XPD.CHEX.PC.CD,Current health expenditure per capita (current US$),IM,Isle of Man
IMN,2013,,,,2,SH.XPD.CHEX.PC.CD,Current health expenditure per capita (current US$),IM,Isle of Man
IMN,2012,,,,2,SH.XPD.CHEX.PC.CD,Current health expenditure per capita (current US$),IM,Isle of Man
IMN,2011,,,,2,SH.XPD.CHEX.PC.CD,Current health expenditure per capita (current US$),IM,Isle of Man
IMN,2010,,,,2,SH.XPD.CHEX.PC.CD,Current health expenditure per capita (current US$),IM,Isle of Man
IMN,2009,,,,2,SH.XPD.CHEX.PC.CD,Current health expenditure per capita (current US$),IM,Isle of Man
IMN,2008,,,,2,SH.XPD.CHEX.PC.CD,Current health expenditure per capita (current US$),IM,Isle of Man
IMN,2007,,,,2,SH.XPD.CHEX.PC.CD,Current health expenditure per capita (current US$),IM,Isle of Man
IMN,2006,,,,2,SH.XPD.CHEX.PC.CD,Current health expenditure per capita (current US$),IM,Isle of Man
IMN,2005,,,,2,SH.XPD.CHEX.PC.CD,Current health expenditure per capita (current US$),IM,Isle of Man
IMN,2004,,,,2,SH.XPD.CHEX.PC.CD,Current health expenditure per capita (current US$),IM,Isle of Man
IMN,2003,,,,2,SH.XPD.CHEX.PC.CD,Current health expenditure per capita (current US$),IM,Isle of Man
IMN,2002,,,,2,SH.XPD.CHEX.PC.CD,Current health expenditure per capita (current US$),IM,Isle of Man
IMN,2001,,,,2,SH.XPD.CHEX.PC.CD,Current health expenditure per capita (current US$),IM,Isle of Man
IMN,2000,,,,2,SH.XPD.CHEX.PC.CD,Current health expenditure per capita (current US$),IM,Isle of Man
ISR,2023,3927.69873047,,,2,SH.XPD.CHEX.PC.CD,Current health expenditure per capita (current US$),IL,Israel
ISR,2022,4107.72998047,,,2,SH.XPD.CHEX.PC.CD,Current health expenditure per capita (current US$),IL,Israel
ISR,2021,4294.18847656,,,2,SH.XPD.CHEX.PC.CD,Current health expenditure per capita (current US$),IL,Israel
ISR,2020,3616.50219727,,,2,SH.XPD.CHEX.PC.CD,Current health expenditure per capita (current US$),IL,Israel
ISR,2019,3335.24511719,,,2,SH.XPD.CHEX.PC.CD,Current health expenditure per capita (current US$),IL,Israel
ISR,2018,3199.41625977,,,2,SH.XPD.CHEX.PC.CD,Current health expenditure per capita (current US$),IL,Israel
ISR,2017,3074.44604492,,,2,SH.XPD.CHEX.PC.CD,Current health expenditure per capita (current US$),IL,Israel
ISR,2016,2783.82495117,,,2,SH.XPD.CHEX.PC.CD,Current health expenditure per capita (current US$),IL,Israel
ISR,2015,2645.78857422,,,2,SH.XPD.CHEX.PC.CD,Current health expenditure per capita (current US$),IL,Israel
ISR,2014,2804.23144531,,,2,SH.XPD.CHEX.PC.CD,Current health expenditure per capita (current US$),IL,Israel
ISR,2013,2673.3371582,,,2,SH.XPD.CHEX.PC.CD,Current health expenditure per capita (current US$),IL,Israel
ISR,2012,2405.1809082,,,2,SH.XPD.CHEX.PC.CD,Current health expenditure per capita (current US$),IL,Israel
ISR,2011,2442.29052734,,,2,SH.XPD.CHEX.PC.CD,Current health expenditure per capita (current US$),IL,Israel
ISR,2010,2237.90795898,,,2,SH.XPD.CHEX.PC.CD,Current health expenditure per capita (current US$),IL,Israel
ISR,2009,2034.45812988,,,2,SH.XPD.CHEX.PC.CD,Current health expenditure per capita (current US$),IL,Israel
ISR,2008,2126.11132813,,,2,SH.XPD.CHEX.PC.CD,Current health expenditure per capita (current US$),IL,Israel
ISR,2007,1769.92504883,,,2,SH.XPD.CHEX.PC.CD,Current health expenditure per capita (current US$),IL,Israel
ISR,2006,1555.56396484,,,2,SH.XPD.CHEX.PC.CD,Current health expenditure per capita (current US$),IL,Israel
ISR,2005,1509.10583496,,,2,SH.XPD.CHEX.PC.CD,Current health expenditure per capita (current US$),IL,Israel
ISR,2004,1438.98999023,,,2,SH.XPD.CHEX.PC.CD,Current health expenditure per capita (current US$),IL,Israel
ISR,2003,1384.18737793,,,2,SH.XPD.CHEX.PC.CD,Current health expenditure per capita (current US$),IL,Israel
ISR,2002,1355.33447266,,,2,SH.XPD.CHEX.PC.CD,Current health expenditure per capita (current US$),IL,Israel
ISR,2001,1509.44506836,,,2,SH.XPD.CHEX.PC.CD,Current health expenditure per capita (current US$),IL,Israel
ISR,2000,1473.00915527,,,2,SH.XPD.CHEX.PC.CD,Current health expenditure per capita (current US$),IL,Israel
ITA,2023,3283.47216797,,,2,SH.XPD.CHEX.PC.CD,Current health expenditure per capita (current US$),IT,Italy
ITA,2022,3154.57104492,,,2,SH.XPD.CHEX.PC.CD,Current health expenditure per capita (current US$),IT,Italy
ITA,2021,3414.57299805,,,2,SH.XPD.CHEX.PC.CD,Current health expenditure per capita (current US$),IT,Italy
ITA,2020,3058.90014648,,,2,SH.XPD.CHEX.PC.CD,Current health expenditure per capita (current US$),IT,Italy
ITA,2019,2908.83154297,,,2,SH.XPD.CHEX.PC.CD,Current health expenditure per capita (current US$),IT,Italy
ITA,2018,3031.46459961,,,2,SH.XPD.CHEX.PC.CD,Current health expenditure per capita (current US$),IT,Italy
ITA,2017,2851.28686523,,,2,SH.XPD.CHEX.PC.CD,Current health expenditure per capita (current US$),IT,Italy
ITA,2016,2735.27783203,,,2,SH.XPD.CHEX.PC.CD,Current health expenditure per capita (current US$),IT,Italy
ITA,2015,2707.43310547,,,2,SH.XPD.CHEX.PC.CD,Current health expenditure per capita (current US$),IT,Italy
ITA,2014,3190.46777344,,,2,SH.XPD.CHEX.PC.CD,Current health expenditure per capita (current US$),IT,Italy
ITA,2013,3139.87939453,,,2,SH.XPD.CHEX.PC.CD,Current health expenditure per capita (current US$),IT,Italy
ITA,2012,3071.00048828,,,2,SH.XPD.CHEX.PC.CD,Current health expenditure per capita (current US$),IT,Italy
ITA,2011,3358.95654297,,,2,SH.XPD.CHEX.PC.CD,Current health expenditure per capita (current US$),IT,Italy
ITA,2010,3190.72045898,,,2,SH.XPD.CHEX.PC.CD,Current health expenditure per capita (current US$),IT,Italy
ITA,2009,3314.15844727,,,2,SH.XPD.CHEX.PC.CD,Current health expenditure per capita (current US$),IT,Italy
ITA,2008,3483.39086914,,,2,SH.XPD.CHEX.PC.CD,Current health expenditure per capita (current US$),IT,Italy
ITA,2007,3077.41381836,,,2,SH.XPD.CHEX.PC.CD,Current health expenditure per capita (current US$),IT,Italy
ITA,2006,2821.77392578,,,2,SH.XPD.CHEX.PC.CD,Current health expenditure per capita (current US$),IT,Italy
ITA,2005,2669.72802734,,,2,SH.XPD.CHEX.PC.CD,Current health expenditure per capita (current US$),IT,Italy
ITA,2004,2560.45776367,,,2,SH.XPD.CHEX.PC.CD,Current health expenditure per capita (current US$),IT,Italy
ITA,2003,2160.91210938,,,2,SH.XPD.CHEX.PC.CD,Current health expenditure per capita (current US$),IT,Italy
ITA,2002,1762.359375,,,2,SH.XPD.CHEX.PC.CD,Current health expenditure per capita (current US$),IT,Italy
ITA,2001,1586.67272949,,,2,SH.XPD.CHEX.PC.CD,Current health expenditure per capita (current US$),IT,Italy
ITA,2000,1524.23962402,,,2,SH.XPD.CHEX.PC.CD,Current health expenditure per capita (current US$),IT,Italy
JAM,2023,520.15704346,,,2,SH.XPD.CHEX.PC.CD,Current health expenditure per capita (current US$),JM,Jamaica
JAM,2022,521.12023926,,,2,SH.XPD.CHEX.PC.CD,Current health expenditure per capita (current US$),JM,Jamaica
JAM,2021,413.36227417,,,2,SH.XPD.CHEX.PC.CD,Current health expenditure per capita (current US$),JM,Jamaica
JAM,2020,364.76513672,,,2,SH.XPD.CHEX.PC.CD,Current health expenditure per capita (current US$),JM,Jamaica
JAM,2019,390.79431152,,,2,SH.XPD.CHEX.PC.CD,Current health expenditure per capita (current US$),JM,Jamaica
JAM,2018,381.47775269,,,2,SH.XPD.CHEX.PC.CD,Current health expenditure per capita (current US$),JM,Jamaica
JAM,2017,367.35095215,,,2,SH.XPD.CHEX.PC.CD,Current health expenditure per capita (current US$),JM,Jamaica
JAM,2016,330.15463257,,,2,SH.XPD.CHEX.PC.CD,Current health expenditure per capita (current US$),JM,Jamaica
JAM,2015,334.89901733,,,2,SH.XPD.CHEX.PC.CD,Current health expenditure per capita (current US$),JM,Jamaica
JAM,2014,312.77233887,,,2,SH.XPD.CHEX.PC.CD,Current health expenditure per capita (current US$),JM,Jamaica
JAM,2013,322.03283691,,,2,SH.XPD.CHEX.PC.CD,Current health expenditure per capita (current US$),JM,Jamaica
JAM,2012,330.38525391,,,2,SH.XPD.CHEX.PC.CD,Current health expenditure per capita (current US$),JM,Jamaica
JAM,2011,341.33453369,,,2,SH.XPD.CHEX.PC.CD,Current health expenditure per capita (current US$),JM,Jamaica
JAM,2010,309.86782837,,,2,SH.XPD.CHEX.PC.CD,Current health expenditure per capita (current US$),JM,Jamaica
JAM,2009,282.09719849,,,2,SH.XPD.CHEX.PC.CD,Current health expenditure per capita (current US$),JM,Jamaica
JAM,2008,334.75042725,,,2,SH.XPD.CHEX.PC.CD,Current health expenditure per capita (current US$),JM,Jamaica
JAM,2007,292.00213623,,,2,SH.XPD.CHEX.PC.CD,Current health expenditure per capita (current US$),JM,Jamaica
JAM,2006,243.38668823,,,2,SH.XPD.CHEX.PC.CD,Current health expenditure per capita (current US$),JM,Jamaica
JAM,2005,243.57797241,,,2,SH.XPD.CHEX.PC.CD,Current health expenditure per capita (current US$),JM,Jamaica
JAM,2004,222.27250671,,,2,SH.XPD.CHEX.PC.CD,Current health expenditure per capita (current US$),JM,Jamaica
JAM,2003,177.21534729,,,2,SH.XPD.CHEX.PC.CD,Current health expenditure per capita (current US$),JM,Jamaica
JAM,2002,205.3553772,,,2,SH.XPD.CHEX.PC.CD,Current health expenditure per capita (current US$),JM,Jamaica
JAM,2001,180.66116333,,,2,SH.XPD.CHEX.PC.CD,Current health expenditure per capita (current US$),JM,Jamaica
JAM,2000,206.44976807,,,2,SH.XPD.CHEX.PC.CD,Current health expenditure per capita (current US$),JM,Jamaica
JPN,2023,3638.19287109,,,2,SH.XPD.CHEX.PC.CD,Current health expenditure per capita (current US$),JP,Japan
JPN,2022,4201.79248047,,,2,SH.XPD.CHEX.PC.CD,Current health expenditure per capita (current US$),JP,Japan
JPN,2021,4843.94433594,,,2,SH.XPD.CHEX.PC.CD,Current health expenditure per capita (current US$),JP,Japan
JPN,2020,4581.60986328,,,2,SH.XPD.CHEX.PC.CD,Current health expenditure per capita (current US$),JP,Japan
JPN,2019,4431.29980469,,,2,SH.XPD.CHEX.PC.CD,Current health expenditure per capita (current US$),JP,Japan
JPN,2018,4265.77929688,,,2,SH.XPD.CHEX.PC.CD,Current health expenditure per capita (current US$),JP,Japan
JPN,2017,4135.24316406,,,2,SH.XPD.CHEX.PC.CD,Current health expenditure per capita (current US$),JP,Japan
JPN,2016,4194.22802734,,,2,SH.XPD.CHEX.PC.CD,Current health expenditure per capita (current US$),JP,Japan
JPN,2015,3754.18115234,,,2,SH.XPD.CHEX.PC.CD,Current health expenditure per capita (current US$),JP,Japan
JPN,2014,4121.21142578,,,2,SH.XPD.CHEX.PC.CD,Current health expenditure per capita (current US$),JP,Japan
JPN,2013,4356.15527344,,,2,SH.XPD.CHEX.PC.CD,Current health expenditure per capita (current US$),JP,Japan
JPN,2012,5232.36279297,,,2,SH.XPD.CHEX.PC.CD,Current health expenditure per capita (current US$),JP,Japan
JPN,2011,5103.34326172,,,2,SH.XPD.CHEX.PC.CD,Current health expenditure per capita (current US$),JP,Japan
JPN,2010,4071.80200195,,,2,SH.XPD.CHEX.PC.CD,Current health expenditure per capita (current US$),JP,Japan
JPN,2009,3696.58422852,,,2,SH.XPD.CHEX.PC.CD,Current health expenditure per capita (current US$),JP,Japan
JPN,2008,3223.29101563,,,2,SH.XPD.CHEX.PC.CD,Current health expenditure per capita (current US$),JP,Japan
JPN,2007,2781.49365234,,,2,SH.XPD.CHEX.PC.CD,Current health expenditure per capita (current US$),JP,Japan
JPN,2006,2763.53344727,,,2,SH.XPD.CHEX.PC.CD,Current health expenditure per capita (current US$),JP,Japan
JPN,2005,2892.60473633,,,2,SH.XPD.CHEX.PC.CD,Current health expenditure per capita (current US$),JP,Japan
JPN,2004,2884.67358398,,,2,SH.XPD.CHEX.PC.CD,Current health expenditure per capita (current US$),JP,Japan
JPN,2003,2650.23852539,,,2,SH.XPD.CHEX.PC.CD,Current health expenditure per capita (current US$),JP,Japan
JPN,2002,2412.35131836,,,2,SH.XPD.CHEX.PC.CD,Current health expenditure per capita (current US$),JP,Japan
JPN,2001,2488.65185547,,,2,SH.XPD.CHEX.PC.CD,Current health expenditure per capita (current US$),JP,Japan
JPN,2000,2751.38452148,,,2,SH.XPD.CHEX.PC.CD,Current health expenditure per capita (current US$),JP,Japan
JOR,2023,342.10394287,,,2,SH.XPD.CHEX.PC.CD,Current health expenditure per capita (current US$),JO,Jordan
JOR,2022,334.387146,,,2,SH.XPD.CHEX.PC.CD,Current health expenditure per capita (current US$),JO,Jordan
JOR,2021,322.01589966,,,2,SH.XPD.CHEX.PC.CD,Current health expenditure per capita (current US$),JO,Jordan
JOR,2020,303.4822998,,,2,SH.XPD.CHEX.PC.CD,Current health expenditure per capita (current US$),JO,Jordan
JOR,2019,294.92785645,,,2,SH.XPD.CHEX.PC.CD,Current health expenditure per capita (current US$),JO,Jordan
JOR,2018,289.47106934,,,2,SH.XPD.CHEX.PC.CD,Current health expenditure per capita (current US$),JO,Jordan
JOR,2017,289.04656982,,,2,SH.XPD.CHEX.PC.CD,Current health expenditure per capita (current US$),JO,Jordan
JOR,2016,278.13378906,,,2,SH.XPD.CHEX.PC.CD,Current health expenditure per capita (current US$),JO,Jordan
JOR,2015,301.63067627,,,2,SH.XPD.CHEX.PC.CD,Current health expenditure per capita (current US$),JO,Jordan
JOR,2014,302.14120483,,,2,SH.XPD.CHEX.PC.CD,Current health expenditure per capita (current US$),JO,Jordan
JOR,2013,308.94308472,,,2,SH.XPD.CHEX.PC.CD,Current health expenditure per capita (current US$),JO,Jordan
JOR,2012,325.97836304,,,2,SH.XPD.CHEX.PC.CD,Current health expenditure per capita (current US$),JO,Jordan
JOR,2011,321.59057617,,,2,SH.XPD.CHEX.PC.CD,Current health expenditure per capita (current US$),JO,Jordan
JOR,2010,303.8081665,,,2,SH.XPD.CHEX.PC.CD,Current health expenditure per capita (current US$),JO,Jordan
JOR,2009,316.92221069,,,2,SH.XPD.CHEX.PC.CD,Current health expenditure per capita (current US$),JO,Jordan
JOR,2008,275.17532349,,,2,SH.XPD.CHEX.PC.CD,Current health expenditure per capita (current US$),JO,Jordan
JOR,2007,208.03627014,,,2,SH.XPD.CHEX.PC.CD,Current health expenditure per capita (current US$),JO,Jordan
JOR,2006,188.72041321,,,2,SH.XPD.CHEX.PC.CD,Current health expenditure per capita (current US$),JO,Jordan
JOR,2005,185.0302124,,,2,SH.XPD.CHEX.PC.CD,Current health expenditure per capita (current US$),JO,Jordan
JOR,2004,175.04393005,,,2,SH.XPD.CHEX.PC.CD,Current health expenditure per capita (current US$),JO,Jordan
JOR,2003,161.87841797,,,2,SH.XPD.CHEX.PC.CD,Current health expenditure per capita (current US$),JO,Jordan
JOR,2002,164.75001526,,,2,SH.XPD.CHEX.PC.CD,Current health expenditure per capita (current US$),JO,Jordan
JOR,2001,161.33900452,,,2,SH.XPD.CHEX.PC.CD,Current health expenditure per capita (current US$),JO,Jordan
JOR,2000,151.33486938,,,2,SH.XPD.CHEX.PC.CD,Current health expenditure per capita (current US$),JO,Jordan
KAZ,2023,489.71456909,,,2,SH.XPD.CHEX.PC.CD,Current health expenditure per capita (current US$),KZ,Kazakhstan
KAZ,2022,421.60028076,,,2,SH.XPD.CHEX.PC.CD,Current health expenditure per capita (current US$),KZ,Kazakhstan
KAZ,2021,391.81536865,,,2,SH.XPD.CHEX.PC.CD,Current health expenditure per capita (current US$),KZ,Kazakhstan
KAZ,2020,329.57086182,,,2,SH.XPD.CHEX.PC.CD,Current health expenditure per capita (current US$),KZ,Kazakhstan
KAZ,2019,263.61331177,,,2,SH.XPD.CHEX.PC.CD,Current health expenditure per capita (current US$),KZ,Kazakhstan
KAZ,2018,266.92147827,,,2,SH.XPD.CHEX.PC.CD,Current health expenditure per capita (current US$),KZ,Kazakhstan
KAZ,2017,272.98272705,,,2,SH.XPD.CHEX.PC.CD,Current health expenditure per capita (current US$),KZ,Kazakhstan
KAZ,2016,255.84049988,,,2,SH.XPD.CHEX.PC.CD,Current health expenditure per capita (current US$),KZ,Kazakhstan
KAZ,2015,310.01428223,,,2,SH.XPD.CHEX.PC.CD,Current health expenditure per capita (current US$),KZ,Kazakhstan
KAZ,2014,369.68508911,,,2,SH.XPD.CHEX.PC.CD,Current health expenditure per capita (current US$),KZ,Kazakhstan
KAZ,2013,358.91342163,,,2,SH.XPD.CHEX.PC.CD,Current health expenditure per capita (current US$),KZ,Kazakhstan
KAZ,2012,365.04208374,,,2,SH.XPD.CHEX.PC.CD,Current health expenditure per capita (current US$),KZ,Kazakhstan
KAZ,2011,293.73300171,,,2,SH.XPD.CHEX.PC.CD,Current health expenditure per capita (current US$),KZ,Kazakhstan
KAZ,2010,240.6149292,,,2,SH.XPD.CHEX.PC.CD,Current health expenditure per capita (current US$),KZ,Kazakhstan
KAZ,2009,240.99569702,,,2,SH.XPD.CHEX.PC.CD,Current health expenditure per capita (current US$),KZ,Kazakhstan
KAZ,2008,245.79397583,,,2,SH.XPD.CHEX.PC.CD,Current health expenditure per capita (current US$),KZ,Kazakhstan
KAZ,2007,174.33786011,,,2,SH.XPD.CHEX.PC.CD,Current health expenditure per capita (current US$),KZ,Kazakhstan
KAZ,2006,170.9365387,,,2,SH.XPD.CHEX.PC.CD,Current health expenditure per capita (current US$),KZ,Kazakhstan
KAZ,2005,139.57885742,,,2,SH.XPD.CHEX.PC.CD,Current health expenditure per capita (current US$),KZ,Kazakhstan
KAZ,2004,108.43822479,,,2,SH.XPD.CHEX.PC.CD,Current health expenditure per capita (current US$),KZ,Kazakhstan
KAZ,2003,72.90396881,,,2,SH.XPD.CHEX.PC.CD,Current health expenditure per capita (current US$),KZ,Kazakhstan
KAZ,2002,56.88095856,,,2,SH.XPD.CHEX.PC.CD,Current health expenditure per capita (current US$),KZ,Kazakhstan
KAZ,2001,49.36683273,,,2,SH.XPD.CHEX.PC.CD,Current health expenditure per capita (current US$),KZ,Kazakhstan
KAZ,2000,49.093647,,,2,SH.XPD.CHEX.PC.CD,Current health expenditure per capita (current US$),KZ,Kazakhstan
KEN,2023,84.958992,,,2,SH.XPD.CHEX.PC.CD,Current health expenditure per capita (current US$),KE,Kenya
KEN,2022,91.18416595,,,2,SH.XPD.CHEX.PC.CD,Current health expenditure per capita (current US$),KE,Kenya
KEN,2021,94.20249176,,,2,SH.XPD.CHEX.PC.CD,Current health expenditure per capita (current US$),KE,Kenya
KEN,2020,86.5921936,,,2,SH.XPD.CHEX.PC.CD,Current health expenditure per capita (current US$),KE,Kenya
KEN,2019,85.64528656,,,2,SH.XPD.CHEX.PC.CD,Current health expenditure per capita (current US$),KE,Kenya
KEN,2018,75.27681732,,,2,SH.XPD.CHEX.PC.CD,Current health expenditure per capita (current US$),KE,Kenya
KEN,2017,66.46552277,,,2,SH.XPD.CHEX.PC.CD,Current health expenditure per capita (current US$),KE,Kenya
KEN,2016,73.88768005,,,2,SH.XPD.CHEX.PC.CD,Current health expenditure per capita (current US$),KE,Kenya
KEN,2015,70.94755554,,,2,SH.XPD.CHEX.PC.CD,Current health expenditure per capita (current US$),KE,Kenya
KEN,2014,72.84589386,,,2,SH.XPD.CHEX.PC.CD,Current health expenditure per capita (current US$),KE,Kenya
KEN,2013,67.59809875,,,2,SH.XPD.CHEX.PC.CD,Current health expenditure per capita (current US$),KE,Kenya
KEN,2012,64.48231506,,,2,SH.XPD.CHEX.PC.CD,Current health expenditure per capita (current US$),KE,Kenya
KEN,2011,57.02286911,,,2,SH.XPD.CHEX.PC.CD,Current health expenditure per capita (current US$),KE,Kenya
KEN,2010,58.8164711,,,2,SH.XPD.CHEX.PC.CD,Current health expenditure per capita (current US$),KE,Kenya
KEN,2009,55.455616,,,2,SH.XPD.CHEX.PC.CD,Current health expenditure per capita (current US$),KE,Kenya
KEN,2008,54.35681915,,,2,SH.XPD.CHEX.PC.CD,Current health expenditure per capita (current US$),KE,Kenya
KEN,2007,49.44605255,,,2,SH.XPD.CHEX.PC.CD,Current health expenditure per capita (current US$),KE,Kenya
KEN,2006,40.3040123,,,2,SH.XPD.CHEX.PC.CD,Current health expenditure per capita (current US$),KE,Kenya
KEN,2005,30.9943428,,,2,SH.XPD.CHEX.PC.CD,Current health expenditure per capita (current US$),KE,Kenya
KEN,2004,27.65002823,,,2,SH.XPD.CHEX.PC.CD,Current health expenditure per capita (current US$),KE,Kenya
KEN,2003,25.64012337,,,2,SH.XPD.CHEX.PC.CD,Current health expenditure per capita (current US$),KE,Kenya
KEN,2002,22.28772163,,,2,SH.XPD.CHEX.PC.CD,Current health expenditure per capita (current US$),KE,Kenya
KEN,2001,22.11487579,,,2,SH.XPD.CHEX.PC.CD,Current health expenditure per capita (current US$),KE,Kenya
KEN,2000,21.53400993,,,2,SH.XPD.CHEX.PC.CD,Current health expenditure per capita (current US$),KE,Kenya
KIR,2023,238.12675476,,,2,SH.XPD.CHEX.PC.CD,Current health expenditure per capita (current US$),KI,Kiribati
KIR,2022,217.68276978,,,2,SH.XPD.CHEX.PC.CD,Current health expenditure per capita (current US$),KI,Kiribati
KIR,2021,263.09573364,,,2,SH.XPD.CHEX.PC.CD,Current health expenditure per capita (current US$),KI,Kiribati
KIR,2020,239.24353027,,,2,SH.XPD.CHEX.PC.CD,Current health expenditure per capita (current US$),KI,Kiribati
KIR,2019,177.93025208,,,2,SH.XPD.CHEX.PC.CD,Current health expenditure per capita (current US$),KI,Kiribati
KIR,2018,208.73831177,,,2,SH.XPD.CHEX.PC.CD,Current health expenditure per capita (current US$),KI,Kiribati
KIR,2017,179.57881165,,,2,SH.XPD.CHEX.PC.CD,Current health expenditure per capita (current US$),KI,Kiribati
KIR,2016,157.72897339,,,2,SH.XPD.CHEX.PC.CD,Current health expenditure per capita (current US$),KI,Kiribati
KIR,2015,118.3345871,,,2,SH.XPD.CHEX.PC.CD,Current health expenditure per capita (current US$),KI,Kiribati
KIR,2014,155.38656616,,,2,SH.XPD.CHEX.PC.CD,Current health expenditure per capita (current US$),KI,Kiribati
KIR,2013,154.34346008,,,2,SH.XPD.CHEX.PC.CD,Current health expenditure per capita (current US$),KI,Kiribati
KIR,2012,146.6194458,,,2,SH.XPD.CHEX.PC.CD,Current health expenditure per capita (current US$),KI,Kiribati
KIR,2011,141.5138092,,,2,SH.XPD.CHEX.PC.CD,Current health expenditure per capita (current US$),KI,Kiribati
KIR,2010,133.15927124,,,2,SH.XPD.CHEX.PC.CD,Current health expenditure per capita (current US$),KI,Kiribati
KIR,2009,167.97206116,,,2,SH.XPD.CHEX.PC.CD,Current health expenditure per capita (current US$),KI,Kiribati
KIR,2008,190.33927917,,,2,SH.XPD.CHEX.PC.CD,Current health expenditure per capita (current US$),KI,Kiribati
KIR,2007,148.0586853,,,2,SH.XPD.CHEX.PC.CD,Current health expenditure per capita (current US$),KI,Kiribati
KIR,2006,126.86061859,,,2,SH.XPD.CHEX.PC.CD,Current health expenditure per capita (current US$),KI,Kiribati
KIR,2005,131.88641357,,,2,SH.XPD.CHEX.PC.CD,Current health expenditure per capita (current US$),KI,Kiribati
KIR,2004,132.29045105,,,2,SH.XPD.CHEX.PC.CD,Current health expenditure per capita (current US$),KI,Kiribati
KIR,2003,102.43731689,,,2,SH.XPD.CHEX.PC.CD,Current health expenditure per capita (current US$),KI,Kiribati
KIR,2002,92.96794891,,,2,SH.XPD.CHEX.PC.CD,Current health expenditure per capita (current US$),KI,Kiribati
KIR,2001,85.88798523,,,2,SH.XPD.CHEX.PC.CD,Current health expenditure per capita (current US$),KI,Kiribati
KIR,2000,65.61151886,,,2,SH.XPD.CHEX.PC.CD,Current health expenditure per capita (current US$),KI,Kiribati
PRK,2023,,,,2,SH.XPD.CHEX.PC.CD,Current health expenditure per capita (current US$),KP,"Korea, Dem. People's Rep."
PRK,2022,,,,2,SH.XPD.CHEX.PC.CD,Current health expenditure per capita (current US$),KP,"Korea, Dem. People's Rep."
PRK,2021,,,,2,SH.XPD.CHEX.PC.CD,Current health expenditure per capita (current US$),KP,"Korea, Dem. People's Rep."
PRK,2020,,,,2,SH.XPD.CHEX.PC.CD,Current health expenditure per capita (current US$),KP,"Korea, Dem. People's Rep."
PRK,2019,,,,2,SH.XPD.CHEX.PC.CD,Current health expenditure per capita (current US$),KP,"Korea, Dem. People's Rep."
PRK,2018,,,,2,SH.XPD.CHEX.PC.CD,Current health expenditure per capita (current US$),KP,"Korea, Dem. People's Rep."
PRK,2017,,,,2,SH.XPD.CHEX.PC.CD,Current health expenditure per capita (current US$),KP,"Korea, Dem. People's Rep."
PRK,2016,,,,2,SH.XPD.CHEX.PC.CD,Current health expenditure per capita (current US$),KP,"Korea, Dem. People's Rep."
PRK,2015,,,,2,SH.XPD.CHEX.PC.CD,Current health expenditure per capita (current US$),KP,"Korea, Dem. People's Rep."
PRK,2014,,,,2,SH.XPD.CHEX.PC.CD,Current health expenditure per capita (current US$),KP,"Korea, Dem. People's Rep."
PRK,2013,,,,2,SH.XPD.CHEX.PC.CD,Current health expenditure per capita (current US$),KP,"Korea, Dem. People's Rep."
PRK,2012,,,,2,SH.XPD.CHEX.PC.CD,Current health expenditure per capita (current US$),KP,"Korea, Dem. People's Rep."
PRK,2011,,,,2,SH.XPD.CHEX.PC.CD,Current health expenditure per capita (current US$),KP,"Korea, Dem. People's Rep."
PRK,2010,,,,2,SH.XPD.CHEX.PC.CD,Current health expenditure per capita (current US$),KP,"Korea, Dem. People's Rep."
PRK,2009,,,,2,SH.XPD.CHEX.PC.CD,Current health expenditure per capita (current US$),KP,"Korea, Dem. People's Rep."
PRK,2008,,,,2,SH.XPD.CHEX.PC.CD,Current health expenditure per capita (current US$),KP,"Korea, Dem. People's Rep."
PRK,2007,,,,2,SH.XPD.CHEX.PC.CD,Current health expenditure per capita (current US$),KP,"Korea, Dem. People's Rep."
PRK,2006,,,,2,SH.XPD.CHEX.PC.CD,Current health expenditure per capita (current US$),KP,"Korea, Dem. People's Rep."
PRK,2005,,,,2,SH.XPD.CHEX.PC.CD,Current health expenditure per capita (current US$),KP,"Korea, Dem. People's Rep."
PRK,2004,,,,2,SH.XPD.CHEX.PC.CD,Current health expenditure per capita (current US$),KP,"Korea, Dem. People's Rep."
PRK,2003,,,,2,SH.XPD.CHEX.PC.CD,Current health expenditure per capita (current US$),KP,"Korea, Dem. People's Rep."
PRK,2002,,,,2,SH.XPD.CHEX.PC.CD,Current health expenditure per capita (current US$),KP,"Korea, Dem. People's Rep."
PRK,2001,,,,2,SH.XPD.CHEX.PC.CD,Current health expenditure per capita (current US$),KP,"Korea, Dem. People's Rep."
PRK,2000,,,,2,SH.XPD.CHEX.PC.CD,Current health expenditure per capita (current US$),KP,"Korea, Dem. People's Rep."
KOR,2023,3043.87329102,,,2,SH.XPD.CHEX.PC.CD,Current health expenditure per capita (current US$),KR,"Korea, Rep."
KOR,2022,3078.55151367,,,2,SH.XPD.CHEX.PC.CD,Current health expenditure per capita (current US$),KR,"Korea, Rep."
KOR,2021,3125.82714844,,,2,SH.XPD.CHEX.PC.CD,Current health expenditure per capita (current US$),KR,"Korea, Rep."
KOR,2020,2699.6640625,,,2,SH.XPD.CHEX.PC.CD,Current health expenditure per capita (current US$),KR,"Korea, Rep."
KOR,2019,2602.4831543,,,2,SH.XPD.CHEX.PC.CD,Current health expenditure per capita (current US$),KR,"Korea, Rep."
KOR,2018,2523.04003906,,,2,SH.XPD.CHEX.PC.CD,Current health expenditure per capita (current US$),KR,"Korea, Rep."
KOR,2017,2258.15307617,,,2,SH.XPD.CHEX.PC.CD,Current health expenditure per capita (current US$),KR,"Korea, Rep."
KOR,2016,2042.72949219,,,2,SH.XPD.CHEX.PC.CD,Current health expenditure per capita (current US$),KR,"Korea, Rep."
KOR,2015,1950.89575195,,,2,SH.XPD.CHEX.PC.CD,Current health expenditure per capita (current US$),KR,"Korea, Rep."
KOR,2014,1922.98803711,,,2,SH.XPD.CHEX.PC.CD,Current health expenditure per capita (current US$),KR,"Korea, Rep."
KOR,2013,1738.80847168,,,2,SH.XPD.CHEX.PC.CD,Current health expenditure per capita (current US$),KR,"Korea, Rep."
KOR,2012,1603.93432617,,,2,SH.XPD.CHEX.PC.CD,Current health expenditure per capita (current US$),KR,"Korea, Rep."
KOR,2011,1570.54943848,,,2,SH.XPD.CHEX.PC.CD,Current health expenditure per capita (current US$),KR,"Korea, Rep."
KOR,2010,1417.10913086,,,2,SH.XPD.CHEX.PC.CD,Current health expenditure per capita (current US$),KR,"Korea, Rep."
KOR,2009,1150.97253418,,,2,SH.XPD.CHEX.PC.CD,Current health expenditure per capita (current US$),KR,"Korea, Rep."
KOR,2008,1186.375,,,2,SH.XPD.CHEX.PC.CD,Current health expenditure per capita (current US$),KR,"Korea, Rep."
KOR,2007,1256.36437988,,,2,SH.XPD.CHEX.PC.CD,Current health expenditure per capita (current US$),KR,"Korea, Rep."
KOR,2006,1130.53796387,,,2,SH.XPD.CHEX.PC.CD,Current health expenditure per capita (current US$),KR,"Korea, Rep."
KOR,2005,944.55078125,,,2,SH.XPD.CHEX.PC.CD,Current health expenditure per capita (current US$),KR,"Korea, Rep."
KOR,2004,764.49401855,,,2,SH.XPD.CHEX.PC.CD,Current health expenditure per capita (current US$),KR,"Korea, Rep."
KOR,2003,684.79833984,,,2,SH.XPD.CHEX.PC.CD,Current health expenditure per capita (current US$),KR,"Korea, Rep."
KOR,2002,536.91662598,,,2,SH.XPD.CHEX.PC.CD,Current health expenditure per capita (current US$),KR,"Korea, Rep."
KOR,2001,503.15795898,,,2,SH.XPD.CHEX.PC.CD,Current health expenditure per capita (current US$),KR,"Korea, Rep."
KOR,2000,475.2520752,,,2,SH.XPD.CHEX.PC.CD,Current health expenditure per capita (current US$),KR,"Korea, Rep."
XKX,2023,,,,2,SH.XPD.CHEX.PC.CD,Current health expenditure per capita (current US$),XK,Kosovo
XKX,2022,,,,2,SH.XPD.CHEX.PC.CD,Current health expenditure per capita (current US$),XK,Kosovo
XKX,2021,,,,2,SH.XPD.CHEX.PC.CD,Current health expenditure per capita (current US$),XK,Kosovo
XKX,2020,,,,2,SH.XPD.CHEX.PC.CD,Current health expenditure per capita (current US$),XK,Kosovo
XKX,2019,,,,2,SH.XPD.CHEX.PC.CD,Current health expenditure per capita (current US$),XK,Kosovo
XKX,2018,,,,2,SH.XPD.CHEX.PC.CD,Current health expenditure per capita (current US$),XK,Kosovo
XKX,2017,,,,2,SH.XPD.CHEX.PC.CD,Current health expenditure per capita (current US$),XK,Kosovo
XKX,2016,,,,2,SH.XPD.CHEX.PC.CD,Current health expenditure per capita (current US$),XK,Kosovo
XKX,2015,,,,2,SH.XPD.CHEX.PC.CD,Current health expenditure per capita (current US$),XK,Kosovo
XKX,2014,,,,2,SH.XPD.CHEX.PC.CD,Current health expenditure per capita (current US$),XK,Kosovo
XKX,2013,,,,2,SH.XPD.CHEX.PC.CD,Current health expenditure per capita (current US$),XK,Kosovo
XKX,2012,,,,2,SH.XPD.CHEX.PC.CD,Current health expenditure per capita (current US$),XK,Kosovo
XKX,2011,,,,2,SH.XPD.CHEX.PC.CD,Current health expenditure per capita (current US$),XK,Kosovo
XKX,2010,,,,2,SH.XPD.CHEX.PC.CD,Current health expenditure per capita (current US$),XK,Kosovo
XKX,2009,,,,2,SH.XPD.CHEX.PC.CD,Current health expenditure per capita (current US$),XK,Kosovo
XKX,2008,,,,2,SH.XPD.CHEX.PC.CD,Current health expenditure per capita (current US$),XK,Kosovo
XKX,2007,,,,2,SH.XPD.CHEX.PC.CD,Current health expenditure per capita (current US$),XK,Kosovo
XKX,2006,,,,2,SH.XPD.CHEX.PC.CD,Current health expenditure per capita (current US$),XK,Kosovo
XKX,2005,,,,2,SH.XPD.CHEX.PC.CD,Current health expenditure per capita (current US$),XK,Kosovo
XKX,2004,,,,2,SH.XPD.CHEX.PC.CD,Current health expenditure per capita (current US$),XK,Kosovo
XKX,2003,,,,2,SH.XPD.CHEX.PC.CD,Current health expenditure per capita (current US$),XK,Kosovo
XKX,2002,,,,2,SH.XPD.CHEX.PC.CD,Current health expenditure per capita (current US$),XK,Kosovo
XKX,2001,,,,2,SH.XPD.CHEX.PC.CD,Current health expenditure per capita (current US$),XK,Kosovo
XKX,2000,,,,2,SH.XPD.CHEX.PC.CD,Current health expenditure per capita (current US$),XK,Kosovo
KWT,2023,1679.12353516,,,2,SH.XPD.CHEX.PC.CD,Current health expenditure per capita (current US$),KW,Kuwait
KWT,2022,1683.39929199,,,2,SH.XPD.CHEX.PC.CD,Current health expenditure per capita (current US$),KW,Kuwait
KWT,2021,1829.13134766,,,2,SH.XPD.CHEX.PC.CD,Current health expenditure per capita (current US$),KW,Kuwait
KWT,2020,1542.72143555,,,2,SH.XPD.CHEX.PC.CD,Current health expenditure per capita (current US$),KW,Kuwait
KWT,2019,1643.16491699,,,2,SH.XPD.CHEX.PC.CD,Current health expenditure per capita (current US$),KW,Kuwait
KWT,2018,1658.60375977,,,2,SH.XPD.CHEX.PC.CD,Current health expenditure per capita (current US$),KW,Kuwait
KWT,2017,1351.72387695,,,2,SH.XPD.CHEX.PC.CD,Current health expenditure per capita (current US$),KW,Kuwait
KWT,2016,1292.71984863,,,2,SH.XPD.CHEX.PC.CD,Current health expenditure per capita (current US$),KW,Kuwait
KWT,2015,1259.55786133,,,2,SH.XPD.CHEX.PC.CD,Current health expenditure per capita (current US$),KW,Kuwait
KWT,2014,1293.8326416,,,2,SH.XPD.CHEX.PC.CD,Current health expenditure per capita (current US$),KW,Kuwait
KWT,2013,1235.29321289,,,2,SH.XPD.CHEX.PC.CD,Current health expenditure per capita (current US$),KW,Kuwait
KWT,2012,1216.8684082,,,2,SH.XPD.CHEX.PC.CD,Current health expenditure per capita (current US$),KW,Kuwait
KWT,2011,1147.15539551,,,2,SH.XPD.CHEX.PC.CD,Current health expenditure per capita (current US$),KW,Kuwait
KWT,2010,1050.41589355,,,2,SH.XPD.CHEX.PC.CD,Current health expenditure per capita (current US$),KW,Kuwait
KWT,2009,1025.90490723,,,2,SH.XPD.CHEX.PC.CD,Current health expenditure per capita (current US$),KW,Kuwait
KWT,2008,1069.46472168,,,2,SH.XPD.CHEX.PC.CD,Current health expenditure per capita (current US$),KW,Kuwait
KWT,2007,880.71105957,,,2,SH.XPD.CHEX.PC.CD,Current health expenditure per capita (current US$),KW,Kuwait
KWT,2006,782.20379639,,,2,SH.XPD.CHEX.PC.CD,Current health expenditure per capita (current US$),KW,Kuwait
KWT,2005,727.25366211,,,2,SH.XPD.CHEX.PC.CD,Current health expenditure per capita (current US$),KW,Kuwait
KWT,2004,649.42504883,,,2,SH.XPD.CHEX.PC.CD,Current health expenditure per capita (current US$),KW,Kuwait
KWT,2003,626.35095215,,,2,SH.XPD.CHEX.PC.CD,Current health expenditure per capita (current US$),KW,Kuwait
KWT,2002,578.41534424,,,2,SH.XPD.CHEX.PC.CD,Current health expenditure per capita (current US$),KW,Kuwait
KWT,2001,553.75134277,,,2,SH.XPD.CHEX.PC.CD,Current health expenditure per capita (current US$),KW,Kuwait
KWT,2000,425.20968628,,,2,SH.XPD.CHEX.PC.CD,Current health expenditure per capita (current US$),KW,Kuwait
KGZ,2023,96.65081787,,,2,SH.XPD.CHEX.PC.CD,Current health expenditure per capita (current US$),KG,Kyrgyz Republic
KGZ,2022,88.07954407,,,2,SH.XPD.CHEX.PC.CD,Current health expenditure per capita (current US$),KG,Kyrgyz Republic
KGZ,2021,72.58779144,,,2,SH.XPD.CHEX.PC.CD,Current health expenditure per capita (current US$),KG,Kyrgyz Republic
KGZ,2020,61.25272751,,,2,SH.XPD.CHEX.PC.CD,Current health expenditure per capita (current US$),KG,Kyrgyz Republic
KGZ,2019,61.39657974,,,2,SH.XPD.CHEX.PC.CD,Current health expenditure per capita (current US$),KG,Kyrgyz Republic
KGZ,2018,65.34625244,,,2,SH.XPD.CHEX.PC.CD,Current health expenditure per capita (current US$),KG,Kyrgyz Republic
KGZ,2017,76.60479736,,,2,SH.XPD.CHEX.PC.CD,Current health expenditure per capita (current US$),KG,Kyrgyz Republic
KGZ,2016,71.52179718,,,2,SH.XPD.CHEX.PC.CD,Current health expenditure per capita (current US$),KG,Kyrgyz Republic
KGZ,2015,79.54891205,,,2,SH.XPD.CHEX.PC.CD,Current health expenditure per capita (current US$),KG,Kyrgyz Republic
KGZ,2014,93.15830994,,,2,SH.XPD.CHEX.PC.CD,Current health expenditure per capita (current US$),KG,Kyrgyz Republic
KGZ,2013,103.59209442,,,2,SH.XPD.CHEX.PC.CD,Current health expenditure per capita (current US$),KG,Kyrgyz Republic
KGZ,2012,98.66984558,,,2,SH.XPD.CHEX.PC.CD,Current health expenditure per capita (current US$),KG,Kyrgyz Republic
KGZ,2011,78.73632813,,,2,SH.XPD.CHEX.PC.CD,Current health expenditure per capita (current US$),KG,Kyrgyz Republic
KGZ,2010,60.67642975,,,2,SH.XPD.CHEX.PC.CD,Current health expenditure per capita (current US$),KG,Kyrgyz Republic
KGZ,2009,59.93972397,,,2,SH.XPD.CHEX.PC.CD,Current health expenditure per capita (current US$),KG,Kyrgyz Republic
KGZ,2008,62.77722549,,,2,SH.XPD.CHEX.PC.CD,Current health expenditure per capita (current US$),KG,Kyrgyz Republic
KGZ,2007,49.61043167,,,2,SH.XPD.CHEX.PC.CD,Current health expenditure per capita (current US$),KG,Kyrgyz Republic
KGZ,2006,44.5950737,,,2,SH.XPD.CHEX.PC.CD,Current health expenditure per capita (current US$),KG,Kyrgyz Republic
KGZ,2005,34.93693161,,,2,SH.XPD.CHEX.PC.CD,Current health expenditure per capita (current US$),KG,Kyrgyz Republic
KGZ,2004,26.37302399,,,2,SH.XPD.CHEX.PC.CD,Current health expenditure per capita (current US$),KG,Kyrgyz Republic
KGZ,2003,21.68980598,,,2,SH.XPD.CHEX.PC.CD,Current health expenditure per capita (current US$),KG,Kyrgyz Republic
KGZ,2002,14.4122982,,,2,SH.XPD.CHEX.PC.CD,Current health expenditure per capita (current US$),KG,Kyrgyz Republic
KGZ,2001,12.87845421,,,2,SH.XPD.CHEX.PC.CD,Current health expenditure per capita (current US$),KG,Kyrgyz Republic
KGZ,2000,12.0349474,,,2,SH.XPD.CHEX.PC.CD,Current health expenditure per capita (current US$),KG,Kyrgyz Republic
LAO,2023,27.41773605,,,2,SH.XPD.CHEX.PC.CD,Current health expenditure per capita (current US$),LA,Lao PDR
LAO,2022,41.34779739,,,2,SH.XPD.CHEX.PC.CD,Current health expenditure per capita (current US$),LA,Lao PDR
LAO,2021,68.61697388,,,2,SH.XPD.CHEX.PC.CD,Current health expenditure per capita (current US$),LA,Lao PDR
LAO,2020,51.96581268,,,2,SH.XPD.CHEX.PC.CD,Current health expenditure per capita (current US$),LA,Lao PDR
LAO,2019,67.57865143,,,2,SH.XPD.CHEX.PC.CD,Current health expenditure per capita (current US$),LA,Lao PDR
LAO,2018,57.1708374,,,2,SH.XPD.CHEX.PC.CD,Current health expenditure per capita (current US$),LA,Lao PDR
LAO,2017,61.42248535,,,2,SH.XPD.CHEX.PC.CD,Current health expenditure per capita (current US$),LA,Lao PDR
LAO,2016,54.3762207,,,2,SH.XPD.CHEX.PC.CD,Current health expenditure per capita (current US$),LA,Lao PDR
LAO,2015,52.04236603,,,2,SH.XPD.CHEX.PC.CD,Current health expenditure per capita (current US$),LA,Lao PDR
LAO,2014,45.53330612,,,2,SH.XPD.CHEX.PC.CD,Current health expenditure per capita (current US$),LA,Lao PDR
LAO,2013,43.49770355,,,2,SH.XPD.CHEX.PC.CD,Current health expenditure per capita (current US$),LA,Lao PDR
LAO,2012,32.46548843,,,2,SH.XPD.CHEX.PC.CD,Current health expenditure per capita (current US$),LA,Lao PDR
LAO,2011,27.11878395,,,2,SH.XPD.CHEX.PC.CD,Current health expenditure per capita (current US$),LA,Lao PDR
LAO,2010,34.52460861,,,2,SH.XPD.CHEX.PC.CD,Current health expenditure per capita (current US$),LA,Lao PDR
LAO,2009,35.71521378,,,2,SH.XPD.CHEX.PC.CD,Current health expenditure per capita (current US$),LA,Lao PDR
LAO,2008,26.74945259,,,2,SH.XPD.CHEX.PC.CD,Current health expenditure per capita (current US$),LA,Lao PDR
LAO,2007,24.56666374,,,2,SH.XPD.CHEX.PC.CD,Current health expenditure per capita (current US$),LA,Lao PDR
LAO,2006,19.22654533,,,2,SH.XPD.CHEX.PC.CD,Current health expenditure per capita (current US$),LA,Lao PDR
LAO,2005,17.33082581,,,2,SH.XPD.CHEX.PC.CD,Current health expenditure per capita (current US$),LA,Lao PDR
LAO,2004,16.23278809,,,2,SH.XPD.CHEX.PC.CD,Current health expenditure per capita (current US$),LA,Lao PDR
LAO,2003,17.59125519,,,2,SH.XPD.CHEX.PC.CD,Current health expenditure per capita (current US$),LA,Lao PDR
LAO,2002,12.90540886,,,2,SH.XPD.CHEX.PC.CD,Current health expenditure per capita (current US$),LA,Lao PDR
LAO,2001,14.46665001,,,2,SH.XPD.CHEX.PC.CD,Current health expenditure per capita (current US$),LA,Lao PDR
LAO,2000,14.10313892,,,2,SH.XPD.CHEX.PC.CD,Current health expenditure per capita (current US$),LA,Lao PDR
LVA,2023,1645.4152832,,,2,SH.XPD.CHEX.PC.CD,Current health expenditure per capita (current US$),LV,Latvia
LVA,2022,1642.47131348,,,2,SH.XPD.CHEX.PC.CD,Current health expenditure per capita (current US$),LV,Latvia
LVA,2021,1897.95275879,,,2,SH.XPD.CHEX.PC.CD,Current health expenditure per capita (current US$),LV,Latvia
LVA,2020,1313.35412598,,,2,SH.XPD.CHEX.PC.CD,Current health expenditure per capita (current US$),LV,Latvia
LVA,2019,1183.1151123,,,2,SH.XPD.CHEX.PC.CD,Current health expenditure per capita (current US$),LV,Latvia
LVA,2018,1101.49243164,,,2,SH.XPD.CHEX.PC.CD,Current health expenditure per capita (current US$),LV,Latvia
LVA,2017,932.50158691,,,2,SH.XPD.CHEX.PC.CD,Current health expenditure per capita (current US$),LV,Latvia
LVA,2016,874.79772949,,,2,SH.XPD.CHEX.PC.CD,Current health expenditure per capita (current US$),LV,Latvia
LVA,2015,775.86431885,,,2,SH.XPD.CHEX.PC.CD,Current health expenditure per capita (current US$),LV,Latvia
LVA,2014,856.76654053,,,2,SH.XPD.CHEX.PC.CD,Current health expenditure per capita (current US$),LV,Latvia
LVA,2013,807.13000488,,,2,SH.XPD.CHEX.PC.CD,Current health expenditure per capita (current US$),LV,Latvia
LVA,2012,745.51745605,,,2,SH.XPD.CHEX.PC.CD,Current health expenditure per capita (current US$),LV,Latvia
LVA,2011,764.59179688,,,2,SH.XPD.CHEX.PC.CD,Current health expenditure per capita (current US$),LV,Latvia
LVA,2010,689.07720947,,,2,SH.XPD.CHEX.PC.CD,Current health expenditure per capita (current US$),LV,Latvia
LVA,2009,744.66162109,,,2,SH.XPD.CHEX.PC.CD,Current health expenditure per capita (current US$),LV,Latvia
LVA,2008,913.52148438,,,2,SH.XPD.CHEX.PC.CD,Current health expenditure per capita (current US$),LV,Latvia
LVA,2007,775.19146729,,,2,SH.XPD.CHEX.PC.CD,Current health expenditure per capita (current US$),LV,Latvia
LVA,2006,552.30163574,,,2,SH.XPD.CHEX.PC.CD,Current health expenditure per capita (current US$),LV,Latvia
LVA,2005,440.8097229,,,2,SH.XPD.CHEX.PC.CD,Current health expenditure per capita (current US$),LV,Latvia
LVA,2004,393.29806519,,,2,SH.XPD.CHEX.PC.CD,Current health expenditure per capita (current US$),LV,Latvia
LVA,2003,280.50878906,,,2,SH.XPD.CHEX.PC.CD,Current health expenditure per capita (current US$),LV,Latvia
LVA,2002,237.29516602,,,2,SH.XPD.CHEX.PC.CD,Current health expenditure per capita (current US$),LV,Latvia
LVA,2001,205.02047729,,,2,SH.XPD.CHEX.PC.CD,Current health expenditure per capita (current US$),LV,Latvia
LVA,2000,181.57072449,,,2,SH.XPD.CHEX.PC.CD,Current health expenditure per capita (current US$),LV,Latvia
LBN,2023,260.8119812,,,2,SH.XPD.CHEX.PC.CD,Current health expenditure per capita (current US$),LB,Lebanon
LBN,2022,230.39093018,,,2,SH.XPD.CHEX.PC.CD,Current health expenditure per capita (current US$),LB,Lebanon
LBN,2021,189.8581543,,,2,SH.XPD.CHEX.PC.CD,Current health expenditure per capita (current US$),LB,Lebanon
LBN,2020,303.48632813,,,2,SH.XPD.CHEX.PC.CD,Current health expenditure per capita (current US$),LB,Lebanon
LBN,2019,798.13421631,,,2,SH.XPD.CHEX.PC.CD,Current health expenditure per capita (current US$),LB,Lebanon
LBN,2018,740.38696289,,,2,SH.XPD.CHEX.PC.CD,Current health expenditure per capita (current US$),LB,Lebanon
LBN,2017,671.77996826,,,2,SH.XPD.CHEX.PC.CD,Current health expenditure per capita (current US$),LB,Lebanon
LBN,2016,640.96563721,,,2,SH.XPD.CHEX.PC.CD,Current health expenditure per capita (current US$),LB,Lebanon
LBN,2015,572.07220459,,,2,SH.XPD.CHEX.PC.CD,Current health expenditure per capita (current US$),LB,Lebanon
LBN,2014,569.97937012,,,2,SH.XPD.CHEX.PC.CD,Current health expenditure per capita (current US$),LB,Lebanon
LBN,2013,576.87176514,,,2,SH.XPD.CHEX.PC.CD,Current health expenditure per capita (current US$),LB,Lebanon
LBN,2012,588.83917236,,,2,SH.XPD.CHEX.PC.CD,Current health expenditure per capita (current US$),LB,Lebanon
LBN,2011,640.69805908,,,2,SH.XPD.CHEX.PC.CD,Current health expenditure per capita (current US$),LB,Lebanon
LBN,2010,567.25506592,,,2,SH.XPD.CHEX.PC.CD,Current health expenditure per capita (current US$),LB,Lebanon
LBN,2009,496.88284302,,,2,SH.XPD.CHEX.PC.CD,Current health expenditure per capita (current US$),LB,Lebanon
LBN,2008,462.17767334,,,2,SH.XPD.CHEX.PC.CD,Current health expenditure per capita (current US$),LB,Lebanon
LBN,2007,438.71112061,,,2,SH.XPD.CHEX.PC.CD,Current health expenditure per capita (current US$),LB,Lebanon
LBN,2006,401.43670654,,,2,SH.XPD.CHEX.PC.CD,Current health expenditure per capita (current US$),LB,Lebanon
LBN,2005,347.40252686,,,2,SH.XPD.CHEX.PC.CD,Current health expenditure per capita (current US$),LB,Lebanon
LBN,2004,368.01425171,,,2,SH.XPD.CHEX.PC.CD,Current health expenditure per capita (current US$),LB,Lebanon
LBN,2003,373.35971069,,,2,SH.XPD.CHEX.PC.CD,Current health expenditure per capita (current US$),LB,Lebanon
LBN,2002,391.74139404,,,2,SH.XPD.CHEX.PC.CD,Current health expenditure per capita (current US$),LB,Lebanon
LBN,2001,416.57485962,,,2,SH.XPD.CHEX.PC.CD,Current health expenditure per capita (current US$),LB,Lebanon
LBN,2000,425.70095825,,,2,SH.XPD.CHEX.PC.CD,Current health expenditure per capita (current US$),LB,Lebanon
LSO,2023,122.63982391,,,2,SH.XPD.CHEX.PC.CD,Current health expenditure per capita (current US$),LS,Lesotho
LSO,2022,133.32562256,,,2,SH.XPD.CHEX.PC.CD,Current health expenditure per capita (current US$),LS,Lesotho
LSO,2021,115.81448364,,,2,SH.XPD.CHEX.PC.CD,Current health expenditure per capita (current US$),LS,Lesotho
LSO,2020,96.84536743,,,2,SH.XPD.CHEX.PC.CD,Current health expenditure per capita (current US$),LS,Lesotho
LSO,2019,235.94372559,,,2,SH.XPD.CHEX.PC.CD,Current health expenditure per capita (current US$),LS,Lesotho
LSO,2018,130.93614197,,,2,SH.XPD.CHEX.PC.CD,Current health expenditure per capita (current US$),LS,Lesotho
LSO,2017,115.43321228,,,2,SH.XPD.CHEX.PC.CD,Current health expenditure per capita (current US$),LS,Lesotho
LSO,2016,91.0127182,,,2,SH.XPD.CHEX.PC.CD,Current health expenditure per capita (current US$),LS,Lesotho
LSO,2015,104.59999847,,,2,SH.XPD.CHEX.PC.CD,Current health expenditure per capita (current US$),LS,Lesotho
LSO,2014,121.21549988,,,2,SH.XPD.CHEX.PC.CD,Current health expenditure per capita (current US$),LS,Lesotho
LSO,2013,131.35578918,,,2,SH.XPD.CHEX.PC.CD,Current health expenditure per capita (current US$),LS,Lesotho
LSO,2012,125.37831116,,,2,SH.XPD.CHEX.PC.CD,Current health expenditure per capita (current US$),LS,Lesotho
LSO,2011,117.67031097,,,2,SH.XPD.CHEX.PC.CD,Current health expenditure per capita (current US$),LS,Lesotho
LSO,2010,85.87903595,,,2,SH.XPD.CHEX.PC.CD,Current health expenditure per capita (current US$),LS,Lesotho
LSO,2009,80.82315063,,,2,SH.XPD.CHEX.PC.CD,Current health expenditure per capita (current US$),LS,Lesotho
LSO,2008,69.06710052,,,2,SH.XPD.CHEX.PC.CD,Current health expenditure per capita (current US$),LS,Lesotho
LSO,2007,65.80387878,,,2,SH.XPD.CHEX.PC.CD,Current health expenditure per capita (current US$),LS,Lesotho
LSO,2006,49.67809296,,,2,SH.XPD.CHEX.PC.CD,Current health expenditure per capita (current US$),LS,Lesotho
LSO,2005,41.66717911,,,2,SH.XPD.CHEX.PC.CD,Current health expenditure per capita (current US$),LS,Lesotho
LSO,2004,41.18851089,,,2,SH.XPD.CHEX.PC.CD,Current health expenditure per capita (current US$),LS,Lesotho
LSO,2003,32.02215576,,,2,SH.XPD.CHEX.PC.CD,Current health expenditure per capita (current US$),LS,Lesotho
LSO,2002,23.20003891,,,2,SH.XPD.CHEX.PC.CD,Current health expenditure per capita (current US$),LS,Lesotho
LSO,2001,28.22144127,,,2,SH.XPD.CHEX.PC.CD,Current health expenditure per capita (current US$),LS,Lesotho
LSO,2000,23.71122551,,,2,SH.XPD.CHEX.PC.CD,Current health expenditure per capita (current US$),LS,Lesotho
LBR,2023,103.94123077,,,2,SH.XPD.CHEX.PC.CD,Current health expenditure per capita (current US$),LR,Liberia
LBR,2022,100.49607086,,,2,SH.XPD.CHEX.PC.CD,Current health expenditure per capita (current US$),LR,Liberia
LBR,2021,88.54867554,,,2,SH.XPD.CHEX.PC.CD,Current health expenditure per capita (current US$),LR,Liberia
LBR,2020,76.11009979,,,2,SH.XPD.CHEX.PC.CD,Current health expenditure per capita (current US$),LR,Liberia
LBR,2019,51.1932373,,,2,SH.XPD.CHEX.PC.CD,Current health expenditure per capita (current US$),LR,Liberia
LBR,2018,68.88298798,,,2,SH.XPD.CHEX.PC.CD,Current health expenditure per capita (current US$),LR,Liberia
LBR,2017,67.8789978,,,2,SH.XPD.CHEX.PC.CD,Current health expenditure per capita (current US$),LR,Liberia
LBR,2016,67.68016052,,,2,SH.XPD.CHEX.PC.CD,Current health expenditure per capita (current US$),LR,Liberia
LBR,2015,68.89793396,,,2,SH.XPD.CHEX.PC.CD,Current health expenditure per capita (current US$),LR,Liberia
LBR,2014,54.82420349,,,2,SH.XPD.CHEX.PC.CD,Current health expenditure per capita (current US$),LR,Liberia
LBR,2013,48.72935104,,,2,SH.XPD.CHEX.PC.CD,Current health expenditure per capita (current US$),LR,Liberia
LBR,2012,46.67208862,,,2,SH.XPD.CHEX.PC.CD,Current health expenditure per capita (current US$),LR,Liberia
LBR,2011,47.58517075,,,2,SH.XPD.CHEX.PC.CD,Current health expenditure per capita (current US$),LR,Liberia
LBR,2010,40.8739624,,,2,SH.XPD.CHEX.PC.CD,Current health expenditure per capita (current US$),LR,Liberia
LBR,2009,40.21982574,,,2,SH.XPD.CHEX.PC.CD,Current health expenditure per capita (current US$),LR,Liberia
LBR,2008,26.30083656,,,2,SH.XPD.CHEX.PC.CD,Current health expenditure per capita (current US$),LR,Liberia
LBR,2007,15.8568964,,,2,SH.XPD.CHEX.PC.CD,Current health expenditure per capita (current US$),LR,Liberia
LBR,2006,18.34446335,,,2,SH.XPD.CHEX.PC.CD,Current health expenditure per capita (current US$),LR,Liberia
LBR,2005,19.14579582,,,2,SH.XPD.CHEX.PC.CD,Current health expenditure per capita (current US$),LR,Liberia
LBR,2004,16.7787571,,,2,SH.XPD.CHEX.PC.CD,Current health expenditure per capita (current US$),LR,Liberia
LBR,2003,5.76429653,,,2,SH.XPD.CHEX.PC.CD,Current health expenditure per capita (current US$),LR,Liberia
LBR,2002,6.59576607,,,2,SH.XPD.CHEX.PC.CD,Current health expenditure per capita (current US$),LR,Liberia
LBR,2001,6.46313238,,,2,SH.XPD.CHEX.PC.CD,Current health expenditure per capita (current US$),LR,Liberia
LBR,2000,7.93455124,,,2,SH.XPD.CHEX.PC.CD,Current health expenditure per capita (current US$),LR,Liberia
LBY,2023,470.4034729,,,2,SH.XPD.CHEX.PC.CD,Current health expenditure per capita (current US$),LY,Libya
LBY,2022,284.0262146,,,2,SH.XPD.CHEX.PC.CD,Current health expenditure per capita (current US$),LY,Libya
LBY,2021,298.84338379,,,2,SH.XPD.CHEX.PC.CD,Current health expenditure per capita (current US$),LY,Libya
LBY,2020,472.62240601,,,2,SH.XPD.CHEX.PC.CD,Current health expenditure per capita (current US$),LY,Libya
LBY,2019,552.73168945,,,2,SH.XPD.CHEX.PC.CD,Current health expenditure per capita (current US$),LY,Libya
LBY,2018,544.88079834,,,2,SH.XPD.CHEX.PC.CD,Current health expenditure per capita (current US$),LY,Libya
LBY,2017,466.08538818,,,2,SH.XPD.CHEX.PC.CD,Current health expenditure per capita (current US$),LY,Libya
LBY,2016,464.47531128,,,2,SH.XPD.CHEX.PC.CD,Current health expenditure per capita (current US$),LY,Libya
LBY,2015,433.06808472,,,2,SH.XPD.CHEX.PC.CD,Current health expenditure per capita (current US$),LY,Libya
LBY,2014,462.19216919,,,2,SH.XPD.CHEX.PC.CD,Current health expenditure per capita (current US$),LY,Libya
LBY,2013,594.65338135,,,2,SH.XPD.CHEX.PC.CD,Current health expenditure per capita (current US$),LY,Libya
LBY,2012,592.46356201,,,2,SH.XPD.CHEX.PC.CD,Current health expenditure per capita (current US$),LY,Libya
LBY,2011,305.20037842,,,2,SH.XPD.CHEX.PC.CD,Current health expenditure per capita (current US$),LY,Libya
LBY,2010,380.58596802,,,2,SH.XPD.CHEX.PC.CD,Current health expenditure per capita (current US$),LY,Libya
LBY,2009,342.20449829,,,2,SH.XPD.CHEX.PC.CD,Current health expenditure per capita (current US$),LY,Libya
LBY,2008,312.11196899,,,2,SH.XPD.CHEX.PC.CD,Current health expenditure per capita (current US$),LY,Libya
LBY,2007,269.63085938,,,2,SH.XPD.CHEX.PC.CD,Current health expenditure per capita (current US$),LY,Libya
LBY,2006,231.11968994,,,2,SH.XPD.CHEX.PC.CD,Current health expenditure per capita (current US$),LY,Libya
LBY,2005,209.878479,,,2,SH.XPD.CHEX.PC.CD,Current health expenditure per capita (current US$),LY,Libya
LBY,2004,200.83604431,,,2,SH.XPD.CHEX.PC.CD,Current health expenditure per capita (current US$),LY,Libya
LBY,2003,189.72729492,,,2,SH.XPD.CHEX.PC.CD,Current health expenditure per capita (current US$),LY,Libya
LBY,2002,181.7310791,,,2,SH.XPD.CHEX.PC.CD,Current health expenditure per capita (current US$),LY,Libya
LBY,2001,255.77108765,,,2,SH.XPD.CHEX.PC.CD,Current health expenditure per capita (current US$),LY,Libya
LBY,2000,247.1134491,,,2,SH.XPD.CHEX.PC.CD,Current health expenditure per capita (current US$),LY,Libya
LIE,2023,11494.95898438,,,2,SH.XPD.CHEX.PC.CD,Current health expenditure per capita (current US$),LI,Liechtenstein
LIE,2022,10591.59277344,,,2,SH.XPD.CHEX.PC.CD,Current health expenditure per capita (current US$),LI,Liechtenstein
LIE,2021,10912.36132813,,,2,SH.XPD.CHEX.PC.CD,Current health expenditure per capita (current US$),LI,Liechtenstein
LIE,2020,10004.52832031,,,2,SH.XPD.CHEX.PC.CD,Current health expenditure per capita (current US$),LI,Liechtenstein
LIE,2019,9686.88378906,,,2,SH.XPD.CHEX.PC.CD,Current health expenditure per capita (current US$),LI,Liechtenstein
LIE,2018,9736.24316406,,,2,SH.XPD.CHEX.PC.CD,Current health expenditure per capita (current US$),LI,Liechtenstein
LIE,2017,9715.07519531,,,2,SH.XPD.CHEX.PC.CD,Current health expenditure per capita (current US$),LI,Liechtenstein
LIE,2016,9703.75878906,,,2,SH.XPD.CHEX.PC.CD,Current health expenditure per capita (current US$),LI,Liechtenstein
LIE,2015,9639.75195313,,,2,SH.XPD.CHEX.PC.CD,Current health expenditure per capita (current US$),LI,Liechtenstein
LIE,2014,10096.85351563,,,2,SH.XPD.CHEX.PC.CD,Current health expenditure per capita (current US$),LI,Liechtenstein
LIE,2013,9956.29785156,,,2,SH.XPD.CHEX.PC.CD,Current health expenditure per capita (current US$),LI,Liechtenstein
LIE,2012,,,,2,SH.XPD.CHEX.PC.CD,Current health expenditure per capita (current US$),LI,Liechtenstein
LIE,2011,,,,2,SH.XPD.CHEX.PC.CD,Current health expenditure per capita (current US$),LI,Liechtenstein
LIE,2010,,,,2,SH.XPD.CHEX.PC.CD,Current health expenditure per capita (current US$),LI,Liechtenstein
LIE,2009,,,,2,SH.XPD.CHEX.PC.CD,Current health expenditure per capita (current US$),LI,Liechtenstein
LIE,2008,,,,2,SH.XPD.CHEX.PC.CD,Current health expenditure per capita (current US$),LI,Liechtenstein
LIE,2007,,,,2,SH.XPD.CHEX.PC.CD,Current health expenditure per capita (current US$),LI,Liechtenstein
LIE,2006,,,,2,SH.XPD.CHEX.PC.CD,Current health expenditure per capita (current US$),LI,Liechtenstein
LIE,2005,,,,2,SH.XPD.CHEX.PC.CD,Current health expenditure per capita (current US$),LI,Liechtenstein
LIE,2004,,,,2,SH.XPD.CHEX.PC.CD,Current health expenditure per capita (current US$),LI,Liechtenstein
LIE,2003,,,,2,SH.XPD.CHEX.PC.CD,Current health expenditure per capita (current US$),LI,Liechtenstein
LIE,2002,,,,2,SH.XPD.CHEX.PC.CD,Current health expenditure per capita (current US$),LI,Liechtenstein
LIE,2001,,,,2,SH.XPD.CHEX.PC.CD,Current health expenditure per capita (current US$),LI,Liechtenstein
LIE,2000,,,,2,SH.XPD.CHEX.PC.CD,Current health expenditure per capita (current US$),LI,Liechtenstein
LTU,2023,2044.18371582,,,2,SH.XPD.CHEX.PC.CD,Current health expenditure per capita (current US$),LT,Lithuania
LTU,2022,1831.27734375,,,2,SH.XPD.CHEX.PC.CD,Current health expenditure per capita (current US$),LT,Lithuania
LTU,2021,1844.33154297,,,2,SH.XPD.CHEX.PC.CD,Current health expenditure per capita (current US$),LT,Lithuania
LTU,2020,1511.79626465,,,2,SH.XPD.CHEX.PC.CD,Current health expenditure per capita (current US$),LT,Lithuania
LTU,2019,1361.20288086,,,2,SH.XPD.CHEX.PC.CD,Current health expenditure per capita (current US$),LT,Lithuania
LTU,2018,1241.38574219,,,2,SH.XPD.CHEX.PC.CD,Current health expenditure per capita (current US$),LT,Lithuania
LTU,2017,1073.95800781,,,2,SH.XPD.CHEX.PC.CD,Current health expenditure per capita (current US$),LT,Lithuania
LTU,2016,986.13311768,,,2,SH.XPD.CHEX.PC.CD,Current health expenditure per capita (current US$),LT,Lithuania
LTU,2015,918.50750732,,,2,SH.XPD.CHEX.PC.CD,Current health expenditure per capita (current US$),LT,Lithuania
LTU,2014,1019.7121582,,,2,SH.XPD.CHEX.PC.CD,Current health expenditure per capita (current US$),LT,Lithuania
LTU,2013,958.04650879,,,2,SH.XPD.CHEX.PC.CD,Current health expenditure per capita (current US$),LT,Lithuania
LTU,2012,896.93707275,,,2,SH.XPD.CHEX.PC.CD,Current health expenditure per capita (current US$),LT,Lithuania
LTU,2011,925.47161865,,,2,SH.XPD.CHEX.PC.CD,Current health expenditure per capita (current US$),LT,Lithuania
LTU,2010,805.2244873,,,2,SH.XPD.CHEX.PC.CD,Current health expenditure per capita (current US$),LT,Lithuania
LTU,2009,864.73638916,,,2,SH.XPD.CHEX.PC.CD,Current health expenditure per capita (current US$),LT,Lithuania
LTU,2008,936.50933838,,,2,SH.XPD.CHEX.PC.CD,Current health expenditure per capita (current US$),LT,Lithuania
LTU,2007,704.29315186,,,2,SH.XPD.CHEX.PC.CD,Current health expenditure per capita (current US$),LT,Lithuania
LTU,2006,536.05737305,,,2,SH.XPD.CHEX.PC.CD,Current health expenditure per capita (current US$),LT,Lithuania
LTU,2005,438.93267822,,,2,SH.XPD.CHEX.PC.CD,Current health expenditure per capita (current US$),LT,Lithuania
LTU,2004,366.95968628,,,2,SH.XPD.CHEX.PC.CD,Current health expenditure per capita (current US$),LT,Lithuania
LTU,2003,338.86306763,,,2,SH.XPD.CHEX.PC.CD,Current health expenditure per capita (current US$),LT,Lithuania
LTU,2002,254.36688232,,,2,SH.XPD.CHEX.PC.CD,Current health expenditure per capita (current US$),LT,Lithuania
LTU,2001,218.81802368,,,2,SH.XPD.CHEX.PC.CD,Current health expenditure per capita (current US$),LT,Lithuania
LTU,2000,217.1761322,,,2,SH.XPD.CHEX.PC.CD,Current health expenditure per capita (current US$),LT,Lithuania
LUX,2023,7510.99414063,,,2,SH.XPD.CHEX.PC.CD,Current health expenditure per capita (current US$),LU,Luxembourg
LUX,2022,7022.62695313,,,2,SH.XPD.CHEX.PC.CD,Current health expenditure per capita (current US$),LU,Luxembourg
LUX,2021,7632.57275391,,,2,SH.XPD.CHEX.PC.CD,Current health expenditure per capita (current US$),LU,Luxembourg
LUX,2020,6785.86230469,,,2,SH.XPD.CHEX.PC.CD,Current health expenditure per capita (current US$),LU,Luxembourg
LUX,2019,6221.73876953,,,2,SH.XPD.CHEX.PC.CD,Current health expenditure per capita (current US$),LU,Luxembourg
LUX,2018,6227.08398438,,,2,SH.XPD.CHEX.PC.CD,Current health expenditure per capita (current US$),LU,Luxembourg
LUX,2017,5713.11865234,,,2,SH.XPD.CHEX.PC.CD,Current health expenditure per capita (current US$),LU,Luxembourg
LUX,2016,5475.13964844,,,2,SH.XPD.CHEX.PC.CD,Current health expenditure per capita (current US$),LU,Luxembourg
LUX,2015,5421.93212891,,,2,SH.XPD.CHEX.PC.CD,Current health expenditure per capita (current US$),LU,Luxembourg
LUX,2014,6547.03466797,,,2,SH.XPD.CHEX.PC.CD,Current health expenditure per capita (current US$),LU,Luxembourg
LUX,2013,6356.64453125,,,2,SH.XPD.CHEX.PC.CD,Current health expenditure per capita (current US$),LU,Luxembourg
LUX,2012,6029.47460938,,,2,SH.XPD.CHEX.PC.CD,Current health expenditure per capita (current US$),LU,Luxembourg
LUX,2011,7174.73925781,,,2,SH.XPD.CHEX.PC.CD,Current health expenditure per capita (current US$),LU,Luxembourg
LUX,2010,7459.83544922,,,2,SH.XPD.CHEX.PC.CD,Current health expenditure per capita (current US$),LU,Luxembourg
LUX,2009,7670.59375,,,2,SH.XPD.CHEX.PC.CD,Current health expenditure per capita (current US$),LU,Luxembourg
LUX,2008,7578.74951172,,,2,SH.XPD.CHEX.PC.CD,Current health expenditure per capita (current US$),LU,Luxembourg
LUX,2007,6671.26513672,,,2,SH.XPD.CHEX.PC.CD,Current health expenditure per capita (current US$),LU,Luxembourg
LUX,2006,6070.73583984,,,2,SH.XPD.CHEX.PC.CD,Current health expenditure per capita (current US$),LU,Luxembourg
LUX,2005,5818.14599609,,,2,SH.XPD.CHEX.PC.CD,Current health expenditure per capita (current US$),LU,Luxembourg
LUX,2004,5610.35351563,,,2,SH.XPD.CHEX.PC.CD,Current health expenditure per capita (current US$),LU,Luxembourg
LUX,2003,4607.40283203,,,2,SH.XPD.CHEX.PC.CD,Current health expenditure per capita (current US$),LU,Luxembourg
LUX,2002,3600.86743164,,,2,SH.XPD.CHEX.PC.CD,Current health expenditure per capita (current US$),LU,Luxembourg
LUX,2001,3109.20141602,,,2,SH.XPD.CHEX.PC.CD,Current health expenditure per capita (current US$),LU,Luxembourg
LUX,2000,2901.19995117,,,2,SH.XPD.CHEX.PC.CD,Current health expenditure per capita (current US$),LU,Luxembourg
MAC,2023,,,,2,SH.XPD.CHEX.PC.CD,Current health expenditure per capita (current US$),MO,"Macao SAR, China"
MAC,2022,,,,2,SH.XPD.CHEX.PC.CD,Current health expenditure per capita (current US$),MO,"Macao SAR, China"
MAC,2021,,,,2,SH.XPD.CHEX.PC.CD,Current health expenditure per capita (current US$),MO,"Macao SAR, China"
MAC,2020,,,,2,SH.XPD.CHEX.PC.CD,Current health expenditure per capita (current US$),MO,"Macao SAR, China"
MAC,2019,,,,2,SH.XPD.CHEX.PC.CD,Current health expenditure per capita (current US$),MO,"Macao SAR, China"
MAC,2018,,,,2,SH.XPD.CHEX.PC.CD,Current health expenditure per capita (current US$),MO,"Macao SAR, China"
MAC,2017,,,,2,SH.XPD.CHEX.PC.CD,Current health expenditure per capita (current US$),MO,"Macao SAR, China"
MAC,2016,,,,2,SH.XPD.CHEX.PC.CD,Current health expenditure per capita (current US$),MO,"Macao SAR, China"
MAC,2015,,,,2,SH.XPD.CHEX.PC.CD,Current health expenditure per capita (current US$),MO,"Macao SAR, China"
MAC,2014,,,,2,SH.XPD.CHEX.PC.CD,Current health expenditure per capita (current US$),MO,"Macao SAR, China"
MAC,2013,,,,2,SH.XPD.CHEX.PC.CD,Current health expenditure per capita (current US$),MO,"Macao SAR, China"
MAC,2012,,,,2,SH.XPD.CHEX.PC.CD,Current health expenditure per capita (current US$),MO,"Macao SAR, China"
MAC,2011,,,,2,SH.XPD.CHEX.PC.CD,Current health expenditure per capita (current US$),MO,"Macao SAR, China"
MAC,2010,,,,2,SH.XPD.CHEX.PC.CD,Current health expenditure per capita (current US$),MO,"Macao SAR, China"
MAC,2009,,,,2,SH.XPD.CHEX.PC.CD,Current health expenditure per capita (current US$),MO,"Macao SAR, China"
MAC,2008,,,,2,SH.XPD.CHEX.PC.CD,Current health expenditure per capita (current US$),MO,"Macao SAR, China"
MAC,2007,,,,2,SH.XPD.CHEX.PC.CD,Current health expenditure per capita (current US$),MO,"Macao SAR, China"
MAC,2006,,,,2,SH.XPD.CHEX.PC.CD,Current health expenditure per capita (current US$),MO,"Macao SAR, China"
MAC,2005,,,,2,SH.XPD.CHEX.PC.CD,Current health expenditure per capita (current US$),MO,"Macao SAR, China"
MAC,2004,,,,2,SH.XPD.CHEX.PC.CD,Current health expenditure per capita (current US$),MO,"Macao SAR, China"
MAC,2003,,,,2,SH.XPD.CHEX.PC.CD,Current health expenditure per capita (current US$),MO,"Macao SAR, China"
MAC,2002,,,,2,SH.XPD.CHEX.PC.CD,Current health expenditure per capita (current US$),MO,"Macao SAR, China"
MAC,2001,,,,2,SH.XPD.CHEX.PC.CD,Current health expenditure per capita (current US$),MO,"Macao SAR, China"
MAC,2000,,,,2,SH.XPD.CHEX.PC.CD,Current health expenditure per capita (current US$),MO,"Macao SAR, China"
MDG,2023,17.44003487,,,2,SH.XPD.CHEX.PC.CD,Current health expenditure per capita (current US$),MG,Madagascar
MDG,2022,15.85809231,,,2,SH.XPD.CHEX.PC.CD,Current health expenditure per capita (current US$),MG,Madagascar
MDG,2021,17.17938805,,,2,SH.XPD.CHEX.PC.CD,Current health expenditure per capita (current US$),MG,Madagascar
MDG,2020,16.78295326,,,2,SH.XPD.CHEX.PC.CD,Current health expenditure per capita (current US$),MG,Madagascar
MDG,2019,15.50084877,,,2,SH.XPD.CHEX.PC.CD,Current health expenditure per capita (current US$),MG,Madagascar
MDG,2018,21.12731934,,,2,SH.XPD.CHEX.PC.CD,Current health expenditure per capita (current US$),MG,Madagascar
MDG,2017,23.62072182,,,2,SH.XPD.CHEX.PC.CD,Current health expenditure per capita (current US$),MG,Madagascar
MDG,2016,24.20793915,,,2,SH.XPD.CHEX.PC.CD,Current health expenditure per capita (current US$),MG,Madagascar
MDG,2015,22.29386139,,,2,SH.XPD.CHEX.PC.CD,Current health expenditure per capita (current US$),MG,Madagascar
MDG,2014,22.56570244,,,2,SH.XPD.CHEX.PC.CD,Current health expenditure per capita (current US$),MG,Madagascar
MDG,2013,19.33186913,,,2,SH.XPD.CHEX.PC.CD,Current health expenditure per capita (current US$),MG,Madagascar
MDG,2012,19.30151749,,,2,SH.XPD.CHEX.PC.CD,Current health expenditure per capita (current US$),MG,Madagascar
MDG,2011,22.88667488,,,2,SH.XPD.CHEX.PC.CD,Current health expenditure per capita (current US$),MG,Madagascar
MDG,2010,21.13975906,,,2,SH.XPD.CHEX.PC.CD,Current health expenditure per capita (current US$),MG,Madagascar
MDG,2009,19.56957817,,,2,SH.XPD.CHEX.PC.CD,Current health expenditure per capita (current US$),MG,Madagascar
MDG,2008,20.91898537,,,2,SH.XPD.CHEX.PC.CD,Current health expenditure per capita (current US$),MG,Madagascar
MDG,2007,19.33553123,,,2,SH.XPD.CHEX.PC.CD,Current health expenditure per capita (current US$),MG,Madagascar
MDG,2006,16.44085503,,,2,SH.XPD.CHEX.PC.CD,Current health expenditure per capita (current US$),MG,Madagascar
MDG,2005,15.9498682,,,2,SH.XPD.CHEX.PC.CD,Current health expenditure per capita (current US$),MG,Madagascar
MDG,2004,14.29298973,,,2,SH.XPD.CHEX.PC.CD,Current health expenditure per capita (current US$),MG,Madagascar
MDG,2003,17.64075851,,,2,SH.XPD.CHEX.PC.CD,Current health expenditure per capita (current US$),MG,Madagascar
MDG,2002,15.02957344,,,2,SH.XPD.CHEX.PC.CD,Current health expenditure per capita (current US$),MG,Madagascar
MDG,2001,13.13894939,,,2,SH.XPD.CHEX.PC.CD,Current health expenditure per capita (current US$),MG,Madagascar
MDG,2000,11.1882658,,,2,SH.XPD.CHEX.PC.CD,Current health expenditure per capita (current US$),MG,Madagascar
MWI,2023,41.26664734,,,2,SH.XPD.CHEX.PC.CD,Current health expenditure per capita (current US$),MW,Malawi
MWI,2022,40.03453827,,,2,SH.XPD.CHEX.PC.CD,Current health expenditure per capita (current US$),MW,Malawi
MWI,2021,46.41017532,,,2,SH.XPD.CHEX.PC.CD,Current health expenditure per capita (current US$),MW,Malawi
MWI,2020,42.37881851,,,2,SH.XPD.CHEX.PC.CD,Current health expenditure per capita (current US$),MW,Malawi
MWI,2019,36.91519165,,,2,SH.XPD.CHEX.PC.CD,Current health expenditure per capita (current US$),MW,Malawi
MWI,2018,36.70302963,,,2,SH.XPD.CHEX.PC.CD,Current health expenditure per capita (current US$),MW,Malawi
MWI,2017,37.60110092,,,2,SH.XPD.CHEX.PC.CD,Current health expenditure per capita (current US$),MW,Malawi
MWI,2016,34.0307579,,,2,SH.XPD.CHEX.PC.CD,Current health expenditure per capita (current US$),MW,Malawi
MWI,2015,34.97310638,,,2,SH.XPD.CHEX.PC.CD,Current health expenditure per capita (current US$),MW,Malawi
MWI,2014,35.33760452,,,2,SH.XPD.CHEX.PC.CD,Current health expenditure per capita (current US$),MW,Malawi
MWI,2013,39.54008484,,,2,SH.XPD.CHEX.PC.CD,Current health expenditure per capita (current US$),MW,Malawi
MWI,2012,32.53762817,,,2,SH.XPD.CHEX.PC.CD,Current health expenditure per capita (current US$),MW,Malawi
MWI,2011,39.29234314,,,2,SH.XPD.CHEX.PC.CD,Current health expenditure per capita (current US$),MW,Malawi
MWI,2010,33.99194336,,,2,SH.XPD.CHEX.PC.CD,Current health expenditure per capita (current US$),MW,Malawi
MWI,2009,35.56456757,,,2,SH.XPD.CHEX.PC.CD,Current health expenditure per capita (current US$),MW,Malawi
MWI,2008,32.73482132,,,2,SH.XPD.CHEX.PC.CD,Current health expenditure per capita (current US$),MW,Malawi
MWI,2007,25.0216465,,,2,SH.XPD.CHEX.PC.CD,Current health expenditure per capita (current US$),MW,Malawi
MWI,2006,20.95070648,,,2,SH.XPD.CHEX.PC.CD,Current health expenditure per capita (current US$),MW,Malawi
MWI,2005,17.24028015,,,2,SH.XPD.CHEX.PC.CD,Current health expenditure per capita (current US$),MW,Malawi
MWI,2004,15.94395351,,,2,SH.XPD.CHEX.PC.CD,Current health expenditure per capita (current US$),MW,Malawi
MWI,2003,12.3155899,,,2,SH.XPD.CHEX.PC.CD,Current health expenditure per capita (current US$),MW,Malawi
MWI,2002,11.17413807,,,2,SH.XPD.CHEX.PC.CD,Current health expenditure per capita (current US$),MW,Malawi
MWI,2001,7.42542601,,,2,SH.XPD.CHEX.PC.CD,Current health expenditure per capita (current US$),MW,Malawi
MWI,2000,8.84964848,,,2,SH.XPD.CHEX.PC.CD,Current health expenditure per capita (current US$),MW,Malawi
MYS,2023,450.33853149,,,2,SH.XPD.CHEX.PC.CD,Current health expenditure per capita (current US$),MY,Malaysia
MYS,2022,458.21963501,,,2,SH.XPD.CHEX.PC.CD,Current health expenditure per capita (current US$),MY,Malaysia
MYS,2021,476.94366455,,,2,SH.XPD.CHEX.PC.CD,Current health expenditure per capita (current US$),MY,Malaysia
MYS,2020,406.52005005,,,2,SH.XPD.CHEX.PC.CD,Current health expenditure per capita (current US$),MY,Malaysia
MYS,2019,419.32568359,,,2,SH.XPD.CHEX.PC.CD,Current health expenditure per capita (current US$),MY,Malaysia
MYS,2018,409.84710693,,,2,SH.XPD.CHEX.PC.CD,Current health expenditure per capita (current US$),MY,Malaysia
MYS,2017,366.36639404,,,2,SH.XPD.CHEX.PC.CD,Current health expenditure per capita (current US$),MY,Malaysia
MYS,2016,350.71160889,,,2,SH.XPD.CHEX.PC.CD,Current health expenditure per capita (current US$),MY,Malaysia
MYS,2015,368.77331543,,,2,SH.XPD.CHEX.PC.CD,Current health expenditure per capita (current US$),MY,Malaysia
MYS,2014,414.4392395,,,2,SH.XPD.CHEX.PC.CD,Current health expenditure per capita (current US$),MY,Malaysia
MYS,2013,381.69210815,,,2,SH.XPD.CHEX.PC.CD,Current health expenditure per capita (current US$),MY,Malaysia
MYS,2012,371.76046753,,,2,SH.XPD.CHEX.PC.CD,Current health expenditure per capita (current US$),MY,Malaysia
MYS,2011,343.45877075,,,2,SH.XPD.CHEX.PC.CD,Current health expenditure per capita (current US$),MY,Malaysia
MYS,2010,285.64263916,,,2,SH.XPD.CHEX.PC.CD,Current health expenditure per capita (current US$),MY,Malaysia
MYS,2009,245.64353943,,,2,SH.XPD.CHEX.PC.CD,Current health expenditure per capita (current US$),MY,Malaysia
MYS,2008,263.67819214,,,2,SH.XPD.CHEX.PC.CD,Current health expenditure per capita (current US$),MY,Malaysia
MYS,2007,230.5599823,,,2,SH.XPD.CHEX.PC.CD,Current health expenditure per capita (current US$),MY,Malaysia
MYS,2006,200.54800415,,,2,SH.XPD.CHEX.PC.CD,Current health expenditure per capita (current US$),MY,Malaysia
MYS,2005,162.17677307,,,2,SH.XPD.CHEX.PC.CD,Current health expenditure per capita (current US$),MY,Malaysia
MYS,2004,153.86297607,,,2,SH.XPD.CHEX.PC.CD,Current health expenditure per capita (current US$),MY,Malaysia
MYS,2003,142.21202087,,,2,SH.XPD.CHEX.PC.CD,Current health expenditure per capita (current US$),MY,Malaysia
MYS,2002,121.61391449,,,2,SH.XPD.CHEX.PC.CD,Current health expenditure per capita (current US$),MY,Malaysia
MYS,2001,114.91710663,,,2,SH.XPD.CHEX.PC.CD,Current health expenditure per capita (current US$),MY,Malaysia
MYS,2000,111.8384552,,,2,SH.XPD.CHEX.PC.CD,Current health expenditure per capita (current US$),MY,Malaysia
MDV,2023,1159.02819824,,,2,SH.XPD.CHEX.PC.CD,Current health expenditure per capita (current US$),MV,Maldives
MDV,2022,883.91467285,,,2,SH.XPD.CHEX.PC.CD,Current health expenditure per capita (current US$),MV,Maldives
MDV,2021,901.09185791,,,2,SH.XPD.CHEX.PC.CD,Current health expenditure per capita (current US$),MV,Maldives
MDV,2020,845.82440186,,,2,SH.XPD.CHEX.PC.CD,Current health expenditure per capita (current US$),MV,Maldives
MDV,2019,880.79962158,,,2,SH.XPD.CHEX.PC.CD,Current health expenditure per capita (current US$),MV,Maldives
MDV,2018,833.21575928,,,2,SH.XPD.CHEX.PC.CD,Current health expenditure per capita (current US$),MV,Maldives
MDV,2017,961.57415771,,,2,SH.XPD.CHEX.PC.CD,Current health expenditure per capita (current US$),MV,Maldives
MDV,2016,1017.99908447,,,2,SH.XPD.CHEX.PC.CD,Current health expenditure per capita (current US$),MV,Maldives
MDV,2015,837.47290039,,,2,SH.XPD.CHEX.PC.CD,Current health expenditure per capita (current US$),MV,Maldives
MDV,2014,707.39245605,,,2,SH.XPD.CHEX.PC.CD,Current health expenditure per capita (current US$),MV,Maldives
MDV,2013,671.65325928,,,2,SH.XPD.CHEX.PC.CD,Current health expenditure per capita (current US$),MV,Maldives
MDV,2012,647.11553955,,,2,SH.XPD.CHEX.PC.CD,Current health expenditure per capita (current US$),MV,Maldives
MDV,2011,588.20758057,,,2,SH.XPD.CHEX.PC.CD,Current health expenditure per capita (current US$),MV,Maldives
MDV,2010,608.87176514,,,2,SH.XPD.CHEX.PC.CD,Current health expenditure per capita (current US$),MV,Maldives
MDV,2009,679.66296387,,,2,SH.XPD.CHEX.PC.CD,Current health expenditure per capita (current US$),MV,Maldives
MDV,2008,775.14593506,,,2,SH.XPD.CHEX.PC.CD,Current health expenditure per capita (current US$),MV,Maldives
MDV,2007,478.24349976,,,2,SH.XPD.CHEX.PC.CD,Current health expenditure per capita (current US$),MV,Maldives
MDV,2006,403.94284058,,,2,SH.XPD.CHEX.PC.CD,Current health expenditure per capita (current US$),MV,Maldives
MDV,2005,335.13778687,,,2,SH.XPD.CHEX.PC.CD,Current health expenditure per capita (current US$),MV,Maldives
MDV,2004,304.5932312,,,2,SH.XPD.CHEX.PC.CD,Current health expenditure per capita (current US$),MV,Maldives
MDV,2003,240.54026794,,,2,SH.XPD.CHEX.PC.CD,Current health expenditure per capita (current US$),MV,Maldives
MDV,2002,249.48114014,,,2,SH.XPD.CHEX.PC.CD,Current health expenditure per capita (current US$),MV,Maldives
MDV,2001,229.80044556,,,2,SH.XPD.CHEX.PC.CD,Current health expenditure per capita (current US$),MV,Maldives
MDV,2000,219.8586731,,,2,SH.XPD.CHEX.PC.CD,Current health expenditure per capita (current US$),MV,Maldives
MLI,2023,33.9802475,,,2,SH.XPD.CHEX.PC.CD,Current health expenditure per capita (current US$),ML,Mali
MLI,2022,31.0949192,,,2,SH.XPD.CHEX.PC.CD,Current health expenditure per capita (current US$),ML,Mali
MLI,2021,30.55883217,,,2,SH.XPD.CHEX.PC.CD,Current health expenditure per capita (current US$),ML,Mali
MLI,2020,28.20211601,,,2,SH.XPD.CHEX.PC.CD,Current health expenditure per capita (current US$),ML,Mali
MLI,2019,31.4089489,,,2,SH.XPD.CHEX.PC.CD,Current health expenditure per capita (current US$),ML,Mali
MLI,2018,31.16962242,,,2,SH.XPD.CHEX.PC.CD,Current health expenditure per capita (current US$),ML,Mali
MLI,2017,28.49467659,,,2,SH.XPD.CHEX.PC.CD,Current health expenditure per capita (current US$),ML,Mali
MLI,2016,27.58086205,,,2,SH.XPD.CHEX.PC.CD,Current health expenditure per capita (current US$),ML,Mali
MLI,2015,28.97842216,,,2,SH.XPD.CHEX.PC.CD,Current health expenditure per capita (current US$),ML,Mali
MLI,2014,35.7261734,,,2,SH.XPD.CHEX.PC.CD,Current health expenditure per capita (current US$),ML,Mali
MLI,2013,30.06661987,,,2,SH.XPD.CHEX.PC.CD,Current health expenditure per capita (current US$),ML,Mali
MLI,2012,27.53120613,,,2,SH.XPD.CHEX.PC.CD,Current health expenditure per capita (current US$),ML,Mali
MLI,2011,31.67968369,,,2,SH.XPD.CHEX.PC.CD,Current health expenditure per capita (current US$),ML,Mali
MLI,2010,31.36436844,,,2,SH.XPD.CHEX.PC.CD,Current health expenditure per capita (current US$),ML,Mali
MLI,2009,34.64731598,,,2,SH.XPD.CHEX.PC.CD,Current health expenditure per capita (current US$),ML,Mali
MLI,2008,33.21391678,,,2,SH.XPD.CHEX.PC.CD,Current health expenditure per capita (current US$),ML,Mali
MLI,2007,29.63545799,,,2,SH.XPD.CHEX.PC.CD,Current health expenditure per capita (current US$),ML,Mali
MLI,2006,26.93190002,,,2,SH.XPD.CHEX.PC.CD,Current health expenditure per capita (current US$),ML,Mali
MLI,2005,23.97353554,,,2,SH.XPD.CHEX.PC.CD,Current health expenditure per capita (current US$),ML,Mali
MLI,2004,21.72010231,,,2,SH.XPD.CHEX.PC.CD,Current health expenditure per capita (current US$),ML,Mali
MLI,2003,18.76944542,,,2,SH.XPD.CHEX.PC.CD,Current health expenditure per capita (current US$),ML,Mali
MLI,2002,15.89499378,,,2,SH.XPD.CHEX.PC.CD,Current health expenditure per capita (current US$),ML,Mali
MLI,2001,13.15901566,,,2,SH.XPD.CHEX.PC.CD,Current health expenditure per capita (current US$),ML,Mali
MLI,2000,14.00473022,,,2,SH.XPD.CHEX.PC.CD,Current health expenditure per capita (current US$),ML,Mali
MLT,2023,3623.4609375,,,2,SH.XPD.CHEX.PC.CD,Current health expenditure per capita (current US$),MT,Malta
MLT,2022,3362.42382813,,,2,SH.XPD.CHEX.PC.CD,Current health expenditure per capita (current US$),MT,Malta
MLT,2021,3641.03833008,,,2,SH.XPD.CHEX.PC.CD,Current health expenditure per capita (current US$),MT,Malta
MLT,2020,3140.77026367,,,2,SH.XPD.CHEX.PC.CD,Current health expenditure per capita (current US$),MT,Malta
MLT,2019,2947.24023438,,,2,SH.XPD.CHEX.PC.CD,Current health expenditure per capita (current US$),MT,Malta
MLT,2018,2759.91186523,,,2,SH.XPD.CHEX.PC.CD,Current health expenditure per capita (current US$),MT,Malta
MLT,2017,2562.88574219,,,2,SH.XPD.CHEX.PC.CD,Current health expenditure per capita (current US$),MT,Malta
MLT,2016,2326.67016602,,,2,SH.XPD.CHEX.PC.CD,Current health expenditure per capita (current US$),MT,Malta
MLT,2015,2249.00463867,,,2,SH.XPD.CHEX.PC.CD,Current health expenditure per capita (current US$),MT,Malta
MLT,2014,2466.89111328,,,2,SH.XPD.CHEX.PC.CD,Current health expenditure per capita (current US$),MT,Malta
MLT,2013,2127.0612793,,,2,SH.XPD.CHEX.PC.CD,Current health expenditure per capita (current US$),MT,Malta
MLT,2012,1898.50866699,,,2,SH.XPD.CHEX.PC.CD,Current health expenditure per capita (current US$),MT,Malta
MLT,2011,1962.20556641,,,2,SH.XPD.CHEX.PC.CD,Current health expenditure per capita (current US$),MT,Malta
MLT,2010,1735.48693848,,,2,SH.XPD.CHEX.PC.CD,Current health expenditure per capita (current US$),MT,Malta
MLT,2009,1683.5435791,,,2,SH.XPD.CHEX.PC.CD,Current health expenditure per capita (current US$),MT,Malta
MLT,2008,1759.8626709,,,2,SH.XPD.CHEX.PC.CD,Current health expenditure per capita (current US$),MT,Malta
MLT,2007,1606.22094727,,,2,SH.XPD.CHEX.PC.CD,Current health expenditure per capita (current US$),MT,Malta
MLT,2006,1480.1126709,,,2,SH.XPD.CHEX.PC.CD,Current health expenditure per capita (current US$),MT,Malta
MLT,2005,1378.2388916,,,2,SH.XPD.CHEX.PC.CD,Current health expenditure per capita (current US$),MT,Malta
MLT,2004,1227.28881836,,,2,SH.XPD.CHEX.PC.CD,Current health expenditure per capita (current US$),MT,Malta
MLT,2003,1082.75085449,,,2,SH.XPD.CHEX.PC.CD,Current health expenditure per capita (current US$),MT,Malta
MLT,2002,830.64630127,,,2,SH.XPD.CHEX.PC.CD,Current health expenditure per capita (current US$),MT,Malta
MLT,2001,685.98400879,,,2,SH.XPD.CHEX.PC.CD,Current health expenditure per capita (current US$),MT,Malta
MLT,2000,647.10150146,,,2,SH.XPD.CHEX.PC.CD,Current health expenditure per capita (current US$),MT,Malta
MHL,2023,894.21533203,,,2,SH.XPD.CHEX.PC.CD,Current health expenditure per capita (current US$),MH,Marshall Islands
MHL,2022,859.050354,,,2,SH.XPD.CHEX.PC.CD,Current health expenditure per capita (current US$),MH,Marshall Islands
MHL,2021,782.16351318,,,2,SH.XPD.CHEX.PC.CD,Current health expenditure per capita (current US$),MH,Marshall Islands
MHL,2020,687.02435303,,,2,SH.XPD.CHEX.PC.CD,Current health expenditure per capita (current US$),MH,Marshall Islands
MHL,2019,793.66851807,,,2,SH.XPD.CHEX.PC.CD,Current health expenditure per capita (current US$),MH,Marshall Islands
MHL,2018,702.8359375,,,2,SH.XPD.CHEX.PC.CD,Current health expenditure per capita (current US$),MH,Marshall Islands
MHL,2017,553.06298828,,,2,SH.XPD.CHEX.PC.CD,Current health expenditure per capita (current US$),MH,Marshall Islands
MHL,2016,619.35668945,,,2,SH.XPD.CHEX.PC.CD,Current health expenditure per capita (current US$),MH,Marshall Islands
MHL,2015,557.35211182,,,2,SH.XPD.CHEX.PC.CD,Current health expenditure per capita (current US$),MH,Marshall Islands
MHL,2014,449.90563965,,,2,SH.XPD.CHEX.PC.CD,Current health expenditure per capita (current US$),MH,Marshall Islands
MHL,2013,445.42425537,,,2,SH.XPD.CHEX.PC.CD,Current health expenditure per capita (current US$),MH,Marshall Islands
MHL,2012,410.4979248,,,2,SH.XPD.CHEX.PC.CD,Current health expenditure per capita (current US$),MH,Marshall Islands
MHL,2011,376.39205933,,,2,SH.XPD.CHEX.PC.CD,Current health expenditure per capita (current US$),MH,Marshall Islands
MHL,2010,548.59899902,,,2,SH.XPD.CHEX.PC.CD,Current health expenditure per capita (current US$),MH,Marshall Islands
MHL,2009,543.67626953,,,2,SH.XPD.CHEX.PC.CD,Current health expenditure per capita (current US$),MH,Marshall Islands
MHL,2008,536.23034668,,,2,SH.XPD.CHEX.PC.CD,Current health expenditure per capita (current US$),MH,Marshall Islands
MHL,2007,485.01657104,,,2,SH.XPD.CHEX.PC.CD,Current health expenditure per capita (current US$),MH,Marshall Islands
MHL,2006,613.29852295,,,2,SH.XPD.CHEX.PC.CD,Current health expenditure per capita (current US$),MH,Marshall Islands
MHL,2005,490.59927368,,,2,SH.XPD.CHEX.PC.CD,Current health expenditure per capita (current US$),MH,Marshall Islands
MHL,2004,363.40332031,,,2,SH.XPD.CHEX.PC.CD,Current health expenditure per capita (current US$),MH,Marshall Islands
MHL,2003,338.22610474,,,2,SH.XPD.CHEX.PC.CD,Current health expenditure per capita (current US$),MH,Marshall Islands
MHL,2002,309.72741699,,,2,SH.XPD.CHEX.PC.CD,Current health expenditure per capita (current US$),MH,Marshall Islands
MHL,2001,269.22146606,,,2,SH.XPD.CHEX.PC.CD,Current health expenditure per capita (current US$),MH,Marshall Islands
MHL,2000,306.73342896,,,2,SH.XPD.CHEX.PC.CD,Current health expenditure per capita (current US$),MH,Marshall Islands
MRT,2023,92.11444092,,,2,SH.XPD.CHEX.PC.CD,Current health expenditure per capita (current US$),MR,Mauritania
MRT,2022,91.54125977,,,2,SH.XPD.CHEX.PC.CD,Current health expenditure per capita (current US$),MR,Mauritania
MRT,2021,73.6309433,,,2,SH.XPD.CHEX.PC.CD,Current health expenditure per capita (current US$),MR,Mauritania
MRT,2020,53.89974594,,,2,SH.XPD.CHEX.PC.CD,Current health expenditure per capita (current US$),MR,Mauritania
MRT,2019,54.63365555,,,2,SH.XPD.CHEX.PC.CD,Current health expenditure per capita (current US$),MR,Mauritania
MRT,2018,49.68307495,,,2,SH.XPD.CHEX.PC.CD,Current health expenditure per capita (current US$),MR,Mauritania
MRT,2017,55.22446442,,,2,SH.XPD.CHEX.PC.CD,Current health expenditure per capita (current US$),MR,Mauritania
MRT,2016,49.90084076,,,2,SH.XPD.CHEX.PC.CD,Current health expenditure per capita (current US$),MR,Mauritania
MRT,2015,57.1233139,,,2,SH.XPD.CHEX.PC.CD,Current health expenditure per capita (current US$),MR,Mauritania
MRT,2014,59.39431381,,,2,SH.XPD.CHEX.PC.CD,Current health expenditure per capita (current US$),MR,Mauritania
MRT,2013,55.47412872,,,2,SH.XPD.CHEX.PC.CD,Current health expenditure per capita (current US$),MR,Mauritania
MRT,2012,49.2515831,,,2,SH.XPD.CHEX.PC.CD,Current health expenditure per capita (current US$),MR,Mauritania
MRT,2011,47.77469254,,,2,SH.XPD.CHEX.PC.CD,Current health expenditure per capita (current US$),MR,Mauritania
MRT,2010,43.759655,,,2,SH.XPD.CHEX.PC.CD,Current health expenditure per capita (current US$),MR,Mauritania
MRT,2009,44.64679718,,,2,SH.XPD.CHEX.PC.CD,Current health expenditure per capita (current US$),MR,Mauritania
MRT,2008,49.2858696,,,2,SH.XPD.CHEX.PC.CD,Current health expenditure per capita (current US$),MR,Mauritania
MRT,2007,40.41820145,,,2,SH.XPD.CHEX.PC.CD,Current health expenditure per capita (current US$),MR,Mauritania
MRT,2006,35.14922333,,,2,SH.XPD.CHEX.PC.CD,Current health expenditure per capita (current US$),MR,Mauritania
MRT,2005,34.00539017,,,2,SH.XPD.CHEX.PC.CD,Current health expenditure per capita (current US$),MR,Mauritania
MRT,2004,31.47280884,,,2,SH.XPD.CHEX.PC.CD,Current health expenditure per capita (current US$),MR,Mauritania
MRT,2003,29.51877594,,,2,SH.XPD.CHEX.PC.CD,Current health expenditure per capita (current US$),MR,Mauritania
MRT,2002,25.96999741,,,2,SH.XPD.CHEX.PC.CD,Current health expenditure per capita (current US$),MR,Mauritania
MRT,2001,23.28163338,,,2,SH.XPD.CHEX.PC.CD,Current health expenditure per capita (current US$),MR,Mauritania
MRT,2000,23.00290108,,,2,SH.XPD.CHEX.PC.CD,Current health expenditure per capita (current US$),MR,Mauritania
MUS,2023,616.20739746,,,2,SH.XPD.CHEX.PC.CD,Current health expenditure per capita (current US$),MU,Mauritius
MUS,2022,590.91522217,,,2,SH.XPD.CHEX.PC.CD,Current health expenditure per capita (current US$),MU,Mauritius
MUS,2021,593.77947998,,,2,SH.XPD.CHEX.PC.CD,Current health expenditure per capita (current US$),MU,Mauritius
MUS,2020,541.95184326,,,2,SH.XPD.CHEX.PC.CD,Current health expenditure per capita (current US$),MU,Mauritius
MUS,2019,639.18286133,,,2,SH.XPD.CHEX.PC.CD,Current health expenditure per capita (current US$),MU,Mauritius
MUS,2018,640.62182617,,,2,SH.XPD.CHEX.PC.CD,Current health expenditure per capita (current US$),MU,Mauritius
MUS,2017,594.86120605,,,2,SH.XPD.CHEX.PC.CD,Current health expenditure per capita (current US$),MU,Mauritius
MUS,2016,540.39239502,,,2,SH.XPD.CHEX.PC.CD,Current health expenditure per capita (current US$),MU,Mauritius
MUS,2015,515.72247314,,,2,SH.XPD.CHEX.PC.CD,Current health expenditure per capita (current US$),MU,Mauritius
MUS,2014,544.44122314,,,2,SH.XPD.CHEX.PC.CD,Current health expenditure per capita (current US$),MU,Mauritius
MUS,2013,440.00280762,,,2,SH.XPD.CHEX.PC.CD,Current health expenditure per capita (current US$),MU,Mauritius
MUS,2012,387.1026001,,,2,SH.XPD.CHEX.PC.CD,Current health expenditure per capita (current US$),MU,Mauritius
MUS,2011,385.76248169,,,2,SH.XPD.CHEX.PC.CD,Current health expenditure per capita (current US$),MU,Mauritius
MUS,2010,357.17382813,,,2,SH.XPD.CHEX.PC.CD,Current health expenditure per capita (current US$),MU,Mauritius
MUS,2009,301.67260742,,,2,SH.XPD.CHEX.PC.CD,Current health expenditure per capita (current US$),MU,Mauritius
MUS,2008,312.88540649,,,2,SH.XPD.CHEX.PC.CD,Current health expenditure per capita (current US$),MU,Mauritius
MUS,2007,229.2313385,,,2,SH.XPD.CHEX.PC.CD,Current health expenditure per capita (current US$),MU,Mauritius
MUS,2006,203.24180603,,,2,SH.XPD.CHEX.PC.CD,Current health expenditure per capita (current US$),MU,Mauritius
MUS,2005,192.13858032,,,2,SH.XPD.CHEX.PC.CD,Current health expenditure per capita (current US$),MU,Mauritius
MUS,2004,184.74328613,,,2,SH.XPD.CHEX.PC.CD,Current health expenditure per capita (current US$),MU,Mauritius
MUS,2003,157.68417358,,,2,SH.XPD.CHEX.PC.CD,Current health expenditure per capita (current US$),MU,Mauritius
MUS,2002,132.38633728,,,2,SH.XPD.CHEX.PC.CD,Current health expenditure per capita (current US$),MU,Mauritius
MUS,2001,116.36106873,,,2,SH.XPD.CHEX.PC.CD,Current health expenditure per capita (current US$),MU,Mauritius
MUS,2000,115.89820862,,,2,SH.XPD.CHEX.PC.CD,Current health expenditure per capita (current US$),MU,Mauritius
MEX,2023,760.98840332,,,2,SH.XPD.CHEX.PC.CD,Current health expenditure per capita (current US$),MX,Mexico
MEX,2022,650.97070313,,,2,SH.XPD.CHEX.PC.CD,Current health expenditure per capita (current US$),MX,Mexico
MEX,2021,606.13415527,,,2,SH.XPD.CHEX.PC.CD,Current health expenditure per capita (current US$),MX,Mexico
MEX,2020,535.11669922,,,2,SH.XPD.CHEX.PC.CD,Current health expenditure per capita (current US$),MX,Mexico
MEX,2019,549.72601318,,,2,SH.XPD.CHEX.PC.CD,Current health expenditure per capita (current US$),MX,Mexico
MEX,2018,528.26306152,,,2,SH.XPD.CHEX.PC.CD,Current health expenditure per capita (current US$),MX,Mexico
MEX,2017,512.54974365,,,2,SH.XPD.CHEX.PC.CD,Current health expenditure per capita (current US$),MX,Mexico
MEX,2016,489.92230225,,,2,SH.XPD.CHEX.PC.CD,Current health expenditure per capita (current US$),MX,Mexico
MEX,2015,553.91259766,,,2,SH.XPD.CHEX.PC.CD,Current health expenditure per capita (current US$),MX,Mexico
MEX,2014,609.82232666,,,2,SH.XPD.CHEX.PC.CD,Current health expenditure per capita (current US$),MX,Mexico
MEX,2013,625.59765625,,,2,SH.XPD.CHEX.PC.CD,Current health expenditure per capita (current US$),MX,Mexico
MEX,2012,582.48297119,,,2,SH.XPD.CHEX.PC.CD,Current health expenditure per capita (current US$),MX,Mexico
MEX,2011,565.31738281,,,2,SH.XPD.CHEX.PC.CD,Current health expenditure per capita (current US$),MX,Mexico
MEX,2010,534.08520508,,,2,SH.XPD.CHEX.PC.CD,Current health expenditure per capita (current US$),MX,Mexico
MEX,2009,492.59887695,,,2,SH.XPD.CHEX.PC.CD,Current health expenditure per capita (current US$),MX,Mexico
MEX,2008,573.11114502,,,2,SH.XPD.CHEX.PC.CD,Current health expenditure per capita (current US$),MX,Mexico
MEX,2007,558.06530762,,,2,SH.XPD.CHEX.PC.CD,Current health expenditure per capita (current US$),MX,Mexico
MEX,2006,514.29864502,,,2,SH.XPD.CHEX.PC.CD,Current health expenditure per capita (current US$),MX,Mexico
MEX,2005,483.97970581,,,2,SH.XPD.CHEX.PC.CD,Current health expenditure per capita (current US$),MX,Mexico
MEX,2004,446.13604736,,,2,SH.XPD.CHEX.PC.CD,Current health expenditure per capita (current US$),MX,Mexico
MEX,2003,411.83197021,,,2,SH.XPD.CHEX.PC.CD,Current health expenditure per capita (current US$),MX,Mexico
MEX,2002,385.61471558,,,2,SH.XPD.CHEX.PC.CD,Current health expenditure per capita (current US$),MX,Mexico
MEX,2001,364.39672852,,,2,SH.XPD.CHEX.PC.CD,Current health expenditure per capita (current US$),MX,Mexico
MEX,2000,319.34719849,,,2,SH.XPD.CHEX.PC.CD,Current health expenditure per capita (current US$),MX,Mexico
FSM,2023,507.7762146,,,2,SH.XPD.CHEX.PC.CD,Current health expenditure per capita (current US$),FM,"Micronesia, Fed. Sts."
FSM,2022,468.53509521,,,2,SH.XPD.CHEX.PC.CD,Current health expenditure per capita (current US$),FM,"Micronesia, Fed. Sts."
FSM,2021,399.43988037,,,2,SH.XPD.CHEX.PC.CD,Current health expenditure per capita (current US$),FM,"Micronesia, Fed. Sts."
FSM,2020,403.03540039,,,2,SH.XPD.CHEX.PC.CD,Current health expenditure per capita (current US$),FM,"Micronesia, Fed. Sts."
FSM,2019,425.28103638,,,2,SH.XPD.CHEX.PC.CD,Current health expenditure per capita (current US$),FM,"Micronesia, Fed. Sts."
FSM,2018,428.00738525,,,2,SH.XPD.CHEX.PC.CD,Current health expenditure per capita (current US$),FM,"Micronesia, Fed. Sts."
FSM,2017,409.11758423,,,2,SH.XPD.CHEX.PC.CD,Current health expenditure per capita (current US$),FM,"Micronesia, Fed. Sts."
FSM,2016,399.77108765,,,2,SH.XPD.CHEX.PC.CD,Current health expenditure per capita (current US$),FM,"Micronesia, Fed. Sts."
FSM,2015,362.27624512,,,2,SH.XPD.CHEX.PC.CD,Current health expenditure per capita (current US$),FM,"Micronesia, Fed. Sts."
FSM,2014,345.01589966,,,2,SH.XPD.CHEX.PC.CD,Current health expenditure per capita (current US$),FM,"Micronesia, Fed. Sts."
FSM,2013,354.82269287,,,2,SH.XPD.CHEX.PC.CD,Current health expenditure per capita (current US$),FM,"Micronesia, Fed. Sts."
FSM,2012,372.10220337,,,2,SH.XPD.CHEX.PC.CD,Current health expenditure per capita (current US$),FM,"Micronesia, Fed. Sts."
FSM,2011,378.15283203,,,2,SH.XPD.CHEX.PC.CD,Current health expenditure per capita (current US$),FM,"Micronesia, Fed. Sts."
FSM,2010,361.96511841,,,2,SH.XPD.CHEX.PC.CD,Current health expenditure per capita (current US$),FM,"Micronesia, Fed. Sts."
FSM,2009,325.56570435,,,2,SH.XPD.CHEX.PC.CD,Current health expenditure per capita (current US$),FM,"Micronesia, Fed. Sts."
FSM,2008,289.50195313,,,2,SH.XPD.CHEX.PC.CD,Current health expenditure per capita (current US$),FM,"Micronesia, Fed. Sts."
FSM,2007,258.64785767,,,2,SH.XPD.CHEX.PC.CD,Current health expenditure per capita (current US$),FM,"Micronesia, Fed. Sts."
FSM,2006,245.42320251,,,2,SH.XPD.CHEX.PC.CD,Current health expenditure per capita (current US$),FM,"Micronesia, Fed. Sts."
FSM,2005,397.91644287,,,2,SH.XPD.CHEX.PC.CD,Current health expenditure per capita (current US$),FM,"Micronesia, Fed. Sts."
FSM,2004,257.98867798,,,2,SH.XPD.CHEX.PC.CD,Current health expenditure per capita (current US$),FM,"Micronesia, Fed. Sts."
FSM,2003,208.84524536,,,2,SH.XPD.CHEX.PC.CD,Current health expenditure per capita (current US$),FM,"Micronesia, Fed. Sts."
FSM,2002,169.95617676,,,2,SH.XPD.CHEX.PC.CD,Current health expenditure per capita (current US$),FM,"Micronesia, Fed. Sts."
FSM,2001,181.29023743,,,2,SH.XPD.CHEX.PC.CD,Current health expenditure per capita (current US$),FM,"Micronesia, Fed. Sts."
FSM,2000,161.47862244,,,2,SH.XPD.CHEX.PC.CD,Current health expenditure per capita (current US$),FM,"Micronesia, Fed. Sts."
MDA,2023,451.73007202,,,2,SH.XPD.CHEX.PC.CD,Current health expenditure per capita (current US$),MD,Moldova
MDA,2022,394.42373657,,,2,SH.XPD.CHEX.PC.CD,Current health expenditure per capita (current US$),MD,Moldova
MDA,2021,403.87823486,,,2,SH.XPD.CHEX.PC.CD,Current health expenditure per capita (current US$),MD,Moldova
MDA,2020,305.48913574,,,2,SH.XPD.CHEX.PC.CD,Current health expenditure per capita (current US$),MD,Moldova
MDA,2019,283.98425293,,,2,SH.XPD.CHEX.PC.CD,Current health expenditure per capita (current US$),MD,Moldova
MDA,2018,276.4697876,,,2,SH.XPD.CHEX.PC.CD,Current health expenditure per capita (current US$),MD,Moldova
MDA,2017,243.94540405,,,2,SH.XPD.CHEX.PC.CD,Current health expenditure per capita (current US$),MD,Moldova
MDA,2016,171.18476868,,,2,SH.XPD.CHEX.PC.CD,Current health expenditure per capita (current US$),MD,Moldova
MDA,2015,186.43643188,,,2,SH.XPD.CHEX.PC.CD,Current health expenditure per capita (current US$),MD,Moldova
MDA,2014,230.76982117,,,2,SH.XPD.CHEX.PC.CD,Current health expenditure per capita (current US$),MD,Moldova
MDA,2013,231.66229248,,,2,SH.XPD.CHEX.PC.CD,Current health expenditure per capita (current US$),MD,Moldova
MDA,2012,223.61895752,,,2,SH.XPD.CHEX.PC.CD,Current health expenditure per capita (current US$),MD,Moldova
MDA,2011,214.98246765,,,2,SH.XPD.CHEX.PC.CD,Current health expenditure per capita (current US$),MD,Moldova
MDA,2010,198.28894043,,,2,SH.XPD.CHEX.PC.CD,Current health expenditure per capita (current US$),MD,Moldova
MDA,2009,208.53004456,,,2,SH.XPD.CHEX.PC.CD,Current health expenditure per capita (current US$),MD,Moldova
MDA,2008,185.56115723,,,2,SH.XPD.CHEX.PC.CD,Current health expenditure per capita (current US$),MD,Moldova
MDA,2007,135.44366455,,,2,SH.XPD.CHEX.PC.CD,Current health expenditure per capita (current US$),MD,Moldova
MDA,2006,100.10816193,,,2,SH.XPD.CHEX.PC.CD,Current health expenditure per capita (current US$),MD,Moldova
MDA,2005,79.33213043,,,2,SH.XPD.CHEX.PC.CD,Current health expenditure per capita (current US$),MD,Moldova
MDA,2004,64.60713959,,,2,SH.XPD.CHEX.PC.CD,Current health expenditure per capita (current US$),MD,Moldova
MDA,2003,38.43836975,,,2,SH.XPD.CHEX.PC.CD,Current health expenditure per capita (current US$),MD,Moldova
MDA,2002,33.9242363,,,2,SH.XPD.CHEX.PC.CD,Current health expenditure per capita (current US$),MD,Moldova
MDA,2001,25.3985939,,,2,SH.XPD.CHEX.PC.CD,Current health expenditure per capita (current US$),MD,Moldova
MDA,2000,21.37988663,,,2,SH.XPD.CHEX.PC.CD,Current health expenditure per capita (current US$),MD,Moldova
MCO,2023,8004.16845703,,,2,SH.XPD.CHEX.PC.CD,Current health expenditure per capita (current US$),MC,Monaco
MCO,2022,7674.09814453,,,2,SH.XPD.CHEX.PC.CD,Current health expenditure per capita (current US$),MC,Monaco
MCO,2021,8225.38769531,,,2,SH.XPD.CHEX.PC.CD,Current health expenditure per capita (current US$),MC,Monaco
MCO,2020,7582.41552734,,,2,SH.XPD.CHEX.PC.CD,Current health expenditure per capita (current US$),MC,Monaco
MCO,2019,7517.25341797,,,2,SH.XPD.CHEX.PC.CD,Current health expenditure per capita (current US$),MC,Monaco
MCO,2018,7621.97021484,,,2,SH.XPD.CHEX.PC.CD,Current health expenditure per capita (current US$),MC,Monaco
MCO,2017,7101.640625,,,2,SH.XPD.CHEX.PC.CD,Current health expenditure per capita (current US$),MC,Monaco
MCO,2016,7157.92578125,,,2,SH.XPD.CHEX.PC.CD,Current health expenditure per capita (current US$),MC,Monaco
MCO,2015,7354.13183594,,,2,SH.XPD.CHEX.PC.CD,Current health expenditure per capita (current US$),MC,Monaco
MCO,2014,8691.6953125,,,2,SH.XPD.CHEX.PC.CD,Current health expenditure per capita (current US$),MC,Monaco
MCO,2013,8459.11328125,,,2,SH.XPD.CHEX.PC.CD,Current health expenditure per capita (current US$),MC,Monaco
MCO,2012,7869.89453125,,,2,SH.XPD.CHEX.PC.CD,Current health expenditure per capita (current US$),MC,Monaco
MCO,2011,8314.45996094,,,2,SH.XPD.CHEX.PC.CD,Current health expenditure per capita (current US$),MC,Monaco
MCO,2010,8025.15917969,,,2,SH.XPD.CHEX.PC.CD,Current health expenditure per capita (current US$),MC,Monaco
MCO,2009,8190.71191406,,,2,SH.XPD.CHEX.PC.CD,Current health expenditure per capita (current US$),MC,Monaco
MCO,2008,8342.875,,,2,SH.XPD.CHEX.PC.CD,Current health expenditure per capita (current US$),MC,Monaco
MCO,2007,7035.9453125,,,2,SH.XPD.CHEX.PC.CD,Current health expenditure per capita (current US$),MC,Monaco
MCO,2006,6146.87744141,,,2,SH.XPD.CHEX.PC.CD,Current health expenditure per capita (current US$),MC,Monaco
MCO,2005,5878.00683594,,,2,SH.XPD.CHEX.PC.CD,Current health expenditure per capita (current US$),MC,Monaco
MCO,2004,5681.51171875,,,2,SH.XPD.CHEX.PC.CD,Current health expenditure per capita (current US$),MC,Monaco
MCO,2003,4833.08740234,,,2,SH.XPD.CHEX.PC.CD,Current health expenditure per capita (current US$),MC,Monaco
MCO,2002,3375.89013672,,,2,SH.XPD.CHEX.PC.CD,Current health expenditure per capita (current US$),MC,Monaco
MCO,2001,3050.57739258,,,2,SH.XPD.CHEX.PC.CD,Current health expenditure per capita (current US$),MC,Monaco
MCO,2000,2975.82250977,,,2,SH.XPD.CHEX.PC.CD,Current health expenditure per capita (current US$),MC,Monaco
MNG,2023,359.60980225,,,2,SH.XPD.CHEX.PC.CD,Current health expenditure per capita (current US$),MN,Mongolia
MNG,2022,448.24212646,,,2,SH.XPD.CHEX.PC.CD,Current health expenditure per capita (current US$),MN,Mongolia
MNG,2021,330.03753662,,,2,SH.XPD.CHEX.PC.CD,Current health expenditure per capita (current US$),MN,Mongolia
MNG,2020,188.77464294,,,2,SH.XPD.CHEX.PC.CD,Current health expenditure per capita (current US$),MN,Mongolia
MNG,2019,197.57131958,,,2,SH.XPD.CHEX.PC.CD,Current health expenditure per capita (current US$),MN,Mongolia
MNG,2018,188.64115906,,,2,SH.XPD.CHEX.PC.CD,Current health expenditure per capita (current US$),MN,Mongolia
MNG,2017,160.4889679,,,2,SH.XPD.CHEX.PC.CD,Current health expenditure per capita (current US$),MN,Mongolia
MNG,2016,168.41404724,,,2,SH.XPD.CHEX.PC.CD,Current health expenditure per capita (current US$),MN,Mongolia
MNG,2015,165.19296265,,,2,SH.XPD.CHEX.PC.CD,Current health expenditure per capita (current US$),MN,Mongolia
MNG,2014,176.69651794,,,2,SH.XPD.CHEX.PC.CD,Current health expenditure per capita (current US$),MN,Mongolia
MNG,2013,180.41543579,,,2,SH.XPD.CHEX.PC.CD,Current health expenditure per capita (current US$),MN,Mongolia
MNG,2012,169.6519928,,,2,SH.XPD.CHEX.PC.CD,Current health expenditure per capita (current US$),MN,Mongolia
MNG,2011,135.98664856,,,2,SH.XPD.CHEX.PC.CD,Current health expenditure per capita (current US$),MN,Mongolia
MNG,2010,99.50933838,,,2,SH.XPD.CHEX.PC.CD,Current health expenditure per capita (current US$),MN,Mongolia
MNG,2009,76.7000351,,,2,SH.XPD.CHEX.PC.CD,Current health expenditure per capita (current US$),MN,Mongolia
MNG,2008,97.26833344,,,2,SH.XPD.CHEX.PC.CD,Current health expenditure per capita (current US$),MN,Mongolia
MNG,2007,66.17643738,,,2,SH.XPD.CHEX.PC.CD,Current health expenditure per capita (current US$),MN,Mongolia
MNG,2006,49.52784348,,,2,SH.XPD.CHEX.PC.CD,Current health expenditure per capita (current US$),MN,Mongolia
MNG,2005,38.04277039,,,2,SH.XPD.CHEX.PC.CD,Current health expenditure per capita (current US$),MN,Mongolia
MNG,2004,33.7024498,,,2,SH.XPD.CHEX.PC.CD,Current health expenditure per capita (current US$),MN,Mongolia
MNG,2003,27.18718147,,,2,SH.XPD.CHEX.PC.CD,Current health expenditure per capita (current US$),MN,Mongolia
MNG,2002,30.67812347,,,2,SH.XPD.CHEX.PC.CD,Current health expenditure per capita (current US$),MN,Mongolia
MNG,2001,27.85225105,,,2,SH.XPD.CHEX.PC.CD,Current health expenditure per capita (current US$),MN,Mongolia
MNG,2000,28.13583946,,,2,SH.XPD.CHEX.PC.CD,Current health expenditure per capita (current US$),MN,Mongolia
MNE,2023,1147.69787598,,,2,SH.XPD.CHEX.PC.CD,Current health expenditure per capita (current US$),ME,Montenegro
MNE,2022,1032.91149902,,,2,SH.XPD.CHEX.PC.CD,Current health expenditure per capita (current US$),ME,Montenegro
MNE,2021,1024.2565918,,,2,SH.XPD.CHEX.PC.CD,Current health expenditure per capita (current US$),ME,Montenegro
MNE,2020,896.24884033,,,2,SH.XPD.CHEX.PC.CD,Current health expenditure per capita (current US$),ME,Montenegro
MNE,2019,754.77441406,,,2,SH.XPD.CHEX.PC.CD,Current health expenditure per capita (current US$),ME,Montenegro
MNE,2018,745.7520752,,,2,SH.XPD.CHEX.PC.CD,Current health expenditure per capita (current US$),ME,Montenegro
MNE,2017,623.68841553,,,2,SH.XPD.CHEX.PC.CD,Current health expenditure per capita (current US$),ME,Montenegro
MNE,2016,604.88665771,,,2,SH.XPD.CHEX.PC.CD,Current health expenditure per capita (current US$),ME,Montenegro
MNE,2015,582.18743896,,,2,SH.XPD.CHEX.PC.CD,Current health expenditure per capita (current US$),ME,Montenegro
MNE,2014,581.40106201,,,2,SH.XPD.CHEX.PC.CD,Current health expenditure per capita (current US$),ME,Montenegro
MNE,2013,597.17596436,,,2,SH.XPD.CHEX.PC.CD,Current health expenditure per capita (current US$),ME,Montenegro
MNE,2012,535.16223145,,,2,SH.XPD.CHEX.PC.CD,Current health expenditure per capita (current US$),ME,Montenegro
MNE,2011,571.65600586,,,2,SH.XPD.CHEX.PC.CD,Current health expenditure per capita (current US$),ME,Montenegro
MNE,2010,,,,2,SH.XPD.CHEX.PC.CD,Current health expenditure per capita (current US$),ME,Montenegro
MNE,2009,,,,2,SH.XPD.CHEX.PC.CD,Current health expenditure per capita (current US$),ME,Montenegro
MNE,2008,,,,2,SH.XPD.CHEX.PC.CD,Current health expenditure per capita (current US$),ME,Montenegro
MNE,2007,,,,2,SH.XPD.CHEX.PC.CD,Current health expenditure per capita (current US$),ME,Montenegro
MNE,2006,,,,2,SH.XPD.CHEX.PC.CD,Current health expenditure per capita (current US$),ME,Montenegro
MNE,2005,,,,2,SH.XPD.CHEX.PC.CD,Current health expenditure per capita (current US$),ME,Montenegro
MNE,2004,,,,2,SH.XPD.CHEX.PC.CD,Current health expenditure per capita (current US$),ME,Montenegro
MNE,2003,,,,2,SH.XPD.CHEX.PC.CD,Current health expenditure per capita (current US$),ME,Montenegro
MNE,2002,,,,2,SH.XPD.CHEX.PC.CD,Current health expenditure per capita (current US$),ME,Montenegro
MNE,2001,,,,2,SH.XPD.CHEX.PC.CD,Current health expenditure per capita (current US$),ME,Montenegro
MNE,2000,,,,2,SH.XPD.CHEX.PC.CD,Current health expenditure per capita (current US$),ME,Montenegro
MAR,2023,232.24751282,,,2,SH.XPD.CHEX.PC.CD,Current health expenditure per capita (current US$),MA,Morocco
MAR,2022,201.81098938,,,2,SH.XPD.CHEX.PC.CD,Current health expenditure per capita (current US$),MA,Morocco
MAR,2021,209.57344055,,,2,SH.XPD.CHEX.PC.CD,Current health expenditure per capita (current US$),MA,Morocco
MAR,2020,192.04043579,,,2,SH.XPD.CHEX.PC.CD,Current health expenditure per capita (current US$),MA,Morocco
MAR,2019,178.73939514,,,2,SH.XPD.CHEX.PC.CD,Current health expenditure per capita (current US$),MA,Morocco
MAR,2018,175.70518494,,,2,SH.XPD.CHEX.PC.CD,Current health expenditure per capita (current US$),MA,Morocco
MAR,2017,166.8500061,,,2,SH.XPD.CHEX.PC.CD,Current health expenditure per capita (current US$),MA,Morocco
MAR,2016,162.21507263,,,2,SH.XPD.CHEX.PC.CD,Current health expenditure per capita (current US$),MA,Morocco
MAR,2015,162.85198975,,,2,SH.XPD.CHEX.PC.CD,Current health expenditure per capita (current US$),MA,Morocco
MAR,2014,188.6415863,,,2,SH.XPD.CHEX.PC.CD,Current health expenditure per capita (current US$),MA,Morocco
MAR,2013,179.81974792,,,2,SH.XPD.CHEX.PC.CD,Current health expenditure per capita (current US$),MA,Morocco
MAR,2012,172.04353333,,,2,SH.XPD.CHEX.PC.CD,Current health expenditure per capita (current US$),MA,Morocco
MAR,2011,179.00019836,,,2,SH.XPD.CHEX.PC.CD,Current health expenditure per capita (current US$),MA,Morocco
MAR,2010,168.36595154,,,2,SH.XPD.CHEX.PC.CD,Current health expenditure per capita (current US$),MA,Morocco
MAR,2009,165.50694275,,,2,SH.XPD.CHEX.PC.CD,Current health expenditure per capita (current US$),MA,Morocco
MAR,2008,153.23677063,,,2,SH.XPD.CHEX.PC.CD,Current health expenditure per capita (current US$),MA,Morocco
MAR,2007,131.86448669,,,2,SH.XPD.CHEX.PC.CD,Current health expenditure per capita (current US$),MA,Morocco
MAR,2006,110.22368622,,,2,SH.XPD.CHEX.PC.CD,Current health expenditure per capita (current US$),MA,Morocco
MAR,2005,97.19748688,,,2,SH.XPD.CHEX.PC.CD,Current health expenditure per capita (current US$),MA,Morocco
MAR,2004,91.17259979,,,2,SH.XPD.CHEX.PC.CD,Current health expenditure per capita (current US$),MA,Morocco
MAR,2003,77.74629211,,,2,SH.XPD.CHEX.PC.CD,Current health expenditure per capita (current US$),MA,Morocco
MAR,2002,63.57953644,,,2,SH.XPD.CHEX.PC.CD,Current health expenditure per capita (current US$),MA,Morocco
MAR,2001,56.55395889,,,2,SH.XPD.CHEX.PC.CD,Current health expenditure per capita (current US$),MA,Morocco
MAR,2000,54.63968277,,,2,SH.XPD.CHEX.PC.CD,Current health expenditure per capita (current US$),MA,Morocco
MOZ,2023,52.96166611,,,2,SH.XPD.CHEX.PC.CD,Current health expenditure per capita (current US$),MZ,Mozambique
MOZ,2022,47.69813538,,,2,SH.XPD.CHEX.PC.CD,Current health expenditure per capita (current US$),MZ,Mozambique
MOZ,2021,44.09894943,,,2,SH.XPD.CHEX.PC.CD,Current health expenditure per capita (current US$),MZ,Mozambique
MOZ,2020,34.92252731,,,2,SH.XPD.CHEX.PC.CD,Current health expenditure per capita (current US$),MZ,Mozambique
MOZ,2019,41.01906586,,,2,SH.XPD.CHEX.PC.CD,Current health expenditure per capita (current US$),MZ,Mozambique
MOZ,2018,41.29206467,,,2,SH.XPD.CHEX.PC.CD,Current health expenditure per capita (current US$),MZ,Mozambique
MOZ,2017,36.75825882,,,2,SH.XPD.CHEX.PC.CD,Current health expenditure per capita (current US$),MZ,Mozambique
MOZ,2016,31.85357285,,,2,SH.XPD.CHEX.PC.CD,Current health expenditure per capita (current US$),MZ,Mozambique
MOZ,2015,40.35658646,,,2,SH.XPD.CHEX.PC.CD,Current health expenditure per capita (current US$),MZ,Mozambique
MOZ,2014,43.50259018,,,2,SH.XPD.CHEX.PC.CD,Current health expenditure per capita (current US$),MZ,Mozambique
MOZ,2013,41.5031395,,,2,SH.XPD.CHEX.PC.CD,Current health expenditure per capita (current US$),MZ,Mozambique
MOZ,2012,35.24672699,,,2,SH.XPD.CHEX.PC.CD,Current health expenditure per capita (current US$),MZ,Mozambique
MOZ,2011,30.42516136,,,2,SH.XPD.CHEX.PC.CD,Current health expenditure per capita (current US$),MZ,Mozambique
MOZ,2010,26.26061249,,,2,SH.XPD.CHEX.PC.CD,Current health expenditure per capita (current US$),MZ,Mozambique
MOZ,2009,27.68954468,,,2,SH.XPD.CHEX.PC.CD,Current health expenditure per capita (current US$),MZ,Mozambique
MOZ,2008,24.48562622,,,2,SH.XPD.CHEX.PC.CD,Current health expenditure per capita (current US$),MZ,Mozambique
MOZ,2007,19.29700851,,,2,SH.XPD.CHEX.PC.CD,Current health expenditure per capita (current US$),MZ,Mozambique
MOZ,2006,18.05057144,,,2,SH.XPD.CHEX.PC.CD,Current health expenditure per capita (current US$),MZ,Mozambique
MOZ,2005,18.40718079,,,2,SH.XPD.CHEX.PC.CD,Current health expenditure per capita (current US$),MZ,Mozambique
MOZ,2004,14.12452602,,,2,SH.XPD.CHEX.PC.CD,Current health expenditure per capita (current US$),MZ,Mozambique
MOZ,2003,11.03660774,,,2,SH.XPD.CHEX.PC.CD,Current health expenditure per capita (current US$),MZ,Mozambique
MOZ,2002,10.00207806,,,2,SH.XPD.CHEX.PC.CD,Current health expenditure per capita (current US$),MZ,Mozambique
MOZ,2001,8.53719139,,,2,SH.XPD.CHEX.PC.CD,Current health expenditure per capita (current US$),MZ,Mozambique
MOZ,2000,7.00877714,,,2,SH.XPD.CHEX.PC.CD,Current health expenditure per capita (current US$),MZ,Mozambique
MMR,2023,56.18909836,,,2,SH.XPD.CHEX.PC.CD,Current health expenditure per capita (current US$),MM,Myanmar
MMR,2022,57.96875763,,,2,SH.XPD.CHEX.PC.CD,Current health expenditure per capita (current US$),MM,Myanmar
MMR,2021,96.86240387,,,2,SH.XPD.CHEX.PC.CD,Current health expenditure per capita (current US$),MM,Myanmar
MMR,2020,66.02284241,,,2,SH.XPD.CHEX.PC.CD,Current health expenditure per capita (current US$),MM,Myanmar
MMR,2019,53.72147369,,,2,SH.XPD.CHEX.PC.CD,Current health expenditure per capita (current US$),MM,Myanmar
MMR,2018,60.83261871,,,2,SH.XPD.CHEX.PC.CD,Current health expenditure per capita (current US$),MM,Myanmar
MMR,2017,59.51782608,,,2,SH.XPD.CHEX.PC.CD,Current health expenditure per capita (current US$),MM,Myanmar
MMR,2016,59.67910385,,,2,SH.XPD.CHEX.PC.CD,Current health expenditure per capita (current US$),MM,Myanmar
MMR,2015,63.62335968,,,2,SH.XPD.CHEX.PC.CD,Current health expenditure per capita (current US$),MM,Myanmar
MMR,2014,54.28113556,,,2,SH.XPD.CHEX.PC.CD,Current health expenditure per capita (current US$),MM,Myanmar
MMR,2013,37.68575287,,,2,SH.XPD.CHEX.PC.CD,Current health expenditure per capita (current US$),MM,Myanmar
MMR,2012,37.25568008,,,2,SH.XPD.CHEX.PC.CD,Current health expenditure per capita (current US$),MM,Myanmar
MMR,2011,27.40522575,,,2,SH.XPD.CHEX.PC.CD,Current health expenditure per capita (current US$),MM,Myanmar
MMR,2010,20.23270416,,,2,SH.XPD.CHEX.PC.CD,Current health expenditure per capita (current US$),MM,Myanmar
MMR,2009,18.70313454,,,2,SH.XPD.CHEX.PC.CD,Current health expenditure per capita (current US$),MM,Myanmar
MMR,2008,14.70817947,,,2,SH.XPD.CHEX.PC.CD,Current health expenditure per capita (current US$),MM,Myanmar
MMR,2007,9.91384029,,,2,SH.XPD.CHEX.PC.CD,Current health expenditure per capita (current US$),MM,Myanmar
MMR,2006,8.47415161,,,2,SH.XPD.CHEX.PC.CD,Current health expenditure per capita (current US$),MM,Myanmar
MMR,2005,7.65254498,,,2,SH.XPD.CHEX.PC.CD,Current health expenditure per capita (current US$),MM,Myanmar
MMR,2004,7.01517916,,,2,SH.XPD.CHEX.PC.CD,Current health expenditure per capita (current US$),MM,Myanmar
MMR,2003,6.57480383,,,2,SH.XPD.CHEX.PC.CD,Current health expenditure per capita (current US$),MM,Myanmar
MMR,2002,7.0817728,,,2,SH.XPD.CHEX.PC.CD,Current health expenditure per capita (current US$),MM,Myanmar
MMR,2001,4.62700701,,,2,SH.XPD.CHEX.PC.CD,Current health expenditure per capita (current US$),MM,Myanmar
MMR,2000,4.47214985,,,2,SH.XPD.CHEX.PC.CD,Current health expenditure per capita (current US$),MM,Myanmar
NAM,2023,397.09063721,,,2,SH.XPD.CHEX.PC.CD,Current health expenditure per capita (current US$),NA,Namibia
NAM,2022,418.53683472,,,2,SH.XPD.CHEX.PC.CD,Current health expenditure per capita (current US$),NA,Namibia
NAM,2021,449.95172119,,,2,SH.XPD.CHEX.PC.CD,Current health expenditure per capita (current US$),NA,Namibia
NAM,2020,370.81643677,,,2,SH.XPD.CHEX.PC.CD,Current health expenditure per capita (current US$),NA,Namibia
NAM,2019,419.14828491,,,2,SH.XPD.CHEX.PC.CD,Current health expenditure per capita (current US$),NA,Namibia
NAM,2018,457.6807251,,,2,SH.XPD.CHEX.PC.CD,Current health expenditure per capita (current US$),NA,Namibia
NAM,2017,447.95223999,,,2,SH.XPD.CHEX.PC.CD,Current health expenditure per capita (current US$),NA,Namibia
NAM,2016,409.78051758,,,2,SH.XPD.CHEX.PC.CD,Current health expenditure per capita (current US$),NA,Namibia
NAM,2015,476.50784302,,,2,SH.XPD.CHEX.PC.CD,Current health expenditure per capita (current US$),NA,Namibia
NAM,2014,452.2585144,,,2,SH.XPD.CHEX.PC.CD,Current health expenditure per capita (current US$),NA,Namibia
NAM,2013,539.41345215,,,2,SH.XPD.CHEX.PC.CD,Current health expenditure per capita (current US$),NA,Namibia
NAM,2012,606.36633301,,,2,SH.XPD.CHEX.PC.CD,Current health expenditure per capita (current US$),NA,Namibia
NAM,2011,624.59814453,,,2,SH.XPD.CHEX.PC.CD,Current health expenditure per capita (current US$),NA,Namibia
NAM,2010,567.35003662,,,2,SH.XPD.CHEX.PC.CD,Current health expenditure per capita (current US$),NA,Namibia
NAM,2009,420.74865723,,,2,SH.XPD.CHEX.PC.CD,Current health expenditure per capita (current US$),NA,Namibia
NAM,2008,443.17068481,,,2,SH.XPD.CHEX.PC.CD,Current health expenditure per capita (current US$),NA,Namibia
NAM,2007,493.60388184,,,2,SH.XPD.CHEX.PC.CD,Current health expenditure per capita (current US$),NA,Namibia
NAM,2006,437.56240845,,,2,SH.XPD.CHEX.PC.CD,Current health expenditure per capita (current US$),NA,Namibia
NAM,2005,402.20068359,,,2,SH.XPD.CHEX.PC.CD,Current health expenditure per capita (current US$),NA,Namibia
NAM,2004,373.46408081,,,2,SH.XPD.CHEX.PC.CD,Current health expenditure per capita (current US$),NA,Namibia
NAM,2003,278.70162964,,,2,SH.XPD.CHEX.PC.CD,Current health expenditure per capita (current US$),NA,Namibia
NAM,2002,187.86433411,,,2,SH.XPD.CHEX.PC.CD,Current health expenditure per capita (current US$),NA,Namibia
NAM,2001,201.46917725,,,2,SH.XPD.CHEX.PC.CD,Current health expenditure per capita (current US$),NA,Namibia
NAM,2000,217.55029297,,,2,SH.XPD.CHEX.PC.CD,Current health expenditure per capita (current US$),NA,Namibia
NRU,2023,2292.37329102,,,2,SH.XPD.CHEX.PC.CD,Current health expenditure per capita (current US$),NR,Naoero
NRU,2022,2264.07055664,,,2,SH.XPD.CHEX.PC.CD,Current health expenditure per capita (current US$),NR,Naoero
NRU,2021,1636.45788574,,,2,SH.XPD.CHEX.PC.CD,Current health expenditure per capita (current US$),NR,Naoero
NRU,2020,1270.52563477,,,2,SH.XPD.CHEX.PC.CD,Current health expenditure per capita (current US$),NR,Naoero
NRU,2019,1213.86804199,,,2,SH.XPD.CHEX.PC.CD,Current health expenditure per capita (current US$),NR,Naoero
NRU,2018,1220.0769043,,,2,SH.XPD.CHEX.PC.CD,Current health expenditure per capita (current US$),NR,Naoero
NRU,2017,1127.47509766,,,2,SH.XPD.CHEX.PC.CD,Current health expenditure per capita (current US$),NR,Naoero
NRU,2016,978.48120117,,,2,SH.XPD.CHEX.PC.CD,Current health expenditure per capita (current US$),NR,Naoero
NRU,2015,973.30883789,,,2,SH.XPD.CHEX.PC.CD,Current health expenditure per capita (current US$),NR,Naoero
NRU,2014,736.00012207,,,2,SH.XPD.CHEX.PC.CD,Current health expenditure per capita (current US$),NR,Naoero
NRU,2013,808.10583496,,,2,SH.XPD.CHEX.PC.CD,Current health expenditure per capita (current US$),NR,Naoero
NRU,2012,873.81658936,,,2,SH.XPD.CHEX.PC.CD,Current health expenditure per capita (current US$),NR,Naoero
NRU,2011,672.27624512,,,2,SH.XPD.CHEX.PC.CD,Current health expenditure per capita (current US$),NR,Naoero
NRU,2010,626.21124268,,,2,SH.XPD.CHEX.PC.CD,Current health expenditure per capita (current US$),NR,Naoero
NRU,2009,575.39526367,,,2,SH.XPD.CHEX.PC.CD,Current health expenditure per capita (current US$),NR,Naoero
NRU,2008,809.65649414,,,2,SH.XPD.CHEX.PC.CD,Current health expenditure per capita (current US$),NR,Naoero
NRU,2007,586.8157959,,,2,SH.XPD.CHEX.PC.CD,Current health expenditure per capita (current US$),NR,Naoero
NRU,2006,363.46365356,,,2,SH.XPD.CHEX.PC.CD,Current health expenditure per capita (current US$),NR,Naoero
NRU,2005,328.92779541,,,2,SH.XPD.CHEX.PC.CD,Current health expenditure per capita (current US$),NR,Naoero
NRU,2004,216.23666382,,,2,SH.XPD.CHEX.PC.CD,Current health expenditure per capita (current US$),NR,Naoero
NRU,2003,273.59832764,,,2,SH.XPD.CHEX.PC.CD,Current health expenditure per capita (current US$),NR,Naoero
NRU,2002,298.91278076,,,2,SH.XPD.CHEX.PC.CD,Current health expenditure per capita (current US$),NR,Naoero
NRU,2001,349.01687622,,,2,SH.XPD.CHEX.PC.CD,Current health expenditure per capita (current US$),NR,Naoero
NRU,2000,463.77734375,,,2,SH.XPD.CHEX.PC.CD,Current health expenditure per capita (current US$),NR,Naoero
NPL,2023,83.96018982,,,2,SH.XPD.CHEX.PC.CD,Current health expenditure per capita (current US$),NP,Nepal
NPL,2022,87.34230042,,,2,SH.XPD.CHEX.PC.CD,Current health expenditure per capita (current US$),NP,Nepal
NPL,2021,69.1880188,,,2,SH.XPD.CHEX.PC.CD,Current health expenditure per capita (current US$),NP,Nepal
NPL,2020,59.07941437,,,2,SH.XPD.CHEX.PC.CD,Current health expenditure per capita (current US$),NP,Nepal
NPL,2019,53.61107254,,,2,SH.XPD.CHEX.PC.CD,Current health expenditure per capita (current US$),NP,Nepal
NPL,2018,51.16546249,,,2,SH.XPD.CHEX.PC.CD,Current health expenditure per capita (current US$),NP,Nepal
NPL,2017,49.63085556,,,2,SH.XPD.CHEX.PC.CD,Current health expenditure per capita (current US$),NP,Nepal
NPL,2016,47.1232872,,,2,SH.XPD.CHEX.PC.CD,Current health expenditure per capita (current US$),NP,Nepal
NPL,2015,46.49585342,,,2,SH.XPD.CHEX.PC.CD,Current health expenditure per capita (current US$),NP,Nepal
NPL,2014,41.9739151,,,2,SH.XPD.CHEX.PC.CD,Current health expenditure per capita (current US$),NP,Nepal
NPL,2013,35.14327621,,,2,SH.XPD.CHEX.PC.CD,Current health expenditure per capita (current US$),NP,Nepal
NPL,2012,33.64963913,,,2,SH.XPD.CHEX.PC.CD,Current health expenditure per capita (current US$),NP,Nepal
NPL,2011,34.14775085,,,2,SH.XPD.CHEX.PC.CD,Current health expenditure per capita (current US$),NP,Nepal
NPL,2010,29.62231827,,,2,SH.XPD.CHEX.PC.CD,Current health expenditure per capita (current US$),NP,Nepal
NPL,2009,20.86620903,,,2,SH.XPD.CHEX.PC.CD,Current health expenditure per capita (current US$),NP,Nepal
NPL,2008,18.86374855,,,2,SH.XPD.CHEX.PC.CD,Current health expenditure per capita (current US$),NP,Nepal
NPL,2007,17.13900185,,,2,SH.XPD.CHEX.PC.CD,Current health expenditure per capita (current US$),NP,Nepal
NPL,2006,13.68047714,,,2,SH.XPD.CHEX.PC.CD,Current health expenditure per capita (current US$),NP,Nepal
NPL,2005,14.14693356,,,2,SH.XPD.CHEX.PC.CD,Current health expenditure per capita (current US$),NP,Nepal
NPL,2004,12.92468262,,,2,SH.XPD.CHEX.PC.CD,Current health expenditure per capita (current US$),NP,Nepal
NPL,2003,11.06888008,,,2,SH.XPD.CHEX.PC.CD,Current health expenditure per capita (current US$),NP,Nepal
NPL,2002,10.46419716,,,2,SH.XPD.CHEX.PC.CD,Current health expenditure per capita (current US$),NP,Nepal
NPL,2001,10.26854038,,,2,SH.XPD.CHEX.PC.CD,Current health expenditure per capita (current US$),NP,Nepal
NPL,2000,8.34249592,,,2,SH.XPD.CHEX.PC.CD,Current health expenditure per capita (current US$),NP,Nepal
NLD,2023,6371.85595703,,,2,SH.XPD.CHEX.PC.CD,Current health expenditure per capita (current US$),NL,Netherlands
NLD,2022,5967.90429688,,,2,SH.XPD.CHEX.PC.CD,Current health expenditure per capita (current US$),NL,Netherlands
NLD,2021,6718.88964844,,,2,SH.XPD.CHEX.PC.CD,Current health expenditure per capita (current US$),NL,Netherlands
NLD,2020,5865.90527344,,,2,SH.XPD.CHEX.PC.CD,Current health expenditure per capita (current US$),NL,Netherlands
NLD,2019,5340.61279297,,,2,SH.XPD.CHEX.PC.CD,Current health expenditure per capita (current US$),NL,Netherlands
NLD,2018,5330.66015625,,,2,SH.XPD.CHEX.PC.CD,Current health expenditure per capita (current US$),NL,Netherlands
NLD,2017,4934.57519531,,,2,SH.XPD.CHEX.PC.CD,Current health expenditure per capita (current US$),NL,Netherlands
NLD,2016,4644.02099609,,,2,SH.XPD.CHEX.PC.CD,Current health expenditure per capita (current US$),NL,Netherlands
NLD,2015,4676.56201172,,,2,SH.XPD.CHEX.PC.CD,Current health expenditure per capita (current US$),NL,Netherlands
NLD,2014,5601.88574219,,,2,SH.XPD.CHEX.PC.CD,Current health expenditure per capita (current US$),NL,Netherlands
NLD,2013,5532.72607422,,,2,SH.XPD.CHEX.PC.CD,Current health expenditure per capita (current US$),NL,Netherlands
NLD,2012,5284.64990234,,,2,SH.XPD.CHEX.PC.CD,Current health expenditure per capita (current US$),NL,Netherlands
NLD,2011,5562.12109375,,,2,SH.XPD.CHEX.PC.CD,Current health expenditure per capita (current US$),NL,Netherlands
NLD,2010,5191.69384766,,,2,SH.XPD.CHEX.PC.CD,Current health expenditure per capita (current US$),NL,Netherlands
NLD,2009,5282.74316406,,,2,SH.XPD.CHEX.PC.CD,Current health expenditure per capita (current US$),NL,Netherlands
NLD,2008,5382.44580078,,,2,SH.XPD.CHEX.PC.CD,Current health expenditure per capita (current US$),NL,Netherlands
NLD,2007,4696.14160156,,,2,SH.XPD.CHEX.PC.CD,Current health expenditure per capita (current US$),NL,Netherlands
NLD,2006,4080.21972656,,,2,SH.XPD.CHEX.PC.CD,Current health expenditure per capita (current US$),NL,Netherlands
NLD,2005,3823.48095703,,,2,SH.XPD.CHEX.PC.CD,Current health expenditure per capita (current US$),NL,Netherlands
NLD,2004,3689.46435547,,,2,SH.XPD.CHEX.PC.CD,Current health expenditure per capita (current US$),NL,Netherlands
NLD,2003,3244.35644531,,,2,SH.XPD.CHEX.PC.CD,Current health expenditure per capita (current US$),NL,Netherlands
NLD,2002,2544.81347656,,,2,SH.XPD.CHEX.PC.CD,Current health expenditure per capita (current US$),NL,Netherlands
NLD,2001,2175.73046875,,,2,SH.XPD.CHEX.PC.CD,Current health expenditure per capita (current US$),NL,Netherlands
NLD,2000,2028.18139648,,,2,SH.XPD.CHEX.PC.CD,Current health expenditure per capita (current US$),NL,Netherlands
NCL,2023,,,,2,SH.XPD.CHEX.PC.CD,Current health expenditure per capita (current US$),NC,New Caledonia
NCL,2022,,,,2,SH.XPD.CHEX.PC.CD,Current health expenditure per capita (current US$),NC,New Caledonia
NCL,2021,,,,2,SH.XPD.CHEX.PC.CD,Current health expenditure per capita (current US$),NC,New Caledonia
NCL,2020,,,,2,SH.XPD.CHEX.PC.CD,Current health expenditure per capita (current US$),NC,New Caledonia
NCL,2019,,,,2,SH.XPD.CHEX.PC.CD,Current health expenditure per capita (current US$),NC,New Caledonia
NCL,2018,,,,2,SH.XPD.CHEX.PC.CD,Current health expenditure per capita (current US$),NC,New Caledonia
NCL,2017,,,,2,SH.XPD.CHEX.PC.CD,Current health expenditure per capita (current US$),NC,New Caledonia
NCL,2016,,,,2,SH.XPD.CHEX.PC.CD,Current health expenditure per capita (current US$),NC,New Caledonia
NCL,2015,,,,2,SH.XPD.CHEX.PC.CD,Current health expenditure per capita (current US$),NC,New Caledonia
NCL,2014,,,,2,SH.XPD.CHEX.PC.CD,Current health expenditure per capita (current US$),NC,New Caledonia
NCL,2013,,,,2,SH.XPD.CHEX.PC.CD,Current health expenditure per capita (current US$),NC,New Caledonia
NCL,2012,,,,2,SH.XPD.CHEX.PC.CD,Current health expenditure per capita (current US$),NC,New Caledonia
NCL,2011,,,,2,SH.XPD.CHEX.PC.CD,Current health expenditure per capita (current US$),NC,New Caledonia
NCL,2010,,,,2,SH.XPD.CHEX.PC.CD,Current health expenditure per capita (current US$),NC,New Caledonia
NCL,2009,,,,2,SH.XPD.CHEX.PC.CD,Current health expenditure per capita (current US$),NC,New Caledonia
NCL,2008,,,,2,SH.XPD.CHEX.PC.CD,Current health expenditure per capita (current US$),NC,New Caledonia
NCL,2007,,,,2,SH.XPD.CHEX.PC.CD,Current health expenditure per capita (current US$),NC,New Caledonia
NCL,2006,,,,2,SH.XPD.CHEX.PC.CD,Current health expenditure per capita (current US$),NC,New Caledonia
NCL,2005,,,,2,SH.XPD.CHEX.PC.CD,Current health expenditure per capita (current US$),NC,New Caledonia
NCL,2004,,,,2,SH.XPD.CHEX.PC.CD,Current health expenditure per capita (current US$),NC,New Caledonia
NCL,2003,,,,2,SH.XPD.CHEX.PC.CD,Current health expenditure per capita (current US$),NC,New Caledonia
NCL,2002,,,,2,SH.XPD.CHEX.PC.CD,Current health expenditure per capita (current US$),NC,New Caledonia
NCL,2001,,,,2,SH.XPD.CHEX.PC.CD,Current health expenditure per capita (current US$),NC,New Caledonia
NCL,2000,,,,2,SH.XPD.CHEX.PC.CD,Current health expenditure per capita (current US$),NC,New Caledonia
NZL,2023,4997.24316406,,,2,SH.XPD.CHEX.PC.CD,Current health expenditure per capita (current US$),NZ,New Zealand
NZL,2022,5138.33789063,,,2,SH.XPD.CHEX.PC.CD,Current health expenditure per capita (current US$),NZ,New Zealand
NZL,2021,4749.04199219,,,2,SH.XPD.CHEX.PC.CD,Current health expenditure per capita (current US$),NZ,New Zealand
NZL,2020,3887.71264648,,,2,SH.XPD.CHEX.PC.CD,Current health expenditure per capita (current US$),NZ,New Zealand
NZL,2019,3679.59692383,,,2,SH.XPD.CHEX.PC.CD,Current health expenditure per capita (current US$),NZ,New Zealand
NZL,2018,3706.80273438,,,2,SH.XPD.CHEX.PC.CD,Current health expenditure per capita (current US$),NZ,New Zealand
NZL,2017,3702.09985352,,,2,SH.XPD.CHEX.PC.CD,Current health expenditure per capita (current US$),NZ,New Zealand
NZL,2016,3516.93481445,,,2,SH.XPD.CHEX.PC.CD,Current health expenditure per capita (current US$),NZ,New Zealand
NZL,2015,3433.59643555,,,2,SH.XPD.CHEX.PC.CD,Current health expenditure per capita (current US$),NZ,New Zealand
NZL,2014,3997.43237305,,,2,SH.XPD.CHEX.PC.CD,Current health expenditure per capita (current US$),NZ,New Zealand
NZL,2013,3833.82226563,,,2,SH.XPD.CHEX.PC.CD,Current health expenditure per capita (current US$),NZ,New Zealand
NZL,2012,3682.94213867,,,2,SH.XPD.CHEX.PC.CD,Current health expenditure per capita (current US$),NZ,New Zealand
NZL,2011,3501.22045898,,,2,SH.XPD.CHEX.PC.CD,Current health expenditure per capita (current US$),NZ,New Zealand
NZL,2010,3072.73608398,,,2,SH.XPD.CHEX.PC.CD,Current health expenditure per capita (current US$),NZ,New Zealand
NZL,2009,2582.28100586,,,2,SH.XPD.CHEX.PC.CD,Current health expenditure per capita (current US$),NZ,New Zealand
NZL,2008,2708.65625,,,2,SH.XPD.CHEX.PC.CD,Current health expenditure per capita (current US$),NZ,New Zealand
NZL,2007,2705.66430664,,,2,SH.XPD.CHEX.PC.CD,Current health expenditure per capita (current US$),NZ,New Zealand
NZL,2006,2304.06518555,,,2,SH.XPD.CHEX.PC.CD,Current health expenditure per capita (current US$),NZ,New Zealand
NZL,2005,2295.37182617,,,2,SH.XPD.CHEX.PC.CD,Current health expenditure per capita (current US$),NZ,New Zealand
NZL,2004,1981.9720459,,,2,SH.XPD.CHEX.PC.CD,Current health expenditure per capita (current US$),NZ,New Zealand
NZL,2003,1610.73034668,,,2,SH.XPD.CHEX.PC.CD,Current health expenditure per capita (current US$),NZ,New Zealand
NZL,2002,1250.12634277,,,2,SH.XPD.CHEX.PC.CD,Current health expenditure per capita (current US$),NZ,New Zealand
NZL,2001,1053.73632813,,,2,SH.XPD.CHEX.PC.CD,Current health expenditure per capita (current US$),NZ,New Zealand
NZL,2000,1054.28100586,,,2,SH.XPD.CHEX.PC.CD,Current health expenditure per capita (current US$),NZ,New Zealand
NIC,2023,216.55238342,,,2,SH.XPD.CHEX.PC.CD,Current health expenditure per capita (current US$),NI,Nicaragua
NIC,2022,208.56825256,,,2,SH.XPD.CHEX.PC.CD,Current health expenditure per capita (current US$),NI,Nicaragua
NIC,2021,204.21273804,,,2,SH.XPD.CHEX.PC.CD,Current health expenditure per capita (current US$),NI,Nicaragua
NIC,2020,165.88038635,,,2,SH.XPD.CHEX.PC.CD,Current health expenditure per capita (current US$),NI,Nicaragua
NIC,2019,166.49009705,,,2,SH.XPD.CHEX.PC.CD,Current health expenditure per capita (current US$),NI,Nicaragua
NIC,2018,172.9760437,,,2,SH.XPD.CHEX.PC.CD,Current health expenditure per capita (current US$),NI,Nicaragua
NIC,2017,181.75810242,,,2,SH.XPD.CHEX.PC.CD,Current health expenditure per capita (current US$),NI,Nicaragua
NIC,2016,171.5748291,,,2,SH.XPD.CHEX.PC.CD,Current health expenditure per capita (current US$),NI,Nicaragua
NIC,2015,165.18948364,,,2,SH.XPD.CHEX.PC.CD,Current health expenditure per capita (current US$),NI,Nicaragua
NIC,2014,156.22232056,,,2,SH.XPD.CHEX.PC.CD,Current health expenditure per capita (current US$),NI,Nicaragua
NIC,2013,140.20372009,,,2,SH.XPD.CHEX.PC.CD,Current health expenditure per capita (current US$),NI,Nicaragua
NIC,2012,133.64489746,,,2,SH.XPD.CHEX.PC.CD,Current health expenditure per capita (current US$),NI,Nicaragua
NIC,2011,125.13540649,,,2,SH.XPD.CHEX.PC.CD,Current health expenditure per capita (current US$),NI,Nicaragua
NIC,2010,117.70147705,,,2,SH.XPD.CHEX.PC.CD,Current health expenditure per capita (current US$),NI,Nicaragua
NIC,2009,112.75749207,,,2,SH.XPD.CHEX.PC.CD,Current health expenditure per capita (current US$),NI,Nicaragua
NIC,2008,109.20231628,,,2,SH.XPD.CHEX.PC.CD,Current health expenditure per capita (current US$),NI,Nicaragua
NIC,2007,93.93821716,,,2,SH.XPD.CHEX.PC.CD,Current health expenditure per capita (current US$),NI,Nicaragua
NIC,2006,79.3536377,,,2,SH.XPD.CHEX.PC.CD,Current health expenditure per capita (current US$),NI,Nicaragua
NIC,2005,73.65701294,,,2,SH.XPD.CHEX.PC.CD,Current health expenditure per capita (current US$),NI,Nicaragua
NIC,2004,66.54763794,,,2,SH.XPD.CHEX.PC.CD,Current health expenditure per capita (current US$),NI,Nicaragua
NIC,2003,62.13036346,,,2,SH.XPD.CHEX.PC.CD,Current health expenditure per capita (current US$),NI,Nicaragua
NIC,2002,58.15333939,,,2,SH.XPD.CHEX.PC.CD,Current health expenditure per capita (current US$),NI,Nicaragua
NIC,2001,57.69081879,,,2,SH.XPD.CHEX.PC.CD,Current health expenditure per capita (current US$),NI,Nicaragua
NIC,2000,53.29532623,,,2,SH.XPD.CHEX.PC.CD,Current health expenditure per capita (current US$),NI,Nicaragua
NER,2023,26.01301575,,,2,SH.XPD.CHEX.PC.CD,Current health expenditure per capita (current US$),NE,Niger
NER,2022,26.50681686,,,2,SH.XPD.CHEX.PC.CD,Current health expenditure per capita (current US$),NE,Niger
NER,2021,35.39406204,,,2,SH.XPD.CHEX.PC.CD,Current health expenditure per capita (current US$),NE,Niger
NER,2020,35.75537109,,,2,SH.XPD.CHEX.PC.CD,Current health expenditure per capita (current US$),NE,Niger
NER,2019,31.89424324,,,2,SH.XPD.CHEX.PC.CD,Current health expenditure per capita (current US$),NE,Niger
NER,2018,30.61364555,,,2,SH.XPD.CHEX.PC.CD,Current health expenditure per capita (current US$),NE,Niger
NER,2017,29.09627533,,,2,SH.XPD.CHEX.PC.CD,Current health expenditure per capita (current US$),NE,Niger
NER,2016,22.68474007,,,2,SH.XPD.CHEX.PC.CD,Current health expenditure per capita (current US$),NE,Niger
NER,2015,25.96905327,,,2,SH.XPD.CHEX.PC.CD,Current health expenditure per capita (current US$),NE,Niger
NER,2014,25.09494019,,,2,SH.XPD.CHEX.PC.CD,Current health expenditure per capita (current US$),NE,Niger
NER,2013,24.61338997,,,2,SH.XPD.CHEX.PC.CD,Current health expenditure per capita (current US$),NE,Niger
NER,2012,22.71487427,,,2,SH.XPD.CHEX.PC.CD,Current health expenditure per capita (current US$),NE,Niger
NER,2011,24.84123039,,,2,SH.XPD.CHEX.PC.CD,Current health expenditure per capita (current US$),NE,Niger
NER,2010,23.47736168,,,2,SH.XPD.CHEX.PC.CD,Current health expenditure per capita (current US$),NE,Niger
NER,2009,24.54927635,,,2,SH.XPD.CHEX.PC.CD,Current health expenditure per capita (current US$),NE,Niger
NER,2008,24.86141586,,,2,SH.XPD.CHEX.PC.CD,Current health expenditure per capita (current US$),NE,Niger
NER,2007,20.96952438,,,2,SH.XPD.CHEX.PC.CD,Current health expenditure per capita (current US$),NE,Niger
NER,2006,19.9213028,,,2,SH.XPD.CHEX.PC.CD,Current health expenditure per capita (current US$),NE,Niger
NER,2005,18.67140198,,,2,SH.XPD.CHEX.PC.CD,Current health expenditure per capita (current US$),NE,Niger
NER,2004,14.06374931,,,2,SH.XPD.CHEX.PC.CD,Current health expenditure per capita (current US$),NE,Niger
NER,2003,12.55038452,,,2,SH.XPD.CHEX.PC.CD,Current health expenditure per capita (current US$),NE,Niger
NER,2002,10.84433079,,,2,SH.XPD.CHEX.PC.CD,Current health expenditure per capita (current US$),NE,Niger
NER,2001,9.68088055,,,2,SH.XPD.CHEX.PC.CD,Current health expenditure per capita (current US$),NE,Niger
NER,2000,9.04467964,,,2,SH.XPD.CHEX.PC.CD,Current health expenditure per capita (current US$),NE,Niger
NGA,2023,66.82009125,,,2,SH.XPD.CHEX.PC.CD,Current health expenditure per capita (current US$),NG,Nigeria
NGA,2022,89.62958527,,,2,SH.XPD.CHEX.PC.CD,Current health expenditure per capita (current US$),NG,Nigeria
NGA,2021,81.87322235,,,2,SH.XPD.CHEX.PC.CD,Current health expenditure per capita (current US$),NG,Nigeria
NGA,2020,67.91384888,,,2,SH.XPD.CHEX.PC.CD,Current health expenditure per capita (current US$),NG,Nigeria
NGA,2019,67.6254425,,,2,SH.XPD.CHEX.PC.CD,Current health expenditure per capita (current US$),NG,Nigeria
NGA,2018,63.60244751,,,2,SH.XPD.CHEX.PC.CD,Current health expenditure per capita (current US$),NG,Nigeria
NGA,2017,70.31814575,,,2,SH.XPD.CHEX.PC.CD,Current health expenditure per capita (current US$),NG,Nigeria
NGA,2016,75.52328491,,,2,SH.XPD.CHEX.PC.CD,Current health expenditure per capita (current US$),NG,Nigeria
NGA,2015,92.91207123,,,2,SH.XPD.CHEX.PC.CD,Current health expenditure per capita (current US$),NG,Nigeria
NGA,2014,102.39888763,,,2,SH.XPD.CHEX.PC.CD,Current health expenditure per capita (current US$),NG,Nigeria
NGA,2013,97.29588318,,,2,SH.XPD.CHEX.PC.CD,Current health expenditure per capita (current US$),NG,Nigeria
NGA,2012,87.89523315,,,2,SH.XPD.CHEX.PC.CD,Current health expenditure per capita (current US$),NG,Nigeria
NGA,2011,80.2377243,,,2,SH.XPD.CHEX.PC.CD,Current health expenditure per capita (current US$),NG,Nigeria
NGA,2010,73.008255,,,2,SH.XPD.CHEX.PC.CD,Current health expenditure per capita (current US$),NG,Nigeria
NGA,2009,65.71811676,,,2,SH.XPD.CHEX.PC.CD,Current health expenditure per capita (current US$),NG,Nigeria
NGA,2008,77.45053101,,,2,SH.XPD.CHEX.PC.CD,Current health expenditure per capita (current US$),NG,Nigeria
NGA,2007,66.90659332,,,2,SH.XPD.CHEX.PC.CD,Current health expenditure per capita (current US$),NG,Nigeria
NGA,2006,63.63072205,,,2,SH.XPD.CHEX.PC.CD,Current health expenditure per capita (current US$),NG,Nigeria
NGA,2005,52.24337006,,,2,SH.XPD.CHEX.PC.CD,Current health expenditure per capita (current US$),NG,Nigeria
NGA,2004,42.81798172,,,2,SH.XPD.CHEX.PC.CD,Current health expenditure per capita (current US$),NG,Nigeria
NGA,2003,37.91439438,,,2,SH.XPD.CHEX.PC.CD,Current health expenditure per capita (current US$),NG,Nigeria
NGA,2002,17.53752899,,,2,SH.XPD.CHEX.PC.CD,Current health expenditure per capita (current US$),NG,Nigeria
NGA,2001,17.96053314,,,2,SH.XPD.CHEX.PC.CD,Current health expenditure per capita (current US$),NG,Nigeria
NGA,2000,17.15887642,,,2,SH.XPD.CHEX.PC.CD,Current health expenditure per capita (current US$),NG,Nigeria
MKD,2023,639.41693115,,,2,SH.XPD.CHEX.PC.CD,Current health expenditure per capita (current US$),MK,North Macedonia
MKD,2022,561.69281006,,,2,SH.XPD.CHEX.PC.CD,Current health expenditure per capita (current US$),MK,North Macedonia
MKD,2021,636.65447998,,,2,SH.XPD.CHEX.PC.CD,Current health expenditure per capita (current US$),MK,North Macedonia
MKD,2020,510.81011963,,,2,SH.XPD.CHEX.PC.CD,Current health expenditure per capita (current US$),MK,North Macedonia
MKD,2019,469.47344971,,,2,SH.XPD.CHEX.PC.CD,Current health expenditure per capita (current US$),MK,North Macedonia
MKD,2018,426.57290649,,,2,SH.XPD.CHEX.PC.CD,Current health expenditure per capita (current US$),MK,North Macedonia
MKD,2017,375.3303833,,,2,SH.XPD.CHEX.PC.CD,Current health expenditure per capita (current US$),MK,North Macedonia
MKD,2016,347.44271851,,,2,SH.XPD.CHEX.PC.CD,Current health expenditure per capita (current US$),MK,North Macedonia
MKD,2015,322.25213623,,,2,SH.XPD.CHEX.PC.CD,Current health expenditure per capita (current US$),MK,North Macedonia
MKD,2014,357.63867188,,,2,SH.XPD.CHEX.PC.CD,Current health expenditure per capita (current US$),MK,North Macedonia
MKD,2013,361.13168335,,,2,SH.XPD.CHEX.PC.CD,Current health expenditure per capita (current US$),MK,North Macedonia
MKD,2012,317.978302,,,2,SH.XPD.CHEX.PC.CD,Current health expenditure per capita (current US$),MK,North Macedonia
MKD,2011,335.13171387,,,2,SH.XPD.CHEX.PC.CD,Current health expenditure per capita (current US$),MK,North Macedonia
MKD,2010,308.09429932,,,2,SH.XPD.CHEX.PC.CD,Current health expenditure per capita (current US$),MK,North Macedonia
MKD,2009,297.88058472,,,2,SH.XPD.CHEX.PC.CD,Current health expenditure per capita (current US$),MK,North Macedonia
MKD,2008,313.61117554,,,2,SH.XPD.CHEX.PC.CD,Current health expenditure per capita (current US$),MK,North Macedonia
MKD,2007,263.25378418,,,2,SH.XPD.CHEX.PC.CD,Current health expenditure per capita (current US$),MK,North Macedonia
MKD,2006,242.60142517,,,2,SH.XPD.CHEX.PC.CD,Current health expenditure per capita (current US$),MK,North Macedonia
MKD,2005,229.81243896,,,2,SH.XPD.CHEX.PC.CD,Current health expenditure per capita (current US$),MK,North Macedonia
MKD,2004,230.68000793,,,2,SH.XPD.CHEX.PC.CD,Current health expenditure per capita (current US$),MK,North Macedonia
MKD,2003,214.29603577,,,2,SH.XPD.CHEX.PC.CD,Current health expenditure per capita (current US$),MK,North Macedonia
MKD,2002,172.87971497,,,2,SH.XPD.CHEX.PC.CD,Current health expenditure per capita (current US$),MK,North Macedonia
MKD,2001,150.4312439,,,2,SH.XPD.CHEX.PC.CD,Current health expenditure per capita (current US$),MK,North Macedonia
MKD,2000,162.68013,,,2,SH.XPD.CHEX.PC.CD,Current health expenditure per capita (current US$),MK,North Macedonia
MNP,2023,,,,2,SH.XPD.CHEX.PC.CD,Current health expenditure per capita (current US$),MP,Northern Mariana Islands
MNP,2022,,,,2,SH.XPD.CHEX.PC.CD,Current health expenditure per capita (current US$),MP,Northern Mariana Islands
MNP,2021,,,,2,SH.XPD.CHEX.PC.CD,Current health expenditure per capita (current US$),MP,Northern Mariana Islands
MNP,2020,,,,2,SH.XPD.CHEX.PC.CD,Current health expenditure per capita (current US$),MP,Northern Mariana Islands
MNP,2019,,,,2,SH.XPD.CHEX.PC.CD,Current health expenditure per capita (current US$),MP,Northern Mariana Islands
MNP,2018,,,,2,SH.XPD.CHEX.PC.CD,Current health expenditure per capita (current US$),MP,Northern Mariana Islands
MNP,2017,,,,2,SH.XPD.CHEX.PC.CD,Current health expenditure per capita (current US$),MP,Northern Mariana Islands
MNP,2016,,,,2,SH.XPD.CHEX.PC.CD,Current health expenditure per capita (current US$),MP,Northern Mariana Islands
MNP,2015,,,,2,SH.XPD.CHEX.PC.CD,Current health expenditure per capita (current US$),MP,Northern Mariana Islands
MNP,2014,,,,2,SH.XPD.CHEX.PC.CD,Current health expenditure per capita (current US$),MP,Northern Mariana Islands
MNP,2013,,,,2,SH.XPD.CHEX.PC.CD,Current health expenditure per capita (current US$),MP,Northern Mariana Islands
MNP,2012,,,,2,SH.XPD.CHEX.PC.CD,Current health expenditure per capita (current US$),MP,Northern Mariana Islands
MNP,2011,,,,2,SH.XPD.CHEX.PC.CD,Current health expenditure per capita (current US$),MP,Northern Mariana Islands
MNP,2010,,,,2,SH.XPD.CHEX.PC.CD,Current health expenditure per capita (current US$),MP,Northern Mariana Islands
MNP,2009,,,,2,SH.XPD.CHEX.PC.CD,Current health expenditure per capita (current US$),MP,Northern Mariana Islands
MNP,2008,,,,2,SH.XPD.CHEX.PC.CD,Current health expenditure per capita (current US$),MP,Northern Mariana Islands
MNP,2007,,,,2,SH.XPD.CHEX.PC.CD,Current health expenditure per capita (current US$),MP,Northern Mariana Islands
MNP,2006,,,,2,SH.XPD.CHEX.PC.CD,Current health expenditure per capita (current US$),MP,Northern Mariana Islands
MNP,2005,,,,2,SH.XPD.CHEX.PC.CD,Current health expenditure per capita (current US$),MP,Northern Mariana Islands
MNP,2004,,,,2,SH.XPD.CHEX.PC.CD,Current health expenditure per capita (current US$),MP,Northern Mariana Islands
MNP,2003,,,,2,SH.XPD.CHEX.PC.CD,Current health expenditure per capita (current US$),MP,Northern Mariana Islands
MNP,2002,,,,2,SH.XPD.CHEX.PC.CD,Current health expenditure per capita (current US$),MP,Northern Mariana Islands
MNP,2001,,,,2,SH.XPD.CHEX.PC.CD,Current health expenditure per capita (current US$),MP,Northern Mariana Islands
MNP,2000,,,,2,SH.XPD.CHEX.PC.CD,Current health expenditure per capita (current US$),MP,Northern Mariana Islands
NOR,2023,8296.35546875,,,2,SH.XPD.CHEX.PC.CD,Current health expenditure per capita (current US$),NO,Norway
NOR,2022,8692.57617188,,,2,SH.XPD.CHEX.PC.CD,Current health expenditure per capita (current US$),NO,Norway
NOR,2021,9163.13867188,,,2,SH.XPD.CHEX.PC.CD,Current health expenditure per capita (current US$),NO,Norway
NOR,2020,7824.57714844,,,2,SH.XPD.CHEX.PC.CD,Current health expenditure per capita (current US$),NO,Norway
NOR,2019,8007.35546875,,,2,SH.XPD.CHEX.PC.CD,Current health expenditure per capita (current US$),NO,Norway
NOR,2018,8271.859375,,,2,SH.XPD.CHEX.PC.CD,Current health expenditure per capita (current US$),NO,Norway
NOR,2017,7815.78710938,,,2,SH.XPD.CHEX.PC.CD,Current health expenditure per capita (current US$),NO,Norway
NOR,2016,7492.07666016,,,2,SH.XPD.CHEX.PC.CD,Current health expenditure per capita (current US$),NO,Norway
NOR,2015,7566.56152344,,,2,SH.XPD.CHEX.PC.CD,Current health expenditure per capita (current US$),NO,Norway
NOR,2014,9116.37792969,,,2,SH.XPD.CHEX.PC.CD,Current health expenditure per capita (current US$),NO,Norway
NOR,2013,9241.265625,,,2,SH.XPD.CHEX.PC.CD,Current health expenditure per capita (current US$),NO,Norway
NOR,2012,8970.11914063,,,2,SH.XPD.CHEX.PC.CD,Current health expenditure per capita (current US$),NO,Norway
NOR,2011,8900.37207031,,,2,SH.XPD.CHEX.PC.CD,Current health expenditure per capita (current US$),NO,Norway
NOR,2010,7859.51611328,,,2,SH.XPD.CHEX.PC.CD,Current health expenditure per capita (current US$),NO,Norway
NOR,2009,7301.95996094,,,2,SH.XPD.CHEX.PC.CD,Current health expenditure per capita (current US$),NO,Norway
NOR,2008,7768.05029297,,,2,SH.XPD.CHEX.PC.CD,Current health expenditure per capita (current US$),NO,Norway
NOR,2007,6895.56005859,,,2,SH.XPD.CHEX.PC.CD,Current health expenditure per capita (current US$),NO,Norway
NOR,2006,5892.98730469,,,2,SH.XPD.CHEX.PC.CD,Current health expenditure per capita (current US$),NO,Norway
NOR,2005,5584.68896484,,,2,SH.XPD.CHEX.PC.CD,Current health expenditure per capita (current US$),NO,Norway
NOR,2004,5097.34423828,,,2,SH.XPD.CHEX.PC.CD,Current health expenditure per capita (current US$),NO,Norway
NOR,2003,4632.56835938,,,2,SH.XPD.CHEX.PC.CD,Current health expenditure per capita (current US$),NO,Norway
NOR,2002,3889.95947266,,,2,SH.XPD.CHEX.PC.CD,Current health expenditure per capita (current US$),NO,Norway
NOR,2001,3099.00341797,,,2,SH.XPD.CHEX.PC.CD,Current health expenditure per capita (current US$),NO,Norway
NOR,2000,2948.93164063,,,2,SH.XPD.CHEX.PC.CD,Current health expenditure per capita (current US$),NO,Norway
OMN,2023,732.04089355,,,2,SH.XPD.CHEX.PC.CD,Current health expenditure per capita (current US$),OM,Oman
OMN,2022,712.06097412,,,2,SH.XPD.CHEX.PC.CD,Current health expenditure per capita (current US$),OM,Oman
OMN,2021,843.01953125,,,2,SH.XPD.CHEX.PC.CD,Current health expenditure per capita (current US$),OM,Oman
OMN,2020,859.24987793,,,2,SH.XPD.CHEX.PC.CD,Current health expenditure per capita (current US$),OM,Oman
OMN,2019,730.08325195,,,2,SH.XPD.CHEX.PC.CD,Current health expenditure per capita (current US$),OM,Oman
OMN,2018,639.78082275,,,2,SH.XPD.CHEX.PC.CD,Current health expenditure per capita (current US$),OM,Oman
OMN,2017,704.6295166,,,2,SH.XPD.CHEX.PC.CD,Current health expenditure per capita (current US$),OM,Oman
OMN,2016,714.48864746,,,2,SH.XPD.CHEX.PC.CD,Current health expenditure per capita (current US$),OM,Oman
OMN,2015,767.04455566,,,2,SH.XPD.CHEX.PC.CD,Current health expenditure per capita (current US$),OM,Oman
OMN,2014,726.64660645,,,2,SH.XPD.CHEX.PC.CD,Current health expenditure per capita (current US$),OM,Oman
OMN,2013,587.71075439,,,2,SH.XPD.CHEX.PC.CD,Current health expenditure per capita (current US$),OM,Oman
OMN,2012,561.1171875,,,2,SH.XPD.CHEX.PC.CD,Current health expenditure per capita (current US$),OM,Oman
OMN,2011,563.23632813,,,2,SH.XPD.CHEX.PC.CD,Current health expenditure per capita (current US$),OM,Oman
OMN,2010,583.57073975,,,2,SH.XPD.CHEX.PC.CD,Current health expenditure per capita (current US$),OM,Oman
OMN,2009,510.08691406,,,2,SH.XPD.CHEX.PC.CD,Current health expenditure per capita (current US$),OM,Oman
OMN,2008,466.60375977,,,2,SH.XPD.CHEX.PC.CD,Current health expenditure per capita (current US$),OM,Oman
OMN,2007,397.21173096,,,2,SH.XPD.CHEX.PC.CD,Current health expenditure per capita (current US$),OM,Oman
OMN,2006,341.97601318,,,2,SH.XPD.CHEX.PC.CD,Current health expenditure per capita (current US$),OM,Oman
OMN,2005,326.909729,,,2,SH.XPD.CHEX.PC.CD,Current health expenditure per capita (current US$),OM,Oman
OMN,2004,306.42941284,,,2,SH.XPD.CHEX.PC.CD,Current health expenditure per capita (current US$),OM,Oman
OMN,2003,290.38589478,,,2,SH.XPD.CHEX.PC.CD,Current health expenditure per capita (current US$),OM,Oman
OMN,2002,274.11166382,,,2,SH.XPD.CHEX.PC.CD,Current health expenditure per capita (current US$),OM,Oman
OMN,2001,259.59085083,,,2,SH.XPD.CHEX.PC.CD,Current health expenditure per capita (current US$),OM,Oman
OMN,2000,261.88265991,,,2,SH.XPD.CHEX.PC.CD,Current health expenditure per capita (current US$),OM,Oman
PAK,2023,30.48608398,,,2,SH.XPD.CHEX.PC.CD,Current health expenditure per capita (current US$),PK,Pakistan
PAK,2022,38.76602173,,,2,SH.XPD.CHEX.PC.CD,Current health expenditure per capita (current US$),PK,Pakistan
PAK,2021,42.79639816,,,2,SH.XPD.CHEX.PC.CD,Current health expenditure per capita (current US$),PK,Pakistan
PAK,2020,36.9091301,,,2,SH.XPD.CHEX.PC.CD,Current health expenditure per capita (current US$),PK,Pakistan
PAK,2019,36.01374817,,,2,SH.XPD.CHEX.PC.CD,Current health expenditure per capita (current US$),PK,Pakistan
PAK,2018,40.09578323,,,2,SH.XPD.CHEX.PC.CD,Current health expenditure per capita (current US$),PK,Pakistan
PAK,2017,42.07228851,,,2,SH.XPD.CHEX.PC.CD,Current health expenditure per capita (current US$),PK,Pakistan
PAK,2016,36.46934128,,,2,SH.XPD.CHEX.PC.CD,Current health expenditure per capita (current US$),PK,Pakistan
PAK,2015,33.99359894,,,2,SH.XPD.CHEX.PC.CD,Current health expenditure per capita (current US$),PK,Pakistan
PAK,2014,32.11787415,,,2,SH.XPD.CHEX.PC.CD,Current health expenditure per capita (current US$),PK,Pakistan
PAK,2013,28.20998955,,,2,SH.XPD.CHEX.PC.CD,Current health expenditure per capita (current US$),PK,Pakistan
PAK,2012,25.59742928,,,2,SH.XPD.CHEX.PC.CD,Current health expenditure per capita (current US$),PK,Pakistan
PAK,2011,25.02491379,,,2,SH.XPD.CHEX.PC.CD,Current health expenditure per capita (current US$),PK,Pakistan
PAK,2010,23.62846184,,,2,SH.XPD.CHEX.PC.CD,Current health expenditure per capita (current US$),PK,Pakistan
PAK,2009,23.14643288,,,2,SH.XPD.CHEX.PC.CD,Current health expenditure per capita (current US$),PK,Pakistan
PAK,2008,24.34272766,,,2,SH.XPD.CHEX.PC.CD,Current health expenditure per capita (current US$),PK,Pakistan
PAK,2007,26.14198685,,,2,SH.XPD.CHEX.PC.CD,Current health expenditure per capita (current US$),PK,Pakistan
PAK,2006,24.43647003,,,2,SH.XPD.CHEX.PC.CD,Current health expenditure per capita (current US$),PK,Pakistan
PAK,2005,19.58962631,,,2,SH.XPD.CHEX.PC.CD,Current health expenditure per capita (current US$),PK,Pakistan
PAK,2004,15.53542328,,,2,SH.XPD.CHEX.PC.CD,Current health expenditure per capita (current US$),PK,Pakistan
PAK,2003,14.34851551,,,2,SH.XPD.CHEX.PC.CD,Current health expenditure per capita (current US$),PK,Pakistan
PAK,2002,14.98332214,,,2,SH.XPD.CHEX.PC.CD,Current health expenditure per capita (current US$),PK,Pakistan
PAK,2001,13.41587162,,,2,SH.XPD.CHEX.PC.CD,Current health expenditure per capita (current US$),PK,Pakistan
PAK,2000,15.36755657,,,2,SH.XPD.CHEX.PC.CD,Current health expenditure per capita (current US$),PK,Pakistan
PLW,2023,1683.8458252,,,2,SH.XPD.CHEX.PC.CD,Current health expenditure per capita (current US$),PW,Palau
PLW,2022,2077.734375,,,2,SH.XPD.CHEX.PC.CD,Current health expenditure per capita (current US$),PW,Palau
PLW,2021,1931.31152344,,,2,SH.XPD.CHEX.PC.CD,Current health expenditure per capita (current US$),PW,Palau
PLW,2020,1938.33837891,,,2,SH.XPD.CHEX.PC.CD,Current health expenditure per capita (current US$),PW,Palau
PLW,2019,1928.91564941,,,2,SH.XPD.CHEX.PC.CD,Current health expenditure per capita (current US$),PW,Palau
PLW,2018,1809.22070313,,,2,SH.XPD.CHEX.PC.CD,Current health expenditure per capita (current US$),PW,Palau
PLW,2017,1775.32849121,,,2,SH.XPD.CHEX.PC.CD,Current health expenditure per capita (current US$),PW,Palau
PLW,2016,1704.62316895,,,2,SH.XPD.CHEX.PC.CD,Current health expenditure per capita (current US$),PW,Palau
PLW,2015,1554.91186523,,,2,SH.XPD.CHEX.PC.CD,Current health expenditure per capita (current US$),PW,Palau
PLW,2014,1481.35656738,,,2,SH.XPD.CHEX.PC.CD,Current health expenditure per capita (current US$),PW,Palau
PLW,2013,1399.29931641,,,2,SH.XPD.CHEX.PC.CD,Current health expenditure per capita (current US$),PW,Palau
PLW,2012,1239.99304199,,,2,SH.XPD.CHEX.PC.CD,Current health expenditure per capita (current US$),PW,Palau
PLW,2011,1072.56323242,,,2,SH.XPD.CHEX.PC.CD,Current health expenditure per capita (current US$),PW,Palau
PLW,2010,1093.30786133,,,2,SH.XPD.CHEX.PC.CD,Current health expenditure per capita (current US$),PW,Palau
PLW,2009,947.12615967,,,2,SH.XPD.CHEX.PC.CD,Current health expenditure per capita (current US$),PW,Palau
PLW,2008,880.83892822,,,2,SH.XPD.CHEX.PC.CD,Current health expenditure per capita (current US$),PW,Palau
PLW,2007,897.35339355,,,2,SH.XPD.CHEX.PC.CD,Current health expenditure per capita (current US$),PW,Palau
PLW,2006,852.00756836,,,2,SH.XPD.CHEX.PC.CD,Current health expenditure per capita (current US$),PW,Palau
PLW,2005,810.10369873,,,2,SH.XPD.CHEX.PC.CD,Current health expenditure per capita (current US$),PW,Palau
PLW,2004,765.0546875,,,2,SH.XPD.CHEX.PC.CD,Current health expenditure per capita (current US$),PW,Palau
PLW,2003,638.3067627,,,2,SH.XPD.CHEX.PC.CD,Current health expenditure per capita (current US$),PW,Palau
PLW,2002,609.03295898,,,2,SH.XPD.CHEX.PC.CD,Current health expenditure per capita (current US$),PW,Palau
PLW,2001,640.58422852,,,2,SH.XPD.CHEX.PC.CD,Current health expenditure per capita (current US$),PW,Palau
PLW,2000,675.54473877,,,2,SH.XPD.CHEX.PC.CD,Current health expenditure per capita (current US$),PW,Palau
PAN,2023,1557.81286621,,,2,SH.XPD.CHEX.PC.CD,Current health expenditure per capita (current US$),PA,Panama
PAN,2022,1572.93017578,,,2,SH.XPD.CHEX.PC.CD,Current health expenditure per capita (current US$),PA,Panama
PAN,2021,1417.1541748,,,2,SH.XPD.CHEX.PC.CD,Current health expenditure per capita (current US$),PA,Panama
PAN,2020,1358.4498291,,,2,SH.XPD.CHEX.PC.CD,Current health expenditure per capita (current US$),PA,Panama
PAN,2019,1339.45153809,,,2,SH.XPD.CHEX.PC.CD,Current health expenditure per capita (current US$),PA,Panama
PAN,2018,1227.30554199,,,2,SH.XPD.CHEX.PC.CD,Current health expenditure per capita (current US$),PA,Panama
PAN,2017,1126.96154785,,,2,SH.XPD.CHEX.PC.CD,Current health expenditure per capita (current US$),PA,Panama
PAN,2016,1056.68481445,,,2,SH.XPD.CHEX.PC.CD,Current health expenditure per capita (current US$),PA,Panama
PAN,2015,982.06530762,,,2,SH.XPD.CHEX.PC.CD,Current health expenditure per capita (current US$),PA,Panama
PAN,2014,919.2946167,,,2,SH.XPD.CHEX.PC.CD,Current health expenditure per capita (current US$),PA,Panama
PAN,2013,805.78985596,,,2,SH.XPD.CHEX.PC.CD,Current health expenditure per capita (current US$),PA,Panama
PAN,2012,725.01544189,,,2,SH.XPD.CHEX.PC.CD,Current health expenditure per capita (current US$),PA,Panama
PAN,2011,664.97564697,,,2,SH.XPD.CHEX.PC.CD,Current health expenditure per capita (current US$),PA,Panama
PAN,2010,607.42242432,,,2,SH.XPD.CHEX.PC.CD,Current health expenditure per capita (current US$),PA,Panama
PAN,2009,550.80755615,,,2,SH.XPD.CHEX.PC.CD,Current health expenditure per capita (current US$),PA,Panama
PAN,2008,506.78494263,,,2,SH.XPD.CHEX.PC.CD,Current health expenditure per capita (current US$),PA,Panama
PAN,2007,472.08703613,,,2,SH.XPD.CHEX.PC.CD,Current health expenditure per capita (current US$),PA,Panama
PAN,2006,370.62973022,,,2,SH.XPD.CHEX.PC.CD,Current health expenditure per capita (current US$),PA,Panama
PAN,2005,323.0513916,,,2,SH.XPD.CHEX.PC.CD,Current health expenditure per capita (current US$),PA,Panama
PAN,2004,344.4079895,,,2,SH.XPD.CHEX.PC.CD,Current health expenditure per capita (current US$),PA,Panama
PAN,2003,303.45755005,,,2,SH.XPD.CHEX.PC.CD,Current health expenditure per capita (current US$),PA,Panama
PAN,2002,308.58657837,,,2,SH.XPD.CHEX.PC.CD,Current health expenditure per capita (current US$),PA,Panama
PAN,2001,296.75146484,,,2,SH.XPD.CHEX.PC.CD,Current health expenditure per capita (current US$),PA,Panama
PAN,2000,300.66052246,,,2,SH.XPD.CHEX.PC.CD,Current health expenditure per capita (current US$),PA,Panama
PNG,2023,85.15021515,,,2,SH.XPD.CHEX.PC.CD,Current health expenditure per capita (current US$),PG,Papua New Guinea
PNG,2022,81.11356354,,,2,SH.XPD.CHEX.PC.CD,Current health expenditure per capita (current US$),PG,Papua New Guinea
PNG,2021,61.02529907,,,2,SH.XPD.CHEX.PC.CD,Current health expenditure per capita (current US$),PG,Papua New Guinea
PNG,2020,55.92817688,,,2,SH.XPD.CHEX.PC.CD,Current health expenditure per capita (current US$),PG,Papua New Guinea
PNG,2019,59.89566803,,,2,SH.XPD.CHEX.PC.CD,Current health expenditure per capita (current US$),PG,Papua New Guinea
PNG,2018,59.04003525,,,2,SH.XPD.CHEX.PC.CD,Current health expenditure per capita (current US$),PG,Papua New Guinea
PNG,2017,55.24723816,,,2,SH.XPD.CHEX.PC.CD,Current health expenditure per capita (current US$),PG,Papua New Guinea
PNG,2016,53.98646545,,,2,SH.XPD.CHEX.PC.CD,Current health expenditure per capita (current US$),PG,Papua New Guinea
PNG,2015,45.18995285,,,2,SH.XPD.CHEX.PC.CD,Current health expenditure per capita (current US$),PG,Papua New Guinea
PNG,2014,89.08061218,,,2,SH.XPD.CHEX.PC.CD,Current health expenditure per capita (current US$),PG,Papua New Guinea
PNG,2013,76.75310516,,,2,SH.XPD.CHEX.PC.CD,Current health expenditure per capita (current US$),PG,Papua New Guinea
PNG,2012,70.27664948,,,2,SH.XPD.CHEX.PC.CD,Current health expenditure per capita (current US$),PG,Papua New Guinea
PNG,2011,52.49456787,,,2,SH.XPD.CHEX.PC.CD,Current health expenditure per capita (current US$),PG,Papua New Guinea
PNG,2010,39.3453064,,,2,SH.XPD.CHEX.PC.CD,Current health expenditure per capita (current US$),PG,Papua New Guinea
PNG,2009,36.5436821,,,2,SH.XPD.CHEX.PC.CD,Current health expenditure per capita (current US$),PG,Papua New Guinea
PNG,2008,34.69308472,,,2,SH.XPD.CHEX.PC.CD,Current health expenditure per capita (current US$),PG,Papua New Guinea
PNG,2007,33.18586731,,,2,SH.XPD.CHEX.PC.CD,Current health expenditure per capita (current US$),PG,Papua New Guinea
PNG,2006,30.03865242,,,2,SH.XPD.CHEX.PC.CD,Current health expenditure per capita (current US$),PG,Papua New Guinea
PNG,2005,27.49723434,,,2,SH.XPD.CHEX.PC.CD,Current health expenditure per capita (current US$),PG,Papua New Guinea
PNG,2004,25.73586273,,,2,SH.XPD.CHEX.PC.CD,Current health expenditure per capita (current US$),PG,Papua New Guinea
PNG,2003,21.9858036,,,2,SH.XPD.CHEX.PC.CD,Current health expenditure per capita (current US$),PG,Papua New Guinea
PNG,2002,20.55322266,,,2,SH.XPD.CHEX.PC.CD,Current health expenditure per capita (current US$),PG,Papua New Guinea
PNG,2001,18.19814301,,,2,SH.XPD.CHEX.PC.CD,Current health expenditure per capita (current US$),PG,Papua New Guinea
PNG,2000,18.84121323,,,2,SH.XPD.CHEX.PC.CD,Current health expenditure per capita (current US$),PG,Papua New Guinea
PRY,2023,526.5098877,,,2,SH.XPD.CHEX.PC.CD,Current health expenditure per capita (current US$),PY,Paraguay
PRY,2022,480.02862549,,,2,SH.XPD.CHEX.PC.CD,Current health expenditure per capita (current US$),PY,Paraguay
PRY,2021,480.11322021,,,2,SH.XPD.CHEX.PC.CD,Current health expenditure per capita (current US$),PY,Paraguay
PRY,2020,411.81765747,,,2,SH.XPD.CHEX.PC.CD,Current health expenditure per capita (current US$),PY,Paraguay
PRY,2019,416.84432983,,,2,SH.XPD.CHEX.PC.CD,Current health expenditure per capita (current US$),PY,Paraguay
PRY,2018,422.13101196,,,2,SH.XPD.CHEX.PC.CD,Current health expenditure per capita (current US$),PY,Paraguay
PRY,2017,406.60488892,,,2,SH.XPD.CHEX.PC.CD,Current health expenditure per capita (current US$),PY,Paraguay
PRY,2016,385.52297974,,,2,SH.XPD.CHEX.PC.CD,Current health expenditure per capita (current US$),PY,Paraguay
PRY,2015,393.42440796,,,2,SH.XPD.CHEX.PC.CD,Current health expenditure per capita (current US$),PY,Paraguay
PRY,2014,440.85821533,,,2,SH.XPD.CHEX.PC.CD,Current health expenditure per capita (current US$),PY,Paraguay
PRY,2013,391.80084229,,,2,SH.XPD.CHEX.PC.CD,Current health expenditure per capita (current US$),PY,Paraguay
PRY,2012,368.7868042,,,2,SH.XPD.CHEX.PC.CD,Current health expenditure per capita (current US$),PY,Paraguay
PRY,2011,337.81317139,,,2,SH.XPD.CHEX.PC.CD,Current health expenditure per capita (current US$),PY,Paraguay
PRY,2010,258.43127441,,,2,SH.XPD.CHEX.PC.CD,Current health expenditure per capita (current US$),PY,Paraguay
PRY,2009,217.7858429,,,2,SH.XPD.CHEX.PC.CD,Current health expenditure per capita (current US$),PY,Paraguay
PRY,2008,220.90351868,,,2,SH.XPD.CHEX.PC.CD,Current health expenditure per capita (current US$),PY,Paraguay
PRY,2007,161.25285339,,,2,SH.XPD.CHEX.PC.CD,Current health expenditure per capita (current US$),PY,Paraguay
PRY,2006,122.45078278,,,2,SH.XPD.CHEX.PC.CD,Current health expenditure per capita (current US$),PY,Paraguay
PRY,2005,95.1805954,,,2,SH.XPD.CHEX.PC.CD,Current health expenditure per capita (current US$),PY,Paraguay
PRY,2004,88.10053253,,,2,SH.XPD.CHEX.PC.CD,Current health expenditure per capita (current US$),PY,Paraguay
PRY,2003,70.85758209,,,2,SH.XPD.CHEX.PC.CD,Current health expenditure per capita (current US$),PY,Paraguay
PRY,2002,65.0742569,,,2,SH.XPD.CHEX.PC.CD,Current health expenditure per capita (current US$),PY,Paraguay
PRY,2001,91.8441391,,,2,SH.XPD.CHEX.PC.CD,Current health expenditure per capita (current US$),PY,Paraguay
PRY,2000,104.49077606,,,2,SH.XPD.CHEX.PC.CD,Current health expenditure per capita (current US$),PY,Paraguay
PER,2023,445.52667236,,,2,SH.XPD.CHEX.PC.CD,Current health expenditure per capita (current US$),PE,Peru
PER,2022,445.10473633,,,2,SH.XPD.CHEX.PC.CD,Current health expenditure per capita (current US$),PE,Peru
PER,2021,455.3560791,,,2,SH.XPD.CHEX.PC.CD,Current health expenditure per capita (current US$),PE,Peru
PER,2020,399.13800049,,,2,SH.XPD.CHEX.PC.CD,Current health expenditure per capita (current US$),PE,Peru
PER,2019,367.98739624,,,2,SH.XPD.CHEX.PC.CD,Current health expenditure per capita (current US$),PE,Peru
PER,2018,362.75994873,,,2,SH.XPD.CHEX.PC.CD,Current health expenditure per capita (current US$),PE,Peru
PER,2017,332.54321289,,,2,SH.XPD.CHEX.PC.CD,Current health expenditure per capita (current US$),PE,Peru
PER,2016,311.33517456,,,2,SH.XPD.CHEX.PC.CD,Current health expenditure per capita (current US$),PE,Peru
PER,2015,310.60983276,,,2,SH.XPD.CHEX.PC.CD,Current health expenditure per capita (current US$),PE,Peru
PER,2014,332.18841553,,,2,SH.XPD.CHEX.PC.CD,Current health expenditure per capita (current US$),PE,Peru
PER,2013,320.96490479,,,2,SH.XPD.CHEX.PC.CD,Current health expenditure per capita (current US$),PE,Peru
PER,2012,309.31439209,,,2,SH.XPD.CHEX.PC.CD,Current health expenditure per capita (current US$),PE,Peru
PER,2011,264.46487427,,,2,SH.XPD.CHEX.PC.CD,Current health expenditure per capita (current US$),PE,Peru
PER,2010,241.43280029,,,2,SH.XPD.CHEX.PC.CD,Current health expenditure per capita (current US$),PE,Peru
PER,2009,209.1973877,,,2,SH.XPD.CHEX.PC.CD,Current health expenditure per capita (current US$),PE,Peru
PER,2008,191.42611694,,,2,SH.XPD.CHEX.PC.CD,Current health expenditure per capita (current US$),PE,Peru
PER,2007,158.55148315,,,2,SH.XPD.CHEX.PC.CD,Current health expenditure per capita (current US$),PE,Peru
PER,2006,136.14295959,,,2,SH.XPD.CHEX.PC.CD,Current health expenditure per capita (current US$),PE,Peru
PER,2005,123.25354004,,,2,SH.XPD.CHEX.PC.CD,Current health expenditure per capita (current US$),PE,Peru
PER,2004,105.16587067,,,2,SH.XPD.CHEX.PC.CD,Current health expenditure per capita (current US$),PE,Peru
PER,2003,97.352211,,,2,SH.XPD.CHEX.PC.CD,Current health expenditure per capita (current US$),PE,Peru
PER,2002,97.6605072,,,2,SH.XPD.CHEX.PC.CD,Current health expenditure per capita (current US$),PE,Peru
PER,2001,89.36621857,,,2,SH.XPD.CHEX.PC.CD,Current health expenditure per capita (current US$),PE,Peru
PER,2000,83.63842773,,,2,SH.XPD.CHEX.PC.CD,Current health expenditure per capita (current US$),PE,Peru
PHL,2023,194.05484009,,,2,SH.XPD.CHEX.PC.CD,Current health expenditure per capita (current US$),PH,Philippines
PHL,2022,182.93432617,,,2,SH.XPD.CHEX.PC.CD,Current health expenditure per capita (current US$),PH,Philippines
PHL,2021,208.192276,,,2,SH.XPD.CHEX.PC.CD,Current health expenditure per capita (current US$),PH,Philippines
PHL,2020,166.61218262,,,2,SH.XPD.CHEX.PC.CD,Current health expenditure per capita (current US$),PH,Philippines
PHL,2019,141.6925354,,,2,SH.XPD.CHEX.PC.CD,Current health expenditure per capita (current US$),PH,Philippines
PHL,2018,125.27716827,,,2,SH.XPD.CHEX.PC.CD,Current health expenditure per capita (current US$),PH,Philippines
PHL,2017,120.32259369,,,2,SH.XPD.CHEX.PC.CD,Current health expenditure per capita (current US$),PH,Philippines
PHL,2016,118.05981445,,,2,SH.XPD.CHEX.PC.CD,Current health expenditure per capita (current US$),PH,Philippines
PHL,2015,113.4342804,,,2,SH.XPD.CHEX.PC.CD,Current health expenditure per capita (current US$),PH,Philippines
PHL,2014,106.16293335,,,2,SH.XPD.CHEX.PC.CD,Current health expenditure per capita (current US$),PH,Philippines
PHL,2013,118.87432098,,,2,SH.XPD.CHEX.PC.CD,Current health expenditure per capita (current US$),PH,Philippines
PHL,2012,109.2149353,,,2,SH.XPD.CHEX.PC.CD,Current health expenditure per capita (current US$),PH,Philippines
PHL,2011,95.95716095,,,2,SH.XPD.CHEX.PC.CD,Current health expenditure per capita (current US$),PH,Philippines
PHL,2010,89.35166931,,,2,SH.XPD.CHEX.PC.CD,Current health expenditure per capita (current US$),PH,Philippines
PHL,2009,77.64539337,,,2,SH.XPD.CHEX.PC.CD,Current health expenditure per capita (current US$),PH,Philippines
PHL,2008,75.69056702,,,2,SH.XPD.CHEX.PC.CD,Current health expenditure per capita (current US$),PH,Philippines
PHL,2007,64.27903748,,,2,SH.XPD.CHEX.PC.CD,Current health expenditure per capita (current US$),PH,Philippines
PHL,2006,53.87452698,,,2,SH.XPD.CHEX.PC.CD,Current health expenditure per capita (current US$),PH,Philippines
PHL,2005,45.67607498,,,2,SH.XPD.CHEX.PC.CD,Current health expenditure per capita (current US$),PH,Philippines
PHL,2004,33.50411606,,,2,SH.XPD.CHEX.PC.CD,Current health expenditure per capita (current US$),PH,Philippines
PHL,2003,31.60413551,,,2,SH.XPD.CHEX.PC.CD,Current health expenditure per capita (current US$),PH,Philippines
PHL,2002,26.76997948,,,2,SH.XPD.CHEX.PC.CD,Current health expenditure per capita (current US$),PH,Philippines
PHL,2001,27.60987473,,,2,SH.XPD.CHEX.PC.CD,Current health expenditure per capita (current US$),PH,Philippines
PHL,2000,32.10300446,,,2,SH.XPD.CHEX.PC.CD,Current health expenditure per capita (current US$),PH,Philippines
POL,2023,1577.98168945,,,2,SH.XPD.CHEX.PC.CD,Current health expenditure per capita (current US$),PL,Poland
POL,2022,1219.29125977,,,2,SH.XPD.CHEX.PC.CD,Current health expenditure per capita (current US$),PL,Poland
POL,2021,1183.30236816,,,2,SH.XPD.CHEX.PC.CD,Current health expenditure per capita (current US$),PL,Poland
POL,2020,1025.98486328,,,2,SH.XPD.CHEX.PC.CD,Current health expenditure per capita (current US$),PL,Poland
POL,2019,1014.03820801,,,2,SH.XPD.CHEX.PC.CD,Current health expenditure per capita (current US$),PL,Poland
POL,2018,978.73565674,,,2,SH.XPD.CHEX.PC.CD,Current health expenditure per capita (current US$),PL,Poland
POL,2017,909.57818604,,,2,SH.XPD.CHEX.PC.CD,Current health expenditure per capita (current US$),PL,Poland
POL,2016,816.08618164,,,2,SH.XPD.CHEX.PC.CD,Current health expenditure per capita (current US$),PL,Poland
POL,2015,803.95965576,,,2,SH.XPD.CHEX.PC.CD,Current health expenditure per capita (current US$),PL,Poland
POL,2014,911.29815674,,,2,SH.XPD.CHEX.PC.CD,Current health expenditure per capita (current US$),PL,Poland
POL,2013,878.08837891,,,2,SH.XPD.CHEX.PC.CD,Current health expenditure per capita (current US$),PL,Poland
POL,2012,815.1418457,,,2,SH.XPD.CHEX.PC.CD,Current health expenditure per capita (current US$),PL,Poland
POL,2011,866.09466553,,,2,SH.XPD.CHEX.PC.CD,Current health expenditure per capita (current US$),PL,Poland
POL,2010,809.19940186,,,2,SH.XPD.CHEX.PC.CD,Current health expenditure per capita (current US$),PL,Poland
POL,2009,759.60577393,,,2,SH.XPD.CHEX.PC.CD,Current health expenditure per capita (current US$),PL,Poland
POL,2008,892.59698486,,,2,SH.XPD.CHEX.PC.CD,Current health expenditure per capita (current US$),PL,Poland
POL,2007,660.92468262,,,2,SH.XPD.CHEX.PC.CD,Current health expenditure per capita (current US$),PL,Poland
POL,2006,524.09747314,,,2,SH.XPD.CHEX.PC.CD,Current health expenditure per capita (current US$),PL,Poland
POL,2005,465.70019531,,,2,SH.XPD.CHEX.PC.CD,Current health expenditure per capita (current US$),PL,Poland
POL,2004,392.00338745,,,2,SH.XPD.CHEX.PC.CD,Current health expenditure per capita (current US$),PL,Poland
POL,2003,339.33520508,,,2,SH.XPD.CHEX.PC.CD,Current health expenditure per capita (current US$),PL,Poland
POL,2002,315.83145142,,,2,SH.XPD.CHEX.PC.CD,Current health expenditure per capita (current US$),PL,Poland
POL,2001,282.8210144,,,2,SH.XPD.CHEX.PC.CD,Current health expenditure per capita (current US$),PL,Poland
POL,2000,238.00448608,,,2,SH.XPD.CHEX.PC.CD,Current health expenditure per capita (current US$),PL,Poland
PRT,2023,2762.26293945,,,2,SH.XPD.CHEX.PC.CD,Current health expenditure per capita (current US$),PT,Portugal
PRT,2022,2600.56665039,,,2,SH.XPD.CHEX.PC.CD,Current health expenditure per capita (current US$),PT,Portugal
PRT,2021,2764.04296875,,,2,SH.XPD.CHEX.PC.CD,Current health expenditure per capita (current US$),PT,Portugal
PRT,2020,2328.35571289,,,2,SH.XPD.CHEX.PC.CD,Current health expenditure per capita (current US$),PT,Portugal
PRT,2019,2209.50219727,,,2,SH.XPD.CHEX.PC.CD,Current health expenditure per capita (current US$),PT,Portugal
PRT,2018,2206.71240234,,,2,SH.XPD.CHEX.PC.CD,Current health expenditure per capita (current US$),PT,Portugal
PRT,2017,1991.32263184,,,2,SH.XPD.CHEX.PC.CD,Current health expenditure per capita (current US$),PT,Portugal
PRT,2016,1870.31848145,,,2,SH.XPD.CHEX.PC.CD,Current health expenditure per capita (current US$),PT,Portugal
PRT,2015,1787.03759766,,,2,SH.XPD.CHEX.PC.CD,Current health expenditure per capita (current US$),PT,Portugal
PRT,2014,2056.61474609,,,2,SH.XPD.CHEX.PC.CD,Current health expenditure per capita (current US$),PT,Portugal
PRT,2013,2027.42089844,,,2,SH.XPD.CHEX.PC.CD,Current health expenditure per capita (current US$),PT,Portugal
PRT,2012,1976.91479492,,,2,SH.XPD.CHEX.PC.CD,Current health expenditure per capita (current US$),PT,Portugal
PRT,2011,2255.96923828,,,2,SH.XPD.CHEX.PC.CD,Current health expenditure per capita (current US$),PT,Portugal
PRT,2010,2259.30371094,,,2,SH.XPD.CHEX.PC.CD,Current health expenditure per capita (current US$),PT,Portugal
PRT,2009,2346.54199219,,,2,SH.XPD.CHEX.PC.CD,Current health expenditure per capita (current US$),PT,Portugal
PRT,2008,2391.98120117,,,2,SH.XPD.CHEX.PC.CD,Current health expenditure per capita (current US$),PT,Portugal
PRT,2007,2112.52880859,,,2,SH.XPD.CHEX.PC.CD,Current health expenditure per capita (current US$),PT,Portugal
PRT,2006,1857.64526367,,,2,SH.XPD.CHEX.PC.CD,Current health expenditure per capita (current US$),PT,Portugal
PRT,2005,1814.35449219,,,2,SH.XPD.CHEX.PC.CD,Current health expenditure per capita (current US$),PT,Portugal
PRT,2004,1723.74401855,,,2,SH.XPD.CHEX.PC.CD,Current health expenditure per capita (current US$),PT,Portugal
PRT,2003,1443.37792969,,,2,SH.XPD.CHEX.PC.CD,Current health expenditure per capita (current US$),PT,Portugal
PRT,2002,1139.4029541,,,2,SH.XPD.CHEX.PC.CD,Current health expenditure per capita (current US$),PT,Portugal
PRT,2001,1015.54956055,,,2,SH.XPD.CHEX.PC.CD,Current health expenditure per capita (current US$),PT,Portugal
PRT,2000,995.34210205,,,2,SH.XPD.CHEX.PC.CD,Current health expenditure per capita (current US$),PT,Portugal
PRI,2023,,,,2,SH.XPD.CHEX.PC.CD,Current health expenditure per capita (current US$),PR,Puerto Rico (US)
PRI,2022,,,,2,SH.XPD.CHEX.PC.CD,Current health expenditure per capita (current US$),PR,Puerto Rico (US)
PRI,2021,,,,2,SH.XPD.CHEX.PC.CD,Current health expenditure per capita (current US$),PR,Puerto Rico (US)
PRI,2020,,,,2,SH.XPD.CHEX.PC.CD,Current health expenditure per capita (current US$),PR,Puerto Rico (US)
PRI,2019,,,,2,SH.XPD.CHEX.PC.CD,Current health expenditure per capita (current US$),PR,Puerto Rico (US)
PRI,2018,,,,2,SH.XPD.CHEX.PC.CD,Current health expenditure per capita (current US$),PR,Puerto Rico (US)
PRI,2017,,,,2,SH.XPD.CHEX.PC.CD,Current health expenditure per capita (current US$),PR,Puerto Rico (US)
PRI,2016,,,,2,SH.XPD.CHEX.PC.CD,Current health expenditure per capita (current US$),PR,Puerto Rico (US)
PRI,2015,,,,2,SH.XPD.CHEX.PC.CD,Current health expenditure per capita (current US$),PR,Puerto Rico (US)
PRI,2014,,,,2,SH.XPD.CHEX.PC.CD,Current health expenditure per capita (current US$),PR,Puerto Rico (US)
PRI,2013,,,,2,SH.XPD.CHEX.PC.CD,Current health expenditure per capita (current US$),PR,Puerto Rico (US)
PRI,2012,,,,2,SH.XPD.CHEX.PC.CD,Current health expenditure per capita (current US$),PR,Puerto Rico (US)
PRI,2011,,,,2,SH.XPD.CHEX.PC.CD,Current health expenditure per capita (current US$),PR,Puerto Rico (US)
PRI,2010,,,,2,SH.XPD.CHEX.PC.CD,Current health expenditure per capita (current US$),PR,Puerto Rico (US)
PRI,2009,,,,2,SH.XPD.CHEX.PC.CD,Current health expenditure per capita (current US$),PR,Puerto Rico (US)
PRI,2008,,,,2,SH.XPD.CHEX.PC.CD,Current health expenditure per capita (current US$),PR,Puerto Rico (US)
PRI,2007,,,,2,SH.XPD.CHEX.PC.CD,Current health expenditure per capita (current US$),PR,Puerto Rico (US)
PRI,2006,,,,2,SH.XPD.CHEX.PC.CD,Current health expenditure per capita (current US$),PR,Puerto Rico (US)
PRI,2005,,,,2,SH.XPD.CHEX.PC.CD,Current health expenditure per capita (current US$),PR,Puerto Rico (US)
PRI,2004,,,,2,SH.XPD.CHEX.PC.CD,Current health expenditure per capita (current US$),PR,Puerto Rico (US)
PRI,2003,,,,2,SH.XPD.CHEX.PC.CD,Current health expenditure per capita (current US$),PR,Puerto Rico (US)
PRI,2002,,,,2,SH.XPD.CHEX.PC.CD,Current health expenditure per capita (current US$),PR,Puerto Rico (US)
PRI,2001,,,,2,SH.XPD.CHEX.PC.CD,Current health expenditure per capita (current US$),PR,Puerto Rico (US)
PRI,2000,,,,2,SH.XPD.CHEX.PC.CD,Current health expenditure per capita (current US$),PR,Puerto Rico (US)
QAT,2023,1804.35424805,,,2,SH.XPD.CHEX.PC.CD,Current health expenditure per capita (current US$),QA,Qatar
QAT,2022,1781.50390625,,,2,SH.XPD.CHEX.PC.CD,Current health expenditure per capita (current US$),QA,Qatar
QAT,2021,1847.00231934,,,2,SH.XPD.CHEX.PC.CD,Current health expenditure per capita (current US$),QA,Qatar
QAT,2020,1967.15197754,,,2,SH.XPD.CHEX.PC.CD,Current health expenditure per capita (current US$),QA,Qatar
QAT,2019,2007.51525879,,,2,SH.XPD.CHEX.PC.CD,Current health expenditure per capita (current US$),QA,Qatar
QAT,2018,1966.55712891,,,2,SH.XPD.CHEX.PC.CD,Current health expenditure per capita (current US$),QA,Qatar
QAT,2017,1911.95361328,,,2,SH.XPD.CHEX.PC.CD,Current health expenditure per capita (current US$),QA,Qatar
QAT,2016,2072.06103516,,,2,SH.XPD.CHEX.PC.CD,Current health expenditure per capita (current US$),QA,Qatar
QAT,2015,2422.64453125,,,2,SH.XPD.CHEX.PC.CD,Current health expenditure per capita (current US$),QA,Qatar
QAT,2014,2252.4140625,,,2,SH.XPD.CHEX.PC.CD,Current health expenditure per capita (current US$),QA,Qatar
QAT,2013,2029.8659668,,,2,SH.XPD.CHEX.PC.CD,Current health expenditure per capita (current US$),QA,Qatar
QAT,2012,1712.67089844,,,2,SH.XPD.CHEX.PC.CD,Current health expenditure per capita (current US$),QA,Qatar
QAT,2011,1482.28308105,,,2,SH.XPD.CHEX.PC.CD,Current health expenditure per capita (current US$),QA,Qatar
QAT,2010,1309.79272461,,,2,SH.XPD.CHEX.PC.CD,Current health expenditure per capita (current US$),QA,Qatar
QAT,2009,1325.43005371,,,2,SH.XPD.CHEX.PC.CD,Current health expenditure per capita (current US$),QA,Qatar
QAT,2008,1292.60046387,,,2,SH.XPD.CHEX.PC.CD,Current health expenditure per capita (current US$),QA,Qatar
QAT,2007,1301.49682617,,,2,SH.XPD.CHEX.PC.CD,Current health expenditure per capita (current US$),QA,Qatar
QAT,2006,1378.9296875,,,2,SH.XPD.CHEX.PC.CD,Current health expenditure per capita (current US$),QA,Qatar
QAT,2005,1386.015625,,,2,SH.XPD.CHEX.PC.CD,Current health expenditure per capita (current US$),QA,Qatar
QAT,2004,1261.61999512,,,2,SH.XPD.CHEX.PC.CD,Current health expenditure per capita (current US$),QA,Qatar
QAT,2003,1115.45336914,,,2,SH.XPD.CHEX.PC.CD,Current health expenditure per capita (current US$),QA,Qatar
QAT,2002,668.85986328,,,2,SH.XPD.CHEX.PC.CD,Current health expenditure per capita (current US$),QA,Qatar
QAT,2001,598.73602295,,,2,SH.XPD.CHEX.PC.CD,Current health expenditure per capita (current US$),QA,Qatar
QAT,2000,553.08605957,,,2,SH.XPD.CHEX.PC.CD,Current health expenditure per capita (current US$),QA,Qatar
ROU,2023,1050.99755859,,,2,SH.XPD.CHEX.PC.CD,Current health expenditure per capita (current US$),RO,Romania
ROU,2022,902.2677002,,,2,SH.XPD.CHEX.PC.CD,Current health expenditure per capita (current US$),RO,Romania
ROU,2021,963.01287842,,,2,SH.XPD.CHEX.PC.CD,Current health expenditure per capita (current US$),RO,Romania
ROU,2020,809.58880615,,,2,SH.XPD.CHEX.PC.CD,Current health expenditure per capita (current US$),RO,Romania
ROU,2019,738.5581665,,,2,SH.XPD.CHEX.PC.CD,Current health expenditure per capita (current US$),RO,Romania
ROU,2018,687.15411377,,,2,SH.XPD.CHEX.PC.CD,Current health expenditure per capita (current US$),RO,Romania
ROU,2017,555.11309814,,,2,SH.XPD.CHEX.PC.CD,Current health expenditure per capita (current US$),RO,Romania
ROU,2016,476.24505615,,,2,SH.XPD.CHEX.PC.CD,Current health expenditure per capita (current US$),RO,Romania
ROU,2015,442.24038696,,,2,SH.XPD.CHEX.PC.CD,Current health expenditure per capita (current US$),RO,Romania
ROU,2014,503.34753418,,,2,SH.XPD.CHEX.PC.CD,Current health expenditure per capita (current US$),RO,Romania
ROU,2013,495.23623657,,,2,SH.XPD.CHEX.PC.CD,Current health expenditure per capita (current US$),RO,Romania
ROU,2012,401.67105103,,,2,SH.XPD.CHEX.PC.CD,Current health expenditure per capita (current US$),RO,Romania
ROU,2011,426.59973145,,,2,SH.XPD.CHEX.PC.CD,Current health expenditure per capita (current US$),RO,Romania
ROU,2010,472.20751953,,,2,SH.XPD.CHEX.PC.CD,Current health expenditure per capita (current US$),RO,Romania
ROU,2009,449.37692261,,,2,SH.XPD.CHEX.PC.CD,Current health expenditure per capita (current US$),RO,Romania
ROU,2008,521.31561279,,,2,SH.XPD.CHEX.PC.CD,Current health expenditure per capita (current US$),RO,Romania
ROU,2007,415.06790161,,,2,SH.XPD.CHEX.PC.CD,Current health expenditure per capita (current US$),RO,Romania
ROU,2006,291.00408936,,,2,SH.XPD.CHEX.PC.CD,Current health expenditure per capita (current US$),RO,Romania
ROU,2005,254.52961731,,,2,SH.XPD.CHEX.PC.CD,Current health expenditure per capita (current US$),RO,Romania
ROU,2004,190.7950592,,,2,SH.XPD.CHEX.PC.CD,Current health expenditure per capita (current US$),RO,Romania
ROU,2003,143.54553223,,,2,SH.XPD.CHEX.PC.CD,Current health expenditure per capita (current US$),RO,Romania
ROU,2002,96.57698822,,,2,SH.XPD.CHEX.PC.CD,Current health expenditure per capita (current US$),RO,Romania
ROU,2001,78.8175354,,,2,SH.XPD.CHEX.PC.CD,Current health expenditure per capita (current US$),RO,Romania
ROU,2000,69.89345551,,,2,SH.XPD.CHEX.PC.CD,Current health expenditure per capita (current US$),RO,Romania
RUS,2023,1003.33166504,,,2,SH.XPD.CHEX.PC.CD,Current health expenditure per capita (current US$),RU,Russian Federation
RUS,2022,1082.82104492,,,2,SH.XPD.CHEX.PC.CD,Current health expenditure per capita (current US$),RU,Russian Federation
RUS,2021,881.74395752,,,2,SH.XPD.CHEX.PC.CD,Current health expenditure per capita (current US$),RU,Russian Federation
RUS,2020,814.94451904,,,2,SH.XPD.CHEX.PC.CD,Current health expenditure per capita (current US$),RU,Russian Federation
RUS,2019,650.47058105,,,2,SH.XPD.CHEX.PC.CD,Current health expenditure per capita (current US$),RU,Russian Federation
RUS,2018,606.11401367,,,2,SH.XPD.CHEX.PC.CD,Current health expenditure per capita (current US$),RU,Russian Federation
RUS,2017,577.06811523,,,2,SH.XPD.CHEX.PC.CD,Current health expenditure per capita (current US$),RU,Russian Federation
RUS,2016,463.29275513,,,2,SH.XPD.CHEX.PC.CD,Current health expenditure per capita (current US$),RU,Russian Federation
RUS,2015,496.94955444,,,2,SH.XPD.CHEX.PC.CD,Current health expenditure per capita (current US$),RU,Russian Federation
RUS,2014,736.32177734,,,2,SH.XPD.CHEX.PC.CD,Current health expenditure per capita (current US$),RU,Russian Federation
RUS,2013,805.52130127,,,2,SH.XPD.CHEX.PC.CD,Current health expenditure per capita (current US$),RU,Russian Federation
RUS,2012,755.48553467,,,2,SH.XPD.CHEX.PC.CD,Current health expenditure per capita (current US$),RU,Russian Federation
RUS,2011,681.04345703,,,2,SH.XPD.CHEX.PC.CD,Current health expenditure per capita (current US$),RU,Russian Federation
RUS,2010,564.30065918,,,2,SH.XPD.CHEX.PC.CD,Current health expenditure per capita (current US$),RU,Russian Federation
RUS,2009,513.91033936,,,2,SH.XPD.CHEX.PC.CD,Current health expenditure per capita (current US$),RU,Russian Federation
RUS,2008,606.77508545,,,2,SH.XPD.CHEX.PC.CD,Current health expenditure per capita (current US$),RU,Russian Federation
RUS,2007,459.60296631,,,2,SH.XPD.CHEX.PC.CD,Current health expenditure per capita (current US$),RU,Russian Federation
RUS,2006,350.84014893,,,2,SH.XPD.CHEX.PC.CD,Current health expenditure per capita (current US$),RU,Russian Federation
RUS,2005,270.1439209,,,2,SH.XPD.CHEX.PC.CD,Current health expenditure per capita (current US$),RU,Russian Federation
RUS,2004,207.61283875,,,2,SH.XPD.CHEX.PC.CD,Current health expenditure per capita (current US$),RU,Russian Federation
RUS,2003,163.31135559,,,2,SH.XPD.CHEX.PC.CD,Current health expenditure per capita (current US$),RU,Russian Federation
RUS,2002,140.05729675,,,2,SH.XPD.CHEX.PC.CD,Current health expenditure per capita (current US$),RU,Russian Federation
RUS,2001,117.87785339,,,2,SH.XPD.CHEX.PC.CD,Current health expenditure per capita (current US$),RU,Russian Federation
RUS,2000,95.20859528,,,2,SH.XPD.CHEX.PC.CD,Current health expenditure per capita (current US$),RU,Russian Federation
RWA,2023,52.65630722,,,2,SH.XPD.CHEX.PC.CD,Current health expenditure per capita (current US$),RW,Rwanda
RWA,2022,57.83102036,,,2,SH.XPD.CHEX.PC.CD,Current health expenditure per capita (current US$),RW,Rwanda
RWA,2021,51.64677429,,,2,SH.XPD.CHEX.PC.CD,Current health expenditure per capita (current US$),RW,Rwanda
RWA,2020,45.15266418,,,2,SH.XPD.CHEX.PC.CD,Current health expenditure per capita (current US$),RW,Rwanda
RWA,2019,39.81322098,,,2,SH.XPD.CHEX.PC.CD,Current health expenditure per capita (current US$),RW,Rwanda
RWA,2018,42.11674881,,,2,SH.XPD.CHEX.PC.CD,Current health expenditure per capita (current US$),RW,Rwanda
RWA,2017,40.76682663,,,2,SH.XPD.CHEX.PC.CD,Current health expenditure per capita (current US$),RW,Rwanda
RWA,2016,43.54212189,,,2,SH.XPD.CHEX.PC.CD,Current health expenditure per capita (current US$),RW,Rwanda
RWA,2015,48.81296921,,,2,SH.XPD.CHEX.PC.CD,Current health expenditure per capita (current US$),RW,Rwanda
RWA,2014,50.63835144,,,2,SH.XPD.CHEX.PC.CD,Current health expenditure per capita (current US$),RW,Rwanda
RWA,2013,47.75388718,,,2,SH.XPD.CHEX.PC.CD,Current health expenditure per capita (current US$),RW,Rwanda
RWA,2012,57.26393127,,,2,SH.XPD.CHEX.PC.CD,Current health expenditure per capita (current US$),RW,Rwanda
RWA,2011,51.64939499,,,2,SH.XPD.CHEX.PC.CD,Current health expenditure per capita (current US$),RW,Rwanda
RWA,2010,47.96871567,,,2,SH.XPD.CHEX.PC.CD,Current health expenditure per capita (current US$),RW,Rwanda
RWA,2009,43.99641418,,,2,SH.XPD.CHEX.PC.CD,Current health expenditure per capita (current US$),RW,Rwanda
RWA,2008,39.94568634,,,2,SH.XPD.CHEX.PC.CD,Current health expenditure per capita (current US$),RW,Rwanda
RWA,2007,33.50738907,,,2,SH.XPD.CHEX.PC.CD,Current health expenditure per capita (current US$),RW,Rwanda
RWA,2006,27.1564312,,,2,SH.XPD.CHEX.PC.CD,Current health expenditure per capita (current US$),RW,Rwanda
RWA,2005,25.02086639,,,2,SH.XPD.CHEX.PC.CD,Current health expenditure per capita (current US$),RW,Rwanda
RWA,2004,20.23413277,,,2,SH.XPD.CHEX.PC.CD,Current health expenditure per capita (current US$),RW,Rwanda
RWA,2003,17.25927353,,,2,SH.XPD.CHEX.PC.CD,Current health expenditure per capita (current US$),RW,Rwanda
RWA,2002,7.32393837,,,2,SH.XPD.CHEX.PC.CD,Current health expenditure per capita (current US$),RW,Rwanda
RWA,2001,7.86746025,,,2,SH.XPD.CHEX.PC.CD,Current health expenditure per capita (current US$),RW,Rwanda
RWA,2000,9.00399399,,,2,SH.XPD.CHEX.PC.CD,Current health expenditure per capita (current US$),RW,Rwanda
WSM,2023,292.81085205,,,2,SH.XPD.CHEX.PC.CD,Current health expenditure per capita (current US$),WS,Samoa
WSM,2022,259.95404053,,,2,SH.XPD.CHEX.PC.CD,Current health expenditure per capita (current US$),WS,Samoa
WSM,2021,285.65393066,,,2,SH.XPD.CHEX.PC.CD,Current health expenditure per capita (current US$),WS,Samoa
WSM,2020,252.77748108,,,2,SH.XPD.CHEX.PC.CD,Current health expenditure per capita (current US$),WS,Samoa
WSM,2019,242.91064453,,,2,SH.XPD.CHEX.PC.CD,Current health expenditure per capita (current US$),WS,Samoa
WSM,2018,200.40919495,,,2,SH.XPD.CHEX.PC.CD,Current health expenditure per capita (current US$),WS,Samoa
WSM,2017,220.82336426,,,2,SH.XPD.CHEX.PC.CD,Current health expenditure per capita (current US$),WS,Samoa
WSM,2016,238.35044861,,,2,SH.XPD.CHEX.PC.CD,Current health expenditure per capita (current US$),WS,Samoa
WSM,2015,232.50479126,,,2,SH.XPD.CHEX.PC.CD,Current health expenditure per capita (current US$),WS,Samoa
WSM,2014,252.30943298,,,2,SH.XPD.CHEX.PC.CD,Current health expenditure per capita (current US$),WS,Samoa
WSM,2013,247.41108704,,,2,SH.XPD.CHEX.PC.CD,Current health expenditure per capita (current US$),WS,Samoa
WSM,2012,197.01564026,,,2,SH.XPD.CHEX.PC.CD,Current health expenditure per capita (current US$),WS,Samoa
WSM,2011,211.88684082,,,2,SH.XPD.CHEX.PC.CD,Current health expenditure per capita (current US$),WS,Samoa
WSM,2010,185.43850708,,,2,SH.XPD.CHEX.PC.CD,Current health expenditure per capita (current US$),WS,Samoa
WSM,2009,172.45288086,,,2,SH.XPD.CHEX.PC.CD,Current health expenditure per capita (current US$),WS,Samoa
WSM,2008,156.89399719,,,2,SH.XPD.CHEX.PC.CD,Current health expenditure per capita (current US$),WS,Samoa
WSM,2007,147.84771729,,,2,SH.XPD.CHEX.PC.CD,Current health expenditure per capita (current US$),WS,Samoa
WSM,2006,133.41867065,,,2,SH.XPD.CHEX.PC.CD,Current health expenditure per capita (current US$),WS,Samoa
WSM,2005,121.24176788,,,2,SH.XPD.CHEX.PC.CD,Current health expenditure per capita (current US$),WS,Samoa
WSM,2004,104.42662811,,,2,SH.XPD.CHEX.PC.CD,Current health expenditure per capita (current US$),WS,Samoa
WSM,2003,81.95996094,,,2,SH.XPD.CHEX.PC.CD,Current health expenditure per capita (current US$),WS,Samoa
WSM,2002,72.41275024,,,2,SH.XPD.CHEX.PC.CD,Current health expenditure per capita (current US$),WS,Samoa
WSM,2001,56.09679031,,,2,SH.XPD.CHEX.PC.CD,Current health expenditure per capita (current US$),WS,Samoa
WSM,2000,60.4606514,,,2,SH.XPD.CHEX.PC.CD,Current health expenditure per capita (current US$),WS,Samoa
SMR,2023,3923.5234375,,,2,SH.XPD.CHEX.PC.CD,Current health expenditure per capita (current US$),SM,San Marino
SMR,2022,3874.98535156,,,2,SH.XPD.CHEX.PC.CD,Current health expenditure per capita (current US$),SM,San Marino
SMR,2021,4033.1027832,,,2,SH.XPD.CHEX.PC.CD,Current health expenditure per capita (current US$),SM,San Marino
SMR,2020,3758.609375,,,2,SH.XPD.CHEX.PC.CD,Current health expenditure per capita (current US$),SM,San Marino
SMR,2019,3801.21044922,,,2,SH.XPD.CHEX.PC.CD,Current health expenditure per capita (current US$),SM,San Marino
SMR,2018,3969.36474609,,,2,SH.XPD.CHEX.PC.CD,Current health expenditure per capita (current US$),SM,San Marino
SMR,2017,3672.30322266,,,2,SH.XPD.CHEX.PC.CD,Current health expenditure per capita (current US$),SM,San Marino
SMR,2016,3621.23266602,,,2,SH.XPD.CHEX.PC.CD,Current health expenditure per capita (current US$),SM,San Marino
SMR,2015,3530.04614258,,,2,SH.XPD.CHEX.PC.CD,Current health expenditure per capita (current US$),SM,San Marino
SMR,2014,4120.02685547,,,2,SH.XPD.CHEX.PC.CD,Current health expenditure per capita (current US$),SM,San Marino
SMR,2013,4113.46679688,,,2,SH.XPD.CHEX.PC.CD,Current health expenditure per capita (current US$),SM,San Marino
SMR,2012,4310.10009766,,,2,SH.XPD.CHEX.PC.CD,Current health expenditure per capita (current US$),SM,San Marino
SMR,2011,4550.35058594,,,2,SH.XPD.CHEX.PC.CD,Current health expenditure per capita (current US$),SM,San Marino
SMR,2010,3813.88354492,,,2,SH.XPD.CHEX.PC.CD,Current health expenditure per capita (current US$),SM,San Marino
SMR,2009,4242.50341797,,,2,SH.XPD.CHEX.PC.CD,Current health expenditure per capita (current US$),SM,San Marino
SMR,2008,4378.24853516,,,2,SH.XPD.CHEX.PC.CD,Current health expenditure per capita (current US$),SM,San Marino
SMR,2007,3804.50634766,,,2,SH.XPD.CHEX.PC.CD,Current health expenditure per capita (current US$),SM,San Marino
SMR,2006,3242.24291992,,,2,SH.XPD.CHEX.PC.CD,Current health expenditure per capita (current US$),SM,San Marino
SMR,2005,3055.63232422,,,2,SH.XPD.CHEX.PC.CD,Current health expenditure per capita (current US$),SM,San Marino
SMR,2004,2958.87963867,,,2,SH.XPD.CHEX.PC.CD,Current health expenditure per capita (current US$),SM,San Marino
SMR,2003,2506.68334961,,,2,SH.XPD.CHEX.PC.CD,Current health expenditure per capita (current US$),SM,San Marino
SMR,2002,2253.21850586,,,2,SH.XPD.CHEX.PC.CD,Current health expenditure per capita (current US$),SM,San Marino
SMR,2001,2202.07763672,,,2,SH.XPD.CHEX.PC.CD,Current health expenditure per capita (current US$),SM,San Marino
SMR,2000,2176.20825195,,,2,SH.XPD.CHEX.PC.CD,Current health expenditure per capita (current US$),SM,San Marino
STP,2023,171.05166626,,,2,SH.XPD.CHEX.PC.CD,Current health expenditure per capita (current US$),ST,Sao Tome and Principe
STP,2022,139.02836609,,,2,SH.XPD.CHEX.PC.CD,Current health expenditure per capita (current US$),ST,Sao Tome and Principe
STP,2021,187.06524658,,,2,SH.XPD.CHEX.PC.CD,Current health expenditure per capita (current US$),ST,Sao Tome and Principe
STP,2020,159.84396362,,,2,SH.XPD.CHEX.PC.CD,Current health expenditure per capita (current US$),ST,Sao Tome and Principe
STP,2019,106.86884308,,,2,SH.XPD.CHEX.PC.CD,Current health expenditure per capita (current US$),ST,Sao Tome and Principe
STP,2018,108.87628937,,,2,SH.XPD.CHEX.PC.CD,Current health expenditure per capita (current US$),ST,Sao Tome and Principe
STP,2017,117.07767487,,,2,SH.XPD.CHEX.PC.CD,Current health expenditure per capita (current US$),ST,Sao Tome and Principe
STP,2016,109.73142242,,,2,SH.XPD.CHEX.PC.CD,Current health expenditure per capita (current US$),ST,Sao Tome and Principe
STP,2015,85.37828827,,,2,SH.XPD.CHEX.PC.CD,Current health expenditure per capita (current US$),ST,Sao Tome and Principe
STP,2014,118.70980835,,,2,SH.XPD.CHEX.PC.CD,Current health expenditure per capita (current US$),ST,Sao Tome and Principe
STP,2013,124.59179688,,,2,SH.XPD.CHEX.PC.CD,Current health expenditure per capita (current US$),ST,Sao Tome and Principe
STP,2012,86.29039001,,,2,SH.XPD.CHEX.PC.CD,Current health expenditure per capita (current US$),ST,Sao Tome and Principe
STP,2011,69.45979309,,,2,SH.XPD.CHEX.PC.CD,Current health expenditure per capita (current US$),ST,Sao Tome and Principe
STP,2010,60.94829941,,,2,SH.XPD.CHEX.PC.CD,Current health expenditure per capita (current US$),ST,Sao Tome and Principe
STP,2009,64.90551758,,,2,SH.XPD.CHEX.PC.CD,Current health expenditure per capita (current US$),ST,Sao Tome and Principe
STP,2008,64.58831787,,,2,SH.XPD.CHEX.PC.CD,Current health expenditure per capita (current US$),ST,Sao Tome and Principe
STP,2007,59.71631241,,,2,SH.XPD.CHEX.PC.CD,Current health expenditure per capita (current US$),ST,Sao Tome and Principe
STP,2006,57.2040329,,,2,SH.XPD.CHEX.PC.CD,Current health expenditure per capita (current US$),ST,Sao Tome and Principe
STP,2005,80.13071442,,,2,SH.XPD.CHEX.PC.CD,Current health expenditure per capita (current US$),ST,Sao Tome and Principe
STP,2004,71.05591583,,,2,SH.XPD.CHEX.PC.CD,Current health expenditure per capita (current US$),ST,Sao Tome and Principe
STP,2003,71.20994568,,,2,SH.XPD.CHEX.PC.CD,Current health expenditure per capita (current US$),ST,Sao Tome and Principe
STP,2002,50.61143494,,,2,SH.XPD.CHEX.PC.CD,Current health expenditure per capita (current US$),ST,Sao Tome and Principe
STP,2001,47.14751816,,,2,SH.XPD.CHEX.PC.CD,Current health expenditure per capita (current US$),ST,Sao Tome and Principe
STP,2000,49.63587952,,,2,SH.XPD.CHEX.PC.CD,Current health expenditure per capita (current US$),ST,Sao Tome and Principe
SAU,2023,1825.2545166,,,2,SH.XPD.CHEX.PC.CD,Current health expenditure per capita (current US$),SA,Saudi Arabia
SAU,2022,1830.89074707,,,2,SH.XPD.CHEX.PC.CD,Current health expenditure per capita (current US$),SA,Saudi Arabia
SAU,2021,1654.74353027,,,2,SH.XPD.CHEX.PC.CD,Current health expenditure per capita (current US$),SA,Saudi Arabia
SAU,2020,1574.70068359,,,2,SH.XPD.CHEX.PC.CD,Current health expenditure per capita (current US$),SA,Saudi Arabia
SAU,2019,1504.55249023,,,2,SH.XPD.CHEX.PC.CD,Current health expenditure per capita (current US$),SA,Saudi Arabia
SAU,2018,1488.9753418,,,2,SH.XPD.CHEX.PC.CD,Current health expenditure per capita (current US$),SA,Saudi Arabia
SAU,2017,1400.90356445,,,2,SH.XPD.CHEX.PC.CD,Current health expenditure per capita (current US$),SA,Saudi Arabia
SAU,2016,1353.21813965,,,2,SH.XPD.CHEX.PC.CD,Current health expenditure per capita (current US$),SA,Saudi Arabia
SAU,2015,1309.27148438,,,2,SH.XPD.CHEX.PC.CD,Current health expenditure per capita (current US$),SA,Saudi Arabia
SAU,2014,1363.59155273,,,2,SH.XPD.CHEX.PC.CD,Current health expenditure per capita (current US$),SA,Saudi Arabia
SAU,2013,1189.67932129,,,2,SH.XPD.CHEX.PC.CD,Current health expenditure per capita (current US$),SA,Saudi Arabia
SAU,2012,1093.15588379,,,2,SH.XPD.CHEX.PC.CD,Current health expenditure per capita (current US$),SA,Saudi Arabia
SAU,2011,954.38873291,,,2,SH.XPD.CHEX.PC.CD,Current health expenditure per capita (current US$),SA,Saudi Arabia
SAU,2010,765.91680908,,,2,SH.XPD.CHEX.PC.CD,Current health expenditure per capita (current US$),SA,Saudi Arabia
SAU,2009,760.19476318,,,2,SH.XPD.CHEX.PC.CD,Current health expenditure per capita (current US$),SA,Saudi Arabia
SAU,2008,663.14331055,,,2,SH.XPD.CHEX.PC.CD,Current health expenditure per capita (current US$),SA,Saudi Arabia
SAU,2007,662.00793457,,,2,SH.XPD.CHEX.PC.CD,Current health expenditure per capita (current US$),SA,Saudi Arabia
SAU,2006,634.81872559,,,2,SH.XPD.CHEX.PC.CD,Current health expenditure per capita (current US$),SA,Saudi Arabia
SAU,2005,545.73571777,,,2,SH.XPD.CHEX.PC.CD,Current health expenditure per capita (current US$),SA,Saudi Arabia
SAU,2004,471.45797729,,,2,SH.XPD.CHEX.PC.CD,Current health expenditure per capita (current US$),SA,Saudi Arabia
SAU,2003,457.08770752,,,2,SH.XPD.CHEX.PC.CD,Current health expenditure per capita (current US$),SA,Saudi Arabia
SAU,2002,449.84130859,,,2,SH.XPD.CHEX.PC.CD,Current health expenditure per capita (current US$),SA,Saudi Arabia
SAU,2001,482.10446167,,,2,SH.XPD.CHEX.PC.CD,Current health expenditure per capita (current US$),SA,Saudi Arabia
SAU,2000,493.36984253,,,2,SH.XPD.CHEX.PC.CD,Current health expenditure per capita (current US$),SA,Saudi Arabia
SEN,2023,73.22670746,,,2,SH.XPD.CHEX.PC.CD,Current health expenditure per capita (current US$),SN,Senegal
SEN,2022,63.44842529,,,2,SH.XPD.CHEX.PC.CD,Current health expenditure per capita (current US$),SN,Senegal
SEN,2021,71.12162781,,,2,SH.XPD.CHEX.PC.CD,Current health expenditure per capita (current US$),SN,Senegal
SEN,2020,75.16521454,,,2,SH.XPD.CHEX.PC.CD,Current health expenditure per capita (current US$),SN,Senegal
SEN,2019,64.33670807,,,2,SH.XPD.CHEX.PC.CD,Current health expenditure per capita (current US$),SN,Senegal
SEN,2018,64.37467957,,,2,SH.XPD.CHEX.PC.CD,Current health expenditure per capita (current US$),SN,Senegal
SEN,2017,56.49185944,,,2,SH.XPD.CHEX.PC.CD,Current health expenditure per capita (current US$),SN,Senegal
SEN,2016,53.90053558,,,2,SH.XPD.CHEX.PC.CD,Current health expenditure per capita (current US$),SN,Senegal
SEN,2015,53.32304382,,,2,SH.XPD.CHEX.PC.CD,Current health expenditure per capita (current US$),SN,Senegal
SEN,2014,61.40605545,,,2,SH.XPD.CHEX.PC.CD,Current health expenditure per capita (current US$),SN,Senegal
SEN,2013,60.51578903,,,2,SH.XPD.CHEX.PC.CD,Current health expenditure per capita (current US$),SN,Senegal
SEN,2012,56.61458969,,,2,SH.XPD.CHEX.PC.CD,Current health expenditure per capita (current US$),SN,Senegal
SEN,2011,57.93114853,,,2,SH.XPD.CHEX.PC.CD,Current health expenditure per capita (current US$),SN,Senegal
SEN,2010,51.38805008,,,2,SH.XPD.CHEX.PC.CD,Current health expenditure per capita (current US$),SN,Senegal
SEN,2009,50.27443314,,,2,SH.XPD.CHEX.PC.CD,Current health expenditure per capita (current US$),SN,Senegal
SEN,2008,49.05390167,,,2,SH.XPD.CHEX.PC.CD,Current health expenditure per capita (current US$),SN,Senegal
SEN,2007,40.60185623,,,2,SH.XPD.CHEX.PC.CD,Current health expenditure per capita (current US$),SN,Senegal
SEN,2006,38.28113556,,,2,SH.XPD.CHEX.PC.CD,Current health expenditure per capita (current US$),SN,Senegal
SEN,2005,36.00606155,,,2,SH.XPD.CHEX.PC.CD,Current health expenditure per capita (current US$),SN,Senegal
SEN,2004,41.94406128,,,2,SH.XPD.CHEX.PC.CD,Current health expenditure per capita (current US$),SN,Senegal
SEN,2003,35.14493942,,,2,SH.XPD.CHEX.PC.CD,Current health expenditure per capita (current US$),SN,Senegal
SEN,2002,26.46221161,,,2,SH.XPD.CHEX.PC.CD,Current health expenditure per capita (current US$),SN,Senegal
SEN,2001,23.45893669,,,2,SH.XPD.CHEX.PC.CD,Current health expenditure per capita (current US$),SN,Senegal
SEN,2000,21.41570663,,,2,SH.XPD.CHEX.PC.CD,Current health expenditure per capita (current US$),SN,Senegal
SRB,2023,983.69372559,,,2,SH.XPD.CHEX.PC.CD,Current health expenditure per capita (current US$),RS,Serbia
SRB,2022,843.57733154,,,2,SH.XPD.CHEX.PC.CD,Current health expenditure per capita (current US$),RS,Serbia
SRB,2021,889.09753418,,,2,SH.XPD.CHEX.PC.CD,Current health expenditure per capita (current US$),RS,Serbia
SRB,2020,670.03564453,,,2,SH.XPD.CHEX.PC.CD,Current health expenditure per capita (current US$),RS,Serbia
SRB,2019,641.04754639,,,2,SH.XPD.CHEX.PC.CD,Current health expenditure per capita (current US$),RS,Serbia
SRB,2018,617.08691406,,,2,SH.XPD.CHEX.PC.CD,Current health expenditure per capita (current US$),RS,Serbia
SRB,2017,515.84570313,,,2,SH.XPD.CHEX.PC.CD,Current health expenditure per capita (current US$),RS,Serbia
SRB,2016,486.42944336,,,2,SH.XPD.CHEX.PC.CD,Current health expenditure per capita (current US$),RS,Serbia
SRB,2015,491.25177002,,,2,SH.XPD.CHEX.PC.CD,Current health expenditure per capita (current US$),RS,Serbia
SRB,2014,608.85858154,,,2,SH.XPD.CHEX.PC.CD,Current health expenditure per capita (current US$),RS,Serbia
SRB,2013,627.53308105,,,2,SH.XPD.CHEX.PC.CD,Current health expenditure per capita (current US$),RS,Serbia
SRB,2012,559.90545654,,,2,SH.XPD.CHEX.PC.CD,Current health expenditure per capita (current US$),RS,Serbia
SRB,2011,618.89422607,,,2,SH.XPD.CHEX.PC.CD,Current health expenditure per capita (current US$),RS,Serbia
SRB,2010,545.33380127,,,2,SH.XPD.CHEX.PC.CD,Current health expenditure per capita (current US$),RS,Serbia
SRB,2009,575.262146,,,2,SH.XPD.CHEX.PC.CD,Current health expenditure per capita (current US$),RS,Serbia
SRB,2008,671.88702393,,,2,SH.XPD.CHEX.PC.CD,Current health expenditure per capita (current US$),RS,Serbia
SRB,2007,547.22723389,,,2,SH.XPD.CHEX.PC.CD,Current health expenditure per capita (current US$),RS,Serbia
SRB,2006,371.506073,,,2,SH.XPD.CHEX.PC.CD,Current health expenditure per capita (current US$),RS,Serbia
SRB,2005,307.54705811,,,2,SH.XPD.CHEX.PC.CD,Current health expenditure per capita (current US$),RS,Serbia
SRB,2004,274.45532227,,,2,SH.XPD.CHEX.PC.CD,Current health expenditure per capita (current US$),RS,Serbia
SRB,2003,230.08865356,,,2,SH.XPD.CHEX.PC.CD,Current health expenditure per capita (current US$),RS,Serbia
SRB,2002,173.24946594,,,2,SH.XPD.CHEX.PC.CD,Current health expenditure per capita (current US$),RS,Serbia
SRB,2001,112.19754028,,,2,SH.XPD.CHEX.PC.CD,Current health expenditure per capita (current US$),RS,Serbia
SRB,2000,56.52191544,,,2,SH.XPD.CHEX.PC.CD,Current health expenditure per capita (current US$),RS,Serbia
SYC,2023,766.28778076,,,2,SH.XPD.CHEX.PC.CD,Current health expenditure per capita (current US$),SC,Seychelles
SYC,2022,707.34448242,,,2,SH.XPD.CHEX.PC.CD,Current health expenditure per capita (current US$),SC,Seychelles
SYC,2021,629.85974121,,,2,SH.XPD.CHEX.PC.CD,Current health expenditure per capita (current US$),SC,Seychelles
SYC,2020,670.88684082,,,2,SH.XPD.CHEX.PC.CD,Current health expenditure per capita (current US$),SC,Seychelles
SYC,2019,675.47839355,,,2,SH.XPD.CHEX.PC.CD,Current health expenditure per capita (current US$),SC,Seychelles
SYC,2018,685.10827637,,,2,SH.XPD.CHEX.PC.CD,Current health expenditure per capita (current US$),SC,Seychelles
SYC,2017,667.09515381,,,2,SH.XPD.CHEX.PC.CD,Current health expenditure per capita (current US$),SC,Seychelles
SYC,2016,673.19622803,,,2,SH.XPD.CHEX.PC.CD,Current health expenditure per capita (current US$),SC,Seychelles
SYC,2015,566.96704102,,,2,SH.XPD.CHEX.PC.CD,Current health expenditure per capita (current US$),SC,Seychelles
SYC,2014,588.18261719,,,2,SH.XPD.CHEX.PC.CD,Current health expenditure per capita (current US$),SC,Seychelles
SYC,2013,545.24871826,,,2,SH.XPD.CHEX.PC.CD,Current health expenditure per capita (current US$),SC,Seychelles
SYC,2012,562.99871826,,,2,SH.XPD.CHEX.PC.CD,Current health expenditure per capita (current US$),SC,Seychelles
SYC,2011,457.16436768,,,2,SH.XPD.CHEX.PC.CD,Current health expenditure per capita (current US$),SC,Seychelles
SYC,2010,449.52416992,,,2,SH.XPD.CHEX.PC.CD,Current health expenditure per capita (current US$),SC,Seychelles
SYC,2009,310.96310425,,,2,SH.XPD.CHEX.PC.CD,Current health expenditure per capita (current US$),SC,Seychelles
SYC,2008,367.36502075,,,2,SH.XPD.CHEX.PC.CD,Current health expenditure per capita (current US$),SC,Seychelles
SYC,2007,428.61749268,,,2,SH.XPD.CHEX.PC.CD,Current health expenditure per capita (current US$),SC,Seychelles
SYC,2006,487.17950439,,,2,SH.XPD.CHEX.PC.CD,Current health expenditure per capita (current US$),SC,Seychelles
SYC,2005,457.77093506,,,2,SH.XPD.CHEX.PC.CD,Current health expenditure per capita (current US$),SC,Seychelles
SYC,2004,444.24789429,,,2,SH.XPD.CHEX.PC.CD,Current health expenditure per capita (current US$),SC,Seychelles
SYC,2003,394.09664917,,,2,SH.XPD.CHEX.PC.CD,Current health expenditure per capita (current US$),SC,Seychelles
SYC,2002,340.82293701,,,2,SH.XPD.CHEX.PC.CD,Current health expenditure per capita (current US$),SC,Seychelles
SYC,2001,334.48275757,,,2,SH.XPD.CHEX.PC.CD,Current health expenditure per capita (current US$),SC,Seychelles
SYC,2000,340.23703003,,,2,SH.XPD.CHEX.PC.CD,Current health expenditure per capita (current US$),SC,Seychelles
SLE,2023,35.76205063,,,2,SH.XPD.CHEX.PC.CD,Current health expenditure per capita (current US$),SL,Sierra Leone
SLE,2022,41.31875229,,,2,SH.XPD.CHEX.PC.CD,Current health expenditure per capita (current US$),SL,Sierra Leone
SLE,2021,44.90049362,,,2,SH.XPD.CHEX.PC.CD,Current health expenditure per capita (current US$),SL,Sierra Leone
SLE,2020,47.8861618,,,2,SH.XPD.CHEX.PC.CD,Current health expenditure per capita (current US$),SL,Sierra Leone
SLE,2019,48.13619995,,,2,SH.XPD.CHEX.PC.CD,Current health expenditure per capita (current US$),SL,Sierra Leone
SLE,2018,44.82733536,,,2,SH.XPD.CHEX.PC.CD,Current health expenditure per capita (current US$),SL,Sierra Leone
SLE,2017,47.37737274,,,2,SH.XPD.CHEX.PC.CD,Current health expenditure per capita (current US$),SL,Sierra Leone
SLE,2016,84.22316742,,,2,SH.XPD.CHEX.PC.CD,Current health expenditure per capita (current US$),SL,Sierra Leone
SLE,2015,118.66024017,,,2,SH.XPD.CHEX.PC.CD,Current health expenditure per capita (current US$),SL,Sierra Leone
SLE,2014,143.60603333,,,2,SH.XPD.CHEX.PC.CD,Current health expenditure per capita (current US$),SL,Sierra Leone
SLE,2013,84.93772125,,,2,SH.XPD.CHEX.PC.CD,Current health expenditure per capita (current US$),SL,Sierra Leone
SLE,2012,51.99141312,,,2,SH.XPD.CHEX.PC.CD,Current health expenditure per capita (current US$),SL,Sierra Leone
SLE,2011,49.6336174,,,2,SH.XPD.CHEX.PC.CD,Current health expenditure per capita (current US$),SL,Sierra Leone
SLE,2010,37.84529114,,,2,SH.XPD.CHEX.PC.CD,Current health expenditure per capita (current US$),SL,Sierra Leone
SLE,2009,39.29960632,,,2,SH.XPD.CHEX.PC.CD,Current health expenditure per capita (current US$),SL,Sierra Leone
SLE,2008,37.23431396,,,2,SH.XPD.CHEX.PC.CD,Current health expenditure per capita (current US$),SL,Sierra Leone
SLE,2007,31.90766907,,,2,SH.XPD.CHEX.PC.CD,Current health expenditure per capita (current US$),SL,Sierra Leone
SLE,2006,29.63347244,,,2,SH.XPD.CHEX.PC.CD,Current health expenditure per capita (current US$),SL,Sierra Leone
SLE,2005,26.04933357,,,2,SH.XPD.CHEX.PC.CD,Current health expenditure per capita (current US$),SL,Sierra Leone
SLE,2004,23.03477859,,,2,SH.XPD.CHEX.PC.CD,Current health expenditure per capita (current US$),SL,Sierra Leone
SLE,2003,21.7804718,,,2,SH.XPD.CHEX.PC.CD,Current health expenditure per capita (current US$),SL,Sierra Leone
SLE,2002,22.29375267,,,2,SH.XPD.CHEX.PC.CD,Current health expenditure per capita (current US$),SL,Sierra Leone
SLE,2001,19.32042122,,,2,SH.XPD.CHEX.PC.CD,Current health expenditure per capita (current US$),SL,Sierra Leone
SLE,2000,17.66835022,,,2,SH.XPD.CHEX.PC.CD,Current health expenditure per capita (current US$),SL,Sierra Leone
SGP,2023,3921.60253906,,,2,SH.XPD.CHEX.PC.CD,Current health expenditure per capita (current US$),SG,Singapore
SGP,2022,3902.14428711,,,2,SH.XPD.CHEX.PC.CD,Current health expenditure per capita (current US$),SG,Singapore
SGP,2021,4050.81054688,,,2,SH.XPD.CHEX.PC.CD,Current health expenditure per capita (current US$),SG,Singapore
SGP,2020,3541.36450195,,,2,SH.XPD.CHEX.PC.CD,Current health expenditure per capita (current US$),SG,Singapore
SGP,2019,2924.24707031,,,2,SH.XPD.CHEX.PC.CD,Current health expenditure per capita (current US$),SG,Singapore
SGP,2018,2726.00683594,,,2,SH.XPD.CHEX.PC.CD,Current health expenditure per capita (current US$),SG,Singapore
SGP,2017,2673.66210938,,,2,SH.XPD.CHEX.PC.CD,Current health expenditure per capita (current US$),SG,Singapore
SGP,2016,2509.92163086,,,2,SH.XPD.CHEX.PC.CD,Current health expenditure per capita (current US$),SG,Singapore
SGP,2015,2330.39599609,,,2,SH.XPD.CHEX.PC.CD,Current health expenditure per capita (current US$),SG,Singapore
SGP,2014,2233.34960938,,,2,SH.XPD.CHEX.PC.CD,Current health expenditure per capita (current US$),SG,Singapore
SGP,2013,2102.97021484,,,2,SH.XPD.CHEX.PC.CD,Current health expenditure per capita (current US$),SG,Singapore
SGP,2012,1853.02429199,,,2,SH.XPD.CHEX.PC.CD,Current health expenditure per capita (current US$),SG,Singapore
SGP,2011,1700.1685791,,,2,SH.XPD.CHEX.PC.CD,Current health expenditure per capita (current US$),SG,Singapore
SGP,2010,1510.66784668,,,2,SH.XPD.CHEX.PC.CD,Current health expenditure per capita (current US$),SG,Singapore
SGP,2009,1326.11682129,,,2,SH.XPD.CHEX.PC.CD,Current health expenditure per capita (current US$),SG,Singapore
SGP,2008,1286.91345215,,,2,SH.XPD.CHEX.PC.CD,Current health expenditure per capita (current US$),SG,Singapore
SGP,2007,1116.97937012,,,2,SH.XPD.CHEX.PC.CD,Current health expenditure per capita (current US$),SG,Singapore
SGP,2006,989.73895264,,,2,SH.XPD.CHEX.PC.CD,Current health expenditure per capita (current US$),SG,Singapore
SGP,2005,908.3760376,,,2,SH.XPD.CHEX.PC.CD,Current health expenditure per capita (current US$),SG,Singapore
SGP,2004,868.43688965,,,2,SH.XPD.CHEX.PC.CD,Current health expenditure per capita (current US$),SG,Singapore
SGP,2003,851.10961914,,,2,SH.XPD.CHEX.PC.CD,Current health expenditure per capita (current US$),SG,Singapore
SGP,2002,749.44445801,,,2,SH.XPD.CHEX.PC.CD,Current health expenditure per capita (current US$),SG,Singapore
SGP,2001,690.01330566,,,2,SH.XPD.CHEX.PC.CD,Current health expenditure per capita (current US$),SG,Singapore
SGP,2000,796.03100586,,,2,SH.XPD.CHEX.PC.CD,Current health expenditure per capita (current US$),SG,Singapore
SXM,2023,,,,2,SH.XPD.CHEX.PC.CD,Current health expenditure per capita (current US$),SX,Sint Maarten (Dutch part)
SXM,2022,,,,2,SH.XPD.CHEX.PC.CD,Current health expenditure per capita (current US$),SX,Sint Maarten (Dutch part)
SXM,2021,,,,2,SH.XPD.CHEX.PC.CD,Current health expenditure per capita (current US$),SX,Sint Maarten (Dutch part)
SXM,2020,,,,2,SH.XPD.CHEX.PC.CD,Current health expenditure per capita (current US$),SX,Sint Maarten (Dutch part)
SXM,2019,,,,2,SH.XPD.CHEX.PC.CD,Current health expenditure per capita (current US$),SX,Sint Maarten (Dutch part)
SXM,2018,,,,2,SH.XPD.CHEX.PC.CD,Current health expenditure per capita (current US$),SX,Sint Maarten (Dutch part)
SXM,2017,,,,2,SH.XPD.CHEX.PC.CD,Current health expenditure per capita (current US$),SX,Sint Maarten (Dutch part)
SXM,2016,,,,2,SH.XPD.CHEX.PC.CD,Current health expenditure per capita (current US$),SX,Sint Maarten (Dutch part)
SXM,2015,,,,2,SH.XPD.CHEX.PC.CD,Current health expenditure per capita (current US$),SX,Sint Maarten (Dutch part)
SXM,2014,,,,2,SH.XPD.CHEX.PC.CD,Current health expenditure per capita (current US$),SX,Sint Maarten (Dutch part)
SXM,2013,,,,2,SH.XPD.CHEX.PC.CD,Current health expenditure per capita (current US$),SX,Sint Maarten (Dutch part)
SXM,2012,,,,2,SH.XPD.CHEX.PC.CD,Current health expenditure per capita (current US$),SX,Sint Maarten (Dutch part)
SXM,2011,,,,2,SH.XPD.CHEX.PC.CD,Current health expenditure per capita (current US$),SX,Sint Maarten (Dutch part)
SXM,2010,,,,2,SH.XPD.CHEX.PC.CD,Current health expenditure per capita (current US$),SX,Sint Maarten (Dutch part)
SXM,2009,,,,2,SH.XPD.CHEX.PC.CD,Current health expenditure per capita (current US$),SX,Sint Maarten (Dutch part)
SXM,2008,,,,2,SH.XPD.CHEX.PC.CD,Current health expenditure per capita (current US$),SX,Sint Maarten (Dutch part)
SXM,2007,,,,2,SH.XPD.CHEX.PC.CD,Current health expenditure per capita (current US$),SX,Sint Maarten (Dutch part)
SXM,2006,,,,2,SH.XPD.CHEX.PC.CD,Current health expenditure per capita (current US$),SX,Sint Maarten (Dutch part)
SXM,2005,,,,2,SH.XPD.CHEX.PC.CD,Current health expenditure per capita (current US$),SX,Sint Maarten (Dutch part)
SXM,2004,,,,2,SH.XPD.CHEX.PC.CD,Current health expenditure per capita (current US$),SX,Sint Maarten (Dutch part)
SXM,2003,,,,2,SH.XPD.CHEX.PC.CD,Current health expenditure per capita (current US$),SX,Sint Maarten (Dutch part)
SXM,2002,,,,2,SH.XPD.CHEX.PC.CD,Current health expenditure per capita (current US$),SX,Sint Maarten (Dutch part)
SXM,2001,,,,2,SH.XPD.CHEX.PC.CD,Current health expenditure per capita (current US$),SX,Sint Maarten (Dutch part)
SXM,2000,,,,2,SH.XPD.CHEX.PC.CD,Current health expenditure per capita (current US$),SX,Sint Maarten (Dutch part)
SVK,2023,1813.46618652,,,2,SH.XPD.CHEX.PC.CD,Current health expenditure per capita (current US$),SK,Slovak Republic
SVK,2022,1642.39208984,,,2,SH.XPD.CHEX.PC.CD,Current health expenditure per capita (current US$),SK,Slovak Republic
SVK,2021,1684.51550293,,,2,SH.XPD.CHEX.PC.CD,Current health expenditure per capita (current US$),SK,Slovak Republic
SVK,2020,1393.62438965,,,2,SH.XPD.CHEX.PC.CD,Current health expenditure per capita (current US$),SK,Slovak Republic
SVK,2019,1342.07580566,,,2,SH.XPD.CHEX.PC.CD,Current health expenditure per capita (current US$),SK,Slovak Republic
SVK,2018,1299.91125488,,,2,SH.XPD.CHEX.PC.CD,Current health expenditure per capita (current US$),SK,Slovak Republic
SVK,2017,1189.07983398,,,2,SH.XPD.CHEX.PC.CD,Current health expenditure per capita (current US$),SK,Slovak Republic
SVK,2016,1175.6270752,,,2,SH.XPD.CHEX.PC.CD,Current health expenditure per capita (current US$),SK,Slovak Republic
SVK,2015,1108.87817383,,,2,SH.XPD.CHEX.PC.CD,Current health expenditure per capita (current US$),SK,Slovak Republic
SVK,2014,1289.34851074,,,2,SH.XPD.CHEX.PC.CD,Current health expenditure per capita (current US$),SK,Slovak Republic
SVK,2013,1370.46765137,,,2,SH.XPD.CHEX.PC.CD,Current health expenditure per capita (current US$),SK,Slovak Republic
SVK,2012,1319.43823242,,,2,SH.XPD.CHEX.PC.CD,Current health expenditure per capita (current US$),SK,Slovak Republic
SVK,2011,1352.43835449,,,2,SH.XPD.CHEX.PC.CD,Current health expenditure per capita (current US$),SK,Slovak Republic
SVK,2010,1296.54284668,,,2,SH.XPD.CHEX.PC.CD,Current health expenditure per capita (current US$),SK,Slovak Republic
SVK,2009,1320.09301758,,,2,SH.XPD.CHEX.PC.CD,Current health expenditure per capita (current US$),SK,Slovak Republic
SVK,2008,1251.67724609,,,2,SH.XPD.CHEX.PC.CD,Current health expenditure per capita (current US$),SK,Slovak Republic
SVK,2007,1029.30029297,,,2,SH.XPD.CHEX.PC.CD,Current health expenditure per capita (current US$),SK,Slovak Republic
SVK,2006,729.01324463,,,2,SH.XPD.CHEX.PC.CD,Current health expenditure per capita (current US$),SK,Slovak Republic
SVK,2005,601.31323242,,,2,SH.XPD.CHEX.PC.CD,Current health expenditure per capita (current US$),SK,Slovak Republic
SVK,2004,511.52990723,,,2,SH.XPD.CHEX.PC.CD,Current health expenditure per capita (current US$),SK,Slovak Republic
SVK,2003,344.47335815,,,2,SH.XPD.CHEX.PC.CD,Current health expenditure per capita (current US$),SK,Slovak Republic
SVK,2002,254.12765503,,,2,SH.XPD.CHEX.PC.CD,Current health expenditure per capita (current US$),SK,Slovak Republic
SVK,2001,212.22207642,,,2,SH.XPD.CHEX.PC.CD,Current health expenditure per capita (current US$),SK,Slovak Republic
SVK,2000,203.50627136,,,2,SH.XPD.CHEX.PC.CD,Current health expenditure per capita (current US$),SK,Slovak Republic
SVN,2023,3037.7644043,,,2,SH.XPD.CHEX.PC.CD,Current health expenditure per capita (current US$),SI,Slovenia
SVN,2022,2737.84936523,,,2,SH.XPD.CHEX.PC.CD,Current health expenditure per capita (current US$),SI,Slovenia
SVN,2021,2779.56591797,,,2,SH.XPD.CHEX.PC.CD,Current health expenditure per capita (current US$),SI,Slovenia
SVN,2020,2417.20874023,,,2,SH.XPD.CHEX.PC.CD,Current health expenditure per capita (current US$),SI,Slovenia
SVN,2019,2219.09790039,,,2,SH.XPD.CHEX.PC.CD,Current health expenditure per capita (current US$),SI,Slovenia
SVN,2018,2169.57885742,,,2,SH.XPD.CHEX.PC.CD,Current health expenditure per capita (current US$),SI,Slovenia
SVN,2017,1925.03466797,,,2,SH.XPD.CHEX.PC.CD,Current health expenditure per capita (current US$),SI,Slovenia
SVN,2016,1838.65405273,,,2,SH.XPD.CHEX.PC.CD,Current health expenditure per capita (current US$),SI,Slovenia
SVN,2015,1775.86071777,,,2,SH.XPD.CHEX.PC.CD,Current health expenditure per capita (current US$),SI,Slovenia
SVN,2014,2062.38476563,,,2,SH.XPD.CHEX.PC.CD,Current health expenditure per capita (current US$),SI,Slovenia
SVN,2013,2055.38134766,,,2,SH.XPD.CHEX.PC.CD,Current health expenditure per capita (current US$),SI,Slovenia
SVN,2012,1974.85400391,,,2,SH.XPD.CHEX.PC.CD,Current health expenditure per capita (current US$),SI,Slovenia
SVN,2011,2147.80517578,,,2,SH.XPD.CHEX.PC.CD,Current health expenditure per capita (current US$),SI,Slovenia
SVN,2010,2017.14660645,,,2,SH.XPD.CHEX.PC.CD,Current health expenditure per capita (current US$),SI,Slovenia
SVN,2009,2125.05688477,,,2,SH.XPD.CHEX.PC.CD,Current health expenditure per capita (current US$),SI,Slovenia
SVN,2008,2179.45239258,,,2,SH.XPD.CHEX.PC.CD,Current health expenditure per capita (current US$),SI,Slovenia
SVN,2007,1795.95043945,,,2,SH.XPD.CHEX.PC.CD,Current health expenditure per capita (current US$),SI,Slovenia
SVN,2006,1541.66430664,,,2,SH.XPD.CHEX.PC.CD,Current health expenditure per capita (current US$),SI,Slovenia
SVN,2005,1449.18920898,,,2,SH.XPD.CHEX.PC.CD,Current health expenditure per capita (current US$),SI,Slovenia
SVN,2004,1368.64855957,,,2,SH.XPD.CHEX.PC.CD,Current health expenditure per capita (current US$),SI,Slovenia
SVN,2003,1203.06359863,,,2,SH.XPD.CHEX.PC.CD,Current health expenditure per capita (current US$),SI,Slovenia
SVN,2002,944.87145996,,,2,SH.XPD.CHEX.PC.CD,Current health expenditure per capita (current US$),SI,Slovenia
SVN,2001,826.22576904,,,2,SH.XPD.CHEX.PC.CD,Current health expenditure per capita (current US$),SI,Slovenia
SVN,2000,796.64703369,,,2,SH.XPD.CHEX.PC.CD,Current health expenditure per capita (current US$),SI,Slovenia
SLB,2023,111.35532379,,,2,SH.XPD.CHEX.PC.CD,Current health expenditure per capita (current US$),SB,Solomon Islands
SLB,2022,96.74864197,,,2,SH.XPD.CHEX.PC.CD,Current health expenditure per capita (current US$),SB,Solomon Islands
SLB,2021,98.80261993,,,2,SH.XPD.CHEX.PC.CD,Current health expenditure per capita (current US$),SB,Solomon Islands
SLB,2020,100.99560547,,,2,SH.XPD.CHEX.PC.CD,Current health expenditure per capita (current US$),SB,Solomon Islands
SLB,2019,98.67025757,,,2,SH.XPD.CHEX.PC.CD,Current health expenditure per capita (current US$),SB,Solomon Islands
SLB,2018,88.03850555,,,2,SH.XPD.CHEX.PC.CD,Current health expenditure per capita (current US$),SB,Solomon Islands
SLB,2017,89.29357147,,,2,SH.XPD.CHEX.PC.CD,Current health expenditure per capita (current US$),SB,Solomon Islands
SLB,2016,94.32994843,,,2,SH.XPD.CHEX.PC.CD,Current health expenditure per capita (current US$),SB,Solomon Islands
SLB,2015,91.08989716,,,2,SH.XPD.CHEX.PC.CD,Current health expenditure per capita (current US$),SB,Solomon Islands
SLB,2014,105.85440826,,,2,SH.XPD.CHEX.PC.CD,Current health expenditure per capita (current US$),SB,Solomon Islands
SLB,2013,98.99965668,,,2,SH.XPD.CHEX.PC.CD,Current health expenditure per capita (current US$),SB,Solomon Islands
SLB,2012,100.84831238,,,2,SH.XPD.CHEX.PC.CD,Current health expenditure per capita (current US$),SB,Solomon Islands
SLB,2011,95.51364136,,,2,SH.XPD.CHEX.PC.CD,Current health expenditure per capita (current US$),SB,Solomon Islands
SLB,2010,74.17661285,,,2,SH.XPD.CHEX.PC.CD,Current health expenditure per capita (current US$),SB,Solomon Islands
SLB,2009,93.879776,,,2,SH.XPD.CHEX.PC.CD,Current health expenditure per capita (current US$),SB,Solomon Islands
SLB,2008,75.66864014,,,2,SH.XPD.CHEX.PC.CD,Current health expenditure per capita (current US$),SB,Solomon Islands
SLB,2007,89.10964203,,,2,SH.XPD.CHEX.PC.CD,Current health expenditure per capita (current US$),SB,Solomon Islands
SLB,2006,87.74922943,,,2,SH.XPD.CHEX.PC.CD,Current health expenditure per capita (current US$),SB,Solomon Islands
SLB,2005,89.02578735,,,2,SH.XPD.CHEX.PC.CD,Current health expenditure per capita (current US$),SB,Solomon Islands
SLB,2004,64.72148895,,,2,SH.XPD.CHEX.PC.CD,Current health expenditure per capita (current US$),SB,Solomon Islands
SLB,2003,53.52047729,,,2,SH.XPD.CHEX.PC.CD,Current health expenditure per capita (current US$),SB,Solomon Islands
SLB,2002,76.49930573,,,2,SH.XPD.CHEX.PC.CD,Current health expenditure per capita (current US$),SB,Solomon Islands
SLB,2001,60.23266602,,,2,SH.XPD.CHEX.PC.CD,Current health expenditure per capita (current US$),SB,Solomon Islands
SLB,2000,46.02681351,,,2,SH.XPD.CHEX.PC.CD,Current health expenditure per capita (current US$),SB,Solomon Islands
SOM,2023,22.37065506,,,2,SH.XPD.CHEX.PC.CD,Current health expenditure per capita (current US$),SO,"Somalia, Fed. Rep."
SOM,2022,16.31684875,,,2,SH.XPD.CHEX.PC.CD,Current health expenditure per capita (current US$),SO,"Somalia, Fed. Rep."
SOM,2021,15.01879692,,,2,SH.XPD.CHEX.PC.CD,Current health expenditure per capita (current US$),SO,"Somalia, Fed. Rep."
SOM,2020,12.79912567,,,2,SH.XPD.CHEX.PC.CD,Current health expenditure per capita (current US$),SO,"Somalia, Fed. Rep."
SOM,2019,12.99074364,,,2,SH.XPD.CHEX.PC.CD,Current health expenditure per capita (current US$),SO,"Somalia, Fed. Rep."
SOM,2018,12.7819252,,,2,SH.XPD.CHEX.PC.CD,Current health expenditure per capita (current US$),SO,"Somalia, Fed. Rep."
SOM,2017,13.51753426,,,2,SH.XPD.CHEX.PC.CD,Current health expenditure per capita (current US$),SO,"Somalia, Fed. Rep."
SOM,2016,11.76618958,,,2,SH.XPD.CHEX.PC.CD,Current health expenditure per capita (current US$),SO,"Somalia, Fed. Rep."
SOM,2015,14.11613941,,,2,SH.XPD.CHEX.PC.CD,Current health expenditure per capita (current US$),SO,"Somalia, Fed. Rep."
SOM,2014,13.15052128,,,2,SH.XPD.CHEX.PC.CD,Current health expenditure per capita (current US$),SO,"Somalia, Fed. Rep."
SOM,2013,12.88169384,,,2,SH.XPD.CHEX.PC.CD,Current health expenditure per capita (current US$),SO,"Somalia, Fed. Rep."
SOM,2012,,,,2,SH.XPD.CHEX.PC.CD,Current health expenditure per capita (current US$),SO,"Somalia, Fed. Rep."
SOM,2011,,,,2,SH.XPD.CHEX.PC.CD,Current health expenditure per capita (current US$),SO,"Somalia, Fed. Rep."
SOM,2010,,,,2,SH.XPD.CHEX.PC.CD,Current health expenditure per capita (current US$),SO,"Somalia, Fed. Rep."
SOM,2009,,,,2,SH.XPD.CHEX.PC.CD,Current health expenditure per capita (current US$),SO,"Somalia, Fed. Rep."
SOM,2008,,,,2,SH.XPD.CHEX.PC.CD,Current health expenditure per capita (current US$),SO,"Somalia, Fed. Rep."
SOM,2007,,,,2,SH.XPD.CHEX.PC.CD,Current health expenditure per capita (current US$),SO,"Somalia, Fed. Rep."
SOM,2006,,,,2,SH.XPD.CHEX.PC.CD,Current health expenditure per capita (current US$),SO,"Somalia, Fed. Rep."
SOM,2005,,,,2,SH.XPD.CHEX.PC.CD,Current health expenditure per capita (current US$),SO,"Somalia, Fed. Rep."
SOM,2004,,,,2,SH.XPD.CHEX.PC.CD,Current health expenditure per capita (current US$),SO,"Somalia, Fed. Rep."
SOM,2003,,,,2,SH.XPD.CHEX.PC.CD,Current health expenditure per capita (current US$),SO,"Somalia, Fed. Rep."
SOM,2002,,,,2,SH.XPD.CHEX.PC.CD,Current health expenditure per capita (current US$),SO,"Somalia, Fed. Rep."
SOM,2001,,,,2,SH.XPD.CHEX.PC.CD,Current health expenditure per capita (current US$),SO,"Somalia, Fed. Rep."
SOM,2000,,,,2,SH.XPD.CHEX.PC.CD,Current health expenditure per capita (current US$),SO,"Somalia, Fed. Rep."
ZAF,2023,536.58843994,,,2,SH.XPD.CHEX.PC.CD,Current health expenditure per capita (current US$),ZA,South Africa
ZAF,2022,570.48028564,,,2,SH.XPD.CHEX.PC.CD,Current health expenditure per capita (current US$),ZA,South Africa
ZAF,2021,592.9465332,,,2,SH.XPD.CHEX.PC.CD,Current health expenditure per capita (current US$),ZA,South Africa
ZAF,2020,503.46759033,,,2,SH.XPD.CHEX.PC.CD,Current health expenditure per capita (current US$),ZA,South Africa
ZAF,2019,538.80438232,,,2,SH.XPD.CHEX.PC.CD,Current health expenditure per capita (current US$),ZA,South Africa
ZAF,2018,558.80145264,,,2,SH.XPD.CHEX.PC.CD,Current health expenditure per capita (current US$),ZA,South Africa
ZAF,2017,527.52026367,,,2,SH.XPD.CHEX.PC.CD,Current health expenditure per capita (current US$),ZA,South Africa
ZAF,2016,456.56936646,,,2,SH.XPD.CHEX.PC.CD,Current health expenditure per capita (current US$),ZA,South Africa
ZAF,2015,491.90652466,,,2,SH.XPD.CHEX.PC.CD,Current health expenditure per capita (current US$),ZA,South Africa
ZAF,2014,539.30780029,,,2,SH.XPD.CHEX.PC.CD,Current health expenditure per capita (current US$),ZA,South Africa
ZAF,2013,593.80157471,,,2,SH.XPD.CHEX.PC.CD,Current health expenditure per capita (current US$),ZA,South Africa
ZAF,2012,646.49920654,,,2,SH.XPD.CHEX.PC.CD,Current health expenditure per capita (current US$),ZA,South Africa
ZAF,2011,686.87243652,,,2,SH.XPD.CHEX.PC.CD,Current health expenditure per capita (current US$),ZA,South Africa
ZAF,2010,621.41906738,,,2,SH.XPD.CHEX.PC.CD,Current health expenditure per capita (current US$),ZA,South Africa
ZAF,2009,487.62774658,,,2,SH.XPD.CHEX.PC.CD,Current health expenditure per capita (current US$),ZA,South Africa
ZAF,2008,442.10626221,,,2,SH.XPD.CHEX.PC.CD,Current health expenditure per capita (current US$),ZA,South Africa
ZAF,2007,455.17498779,,,2,SH.XPD.CHEX.PC.CD,Current health expenditure per capita (current US$),ZA,South Africa
ZAF,2006,417.91174316,,,2,SH.XPD.CHEX.PC.CD,Current health expenditure per capita (current US$),ZA,South Africa
ZAF,2005,400.5355835,,,2,SH.XPD.CHEX.PC.CD,Current health expenditure per capita (current US$),ZA,South Africa
ZAF,2004,362.28662109,,,2,SH.XPD.CHEX.PC.CD,Current health expenditure per capita (current US$),ZA,South Africa
ZAF,2003,286.01998901,,,2,SH.XPD.CHEX.PC.CD,Current health expenditure per capita (current US$),ZA,South Africa
ZAF,2002,179.5135498,,,2,SH.XPD.CHEX.PC.CD,Current health expenditure per capita (current US$),ZA,South Africa
ZAF,2001,202.81065369,,,2,SH.XPD.CHEX.PC.CD,Current health expenditure per capita (current US$),ZA,South Africa
ZAF,2000,236.08114624,,,2,SH.XPD.CHEX.PC.CD,Current health expenditure per capita (current US$),ZA,South Africa
SSD,2023,72.75582886,,,2,SH.XPD.CHEX.PC.CD,Current health expenditure per capita (current US$),SS,South Sudan
SSD,2022,48.03352737,,,2,SH.XPD.CHEX.PC.CD,Current health expenditure per capita (current US$),SS,South Sudan
SSD,2021,34.78803635,,,2,SH.XPD.CHEX.PC.CD,Current health expenditure per capita (current US$),SS,South Sudan
SSD,2020,47.40253067,,,2,SH.XPD.CHEX.PC.CD,Current health expenditure per capita (current US$),SS,South Sudan
SSD,2019,35.18021774,,,2,SH.XPD.CHEX.PC.CD,Current health expenditure per capita (current US$),SS,South Sudan
SSD,2018,31.12328529,,,2,SH.XPD.CHEX.PC.CD,Current health expenditure per capita (current US$),SS,South Sudan
SSD,2017,28.05690956,,,2,SH.XPD.CHEX.PC.CD,Current health expenditure per capita (current US$),SS,South Sudan
SSD,2016,,,,2,SH.XPD.CHEX.PC.CD,Current health expenditure per capita (current US$),SS,South Sudan
SSD,2015,,,,2,SH.XPD.CHEX.PC.CD,Current health expenditure per capita (current US$),SS,South Sudan
SSD,2014,,,,2,SH.XPD.CHEX.PC.CD,Current health expenditure per capita (current US$),SS,South Sudan
SSD,2013,,,,2,SH.XPD.CHEX.PC.CD,Current health expenditure per capita (current US$),SS,South Sudan
SSD,2012,,,,2,SH.XPD.CHEX.PC.CD,Current health expenditure per capita (current US$),SS,South Sudan
SSD,2011,,,,2,SH.XPD.CHEX.PC.CD,Current health expenditure per capita (current US$),SS,South Sudan
SSD,2010,,,,2,SH.XPD.CHEX.PC.CD,Current health expenditure per capita (current US$),SS,South Sudan
SSD,2009,,,,2,SH.XPD.CHEX.PC.CD,Current health expenditure per capita (current US$),SS,South Sudan
SSD,2008,,,,2,SH.XPD.CHEX.PC.CD,Current health expenditure per capita (current US$),SS,South Sudan
SSD,2007,,,,2,SH.XPD.CHEX.PC.CD,Current health expenditure per capita (current US$),SS,South Sudan
SSD,2006,,,,2,SH.XPD.CHEX.PC.CD,Current health expenditure per capita (current US$),SS,South Sudan
SSD,2005,,,,2,SH.XPD.CHEX.PC.CD,Current health expenditure per capita (current US$),SS,South Sudan
SSD,2004,,,,2,SH.XPD.CHEX.PC.CD,Current health expenditure per capita (current US$),SS,South Sudan
SSD,2003,,,,2,SH.XPD.CHEX.PC.CD,Current health expenditure per capita (current US$),SS,South Sudan
SSD,2002,,,,2,SH.XPD.CHEX.PC.CD,Current health expenditure per capita (current US$),SS,South Sudan
SSD,2001,,,,2,SH.XPD.CHEX.PC.CD,Current health expenditure per capita (current US$),SS,South Sudan
SSD,2000,,,,2,SH.XPD.CHEX.PC.CD,Current health expenditure per capita (current US$),SS,South Sudan
ESP,2023,3106.62011719,,,2,SH.XPD.CHEX.PC.CD,Current health expenditure per capita (current US$),ES,Spain
ESP,2022,2948.61474609,,,2,SH.XPD.CHEX.PC.CD,Current health expenditure per capita (current US$),ES,Spain
ESP,2021,3188.8515625,,,2,SH.XPD.CHEX.PC.CD,Current health expenditure per capita (current US$),ES,Spain
ESP,2020,2942.41943359,,,2,SH.XPD.CHEX.PC.CD,Current health expenditure per capita (current US$),ES,Spain
ESP,2019,2756.62109375,,,2,SH.XPD.CHEX.PC.CD,Current health expenditure per capita (current US$),ES,Spain
ESP,2018,2784.16308594,,,2,SH.XPD.CHEX.PC.CD,Current health expenditure per capita (current US$),ES,Spain
ESP,2017,2564.55834961,,,2,SH.XPD.CHEX.PC.CD,Current health expenditure per capita (current US$),ES,Spain
ESP,2016,2378.13598633,,,2,SH.XPD.CHEX.PC.CD,Current health expenditure per capita (current US$),ES,Spain
ESP,2015,2383.85302734,,,2,SH.XPD.CHEX.PC.CD,Current health expenditure per capita (current US$),ES,Spain
ESP,2014,2716.5793457,,,2,SH.XPD.CHEX.PC.CD,Current health expenditure per capita (current US$),ES,Spain
ESP,2013,2664.48339844,,,2,SH.XPD.CHEX.PC.CD,Current health expenditure per capita (current US$),ES,Spain
ESP,2012,2620.84204102,,,2,SH.XPD.CHEX.PC.CD,Current health expenditure per capita (current US$),ES,Spain
ESP,2011,2938.18041992,,,2,SH.XPD.CHEX.PC.CD,Current health expenditure per capita (current US$),ES,Spain
ESP,2010,2816.84350586,,,2,SH.XPD.CHEX.PC.CD,Current health expenditure per capita (current US$),ES,Spain
ESP,2009,2962.48266602,,,2,SH.XPD.CHEX.PC.CD,Current health expenditure per capita (current US$),ES,Spain
ESP,2008,3019.7578125,,,2,SH.XPD.CHEX.PC.CD,Current health expenditure per capita (current US$),ES,Spain
ESP,2007,2625.55664063,,,2,SH.XPD.CHEX.PC.CD,Current health expenditure per capita (current US$),ES,Spain
ESP,2006,2256.68066406,,,2,SH.XPD.CHEX.PC.CD,Current health expenditure per capita (current US$),ES,Spain
ESP,2005,2074.33081055,,,2,SH.XPD.CHEX.PC.CD,Current health expenditure per capita (current US$),ES,Spain
ESP,2004,1932.21398926,,,2,SH.XPD.CHEX.PC.CD,Current health expenditure per capita (current US$),ES,Spain
ESP,2003,1648.05712891,,,2,SH.XPD.CHEX.PC.CD,Current health expenditure per capita (current US$),ES,Spain
ESP,2002,1174.5793457,,,2,SH.XPD.CHEX.PC.CD,Current health expenditure per capita (current US$),ES,Spain
ESP,2001,1045.05065918,,,2,SH.XPD.CHEX.PC.CD,Current health expenditure per capita (current US$),ES,Spain
ESP,2000,1005.28399658,,,2,SH.XPD.CHEX.PC.CD,Current health expenditure per capita (current US$),ES,Spain
LKA,2023,134.23654175,,,2,SH.XPD.CHEX.PC.CD,Current health expenditure per capita (current US$),LK,Sri Lanka
LKA,2022,130.09327698,,,2,SH.XPD.CHEX.PC.CD,Current health expenditure per capita (current US$),LK,Sri Lanka
LKA,2021,202.75497437,,,2,SH.XPD.CHEX.PC.CD,Current health expenditure per capita (current US$),LK,Sri Lanka
LKA,2020,159.71383667,,,2,SH.XPD.CHEX.PC.CD,Current health expenditure per capita (current US$),LK,Sri Lanka
LKA,2019,147.01193237,,,2,SH.XPD.CHEX.PC.CD,Current health expenditure per capita (current US$),LK,Sri Lanka
LKA,2018,154.64622498,,,2,SH.XPD.CHEX.PC.CD,Current health expenditure per capita (current US$),LK,Sri Lanka
LKA,2017,142.32518005,,,2,SH.XPD.CHEX.PC.CD,Current health expenditure per capita (current US$),LK,Sri Lanka
LKA,2016,145.32496643,,,2,SH.XPD.CHEX.PC.CD,Current health expenditure per capita (current US$),LK,Sri Lanka
LKA,2015,144.29077148,,,2,SH.XPD.CHEX.PC.CD,Current health expenditure per capita (current US$),LK,Sri Lanka
LKA,2014,132.82194519,,,2,SH.XPD.CHEX.PC.CD,Current health expenditure per capita (current US$),LK,Sri Lanka
LKA,2013,133.15968323,,,2,SH.XPD.CHEX.PC.CD,Current health expenditure per capita (current US$),LK,Sri Lanka
LKA,2012,110.03600311,,,2,SH.XPD.CHEX.PC.CD,Current health expenditure per capita (current US$),LK,Sri Lanka
LKA,2011,115.51642609,,,2,SH.XPD.CHEX.PC.CD,Current health expenditure per capita (current US$),LK,Sri Lanka
LKA,2010,105.07371521,,,2,SH.XPD.CHEX.PC.CD,Current health expenditure per capita (current US$),LK,Sri Lanka
LKA,2009,97.26274872,,,2,SH.XPD.CHEX.PC.CD,Current health expenditure per capita (current US$),LK,Sri Lanka
LKA,2008,90.00082397,,,2,SH.XPD.CHEX.PC.CD,Current health expenditure per capita (current US$),LK,Sri Lanka
LKA,2007,71.38779449,,,2,SH.XPD.CHEX.PC.CD,Current health expenditure per capita (current US$),LK,Sri Lanka
LKA,2006,63.2890892,,,2,SH.XPD.CHEX.PC.CD,Current health expenditure per capita (current US$),LK,Sri Lanka
LKA,2005,55.40001297,,,2,SH.XPD.CHEX.PC.CD,Current health expenditure per capita (current US$),LK,Sri Lanka
LKA,2004,49.14835358,,,2,SH.XPD.CHEX.PC.CD,Current health expenditure per capita (current US$),LK,Sri Lanka
LKA,2003,40.82443619,,,2,SH.XPD.CHEX.PC.CD,Current health expenditure per capita (current US$),LK,Sri Lanka
LKA,2002,41.24043274,,,2,SH.XPD.CHEX.PC.CD,Current health expenditure per capita (current US$),LK,Sri Lanka
LKA,2001,39.87185287,,,2,SH.XPD.CHEX.PC.CD,Current health expenditure per capita (current US$),LK,Sri Lanka
LKA,2000,42.54893112,,,2,SH.XPD.CHEX.PC.CD,Current health expenditure per capita (current US$),LK,Sri Lanka
KNA,2023,1294.88391113,,,2,SH.XPD.CHEX.PC.CD,Current health expenditure per capita (current US$),KN,St. Kitts and Nevis
KNA,2022,1161.22058105,,,2,SH.XPD.CHEX.PC.CD,Current health expenditure per capita (current US$),KN,St. Kitts and Nevis
KNA,2021,1132.58447266,,,2,SH.XPD.CHEX.PC.CD,Current health expenditure per capita (current US$),KN,St. Kitts and Nevis
KNA,2020,1067.84997559,,,2,SH.XPD.CHEX.PC.CD,Current health expenditure per capita (current US$),KN,St. Kitts and Nevis
KNA,2019,1224.18933105,,,2,SH.XPD.CHEX.PC.CD,Current health expenditure per capita (current US$),KN,St. Kitts and Nevis
KNA,2018,1121.13977051,,,2,SH.XPD.CHEX.PC.CD,Current health expenditure per capita (current US$),KN,St. Kitts and Nevis
KNA,2017,1186.42663574,,,2,SH.XPD.CHEX.PC.CD,Current health expenditure per capita (current US$),KN,St. Kitts and Nevis
KNA,2016,1161.87097168,,,2,SH.XPD.CHEX.PC.CD,Current health expenditure per capita (current US$),KN,St. Kitts and Nevis
KNA,2015,1042.15063477,,,2,SH.XPD.CHEX.PC.CD,Current health expenditure per capita (current US$),KN,St. Kitts and Nevis
KNA,2014,962.25469971,,,2,SH.XPD.CHEX.PC.CD,Current health expenditure per capita (current US$),KN,St. Kitts and Nevis
KNA,2013,938.89459229,,,2,SH.XPD.CHEX.PC.CD,Current health expenditure per capita (current US$),KN,St. Kitts and Nevis
KNA,2012,880.91064453,,,2,SH.XPD.CHEX.PC.CD,Current health expenditure per capita (current US$),KN,St. Kitts and Nevis
KNA,2011,922.20574951,,,2,SH.XPD.CHEX.PC.CD,Current health expenditure per capita (current US$),KN,St. Kitts and Nevis
KNA,2010,867.4453125,,,2,SH.XPD.CHEX.PC.CD,Current health expenditure per capita (current US$),KN,St. Kitts and Nevis
KNA,2009,872.67474365,,,2,SH.XPD.CHEX.PC.CD,Current health expenditure per capita (current US$),KN,St. Kitts and Nevis
KNA,2008,881.09844971,,,2,SH.XPD.CHEX.PC.CD,Current health expenditure per capita (current US$),KN,St. Kitts and Nevis
KNA,2007,707.96960449,,,2,SH.XPD.CHEX.PC.CD,Current health expenditure per capita (current US$),KN,St. Kitts and Nevis
KNA,2006,689.44549561,,,2,SH.XPD.CHEX.PC.CD,Current health expenditure per capita (current US$),KN,St. Kitts and Nevis
KNA,2005,556.97229004,,,2,SH.XPD.CHEX.PC.CD,Current health expenditure per capita (current US$),KN,St. Kitts and Nevis
KNA,2004,491.62530518,,,2,SH.XPD.CHEX.PC.CD,Current health expenditure per capita (current US$),KN,St. Kitts and Nevis
KNA,2003,482.87136841,,,2,SH.XPD.CHEX.PC.CD,Current health expenditure per capita (current US$),KN,St. Kitts and Nevis
KNA,2002,465.07720947,,,2,SH.XPD.CHEX.PC.CD,Current health expenditure per capita (current US$),KN,St. Kitts and Nevis
KNA,2001,440.21563721,,,2,SH.XPD.CHEX.PC.CD,Current health expenditure per capita (current US$),KN,St. Kitts and Nevis
KNA,2000,446.66659546,,,2,SH.XPD.CHEX.PC.CD,Current health expenditure per capita (current US$),KN,St. Kitts and Nevis
LCA,2023,641.07495117,,,2,SH.XPD.CHEX.PC.CD,Current health expenditure per capita (current US$),LC,St. Lucia
LCA,2022,622.07244873,,,2,SH.XPD.CHEX.PC.CD,Current health expenditure per capita (current US$),LC,St. Lucia
LCA,2021,654.8918457,,,2,SH.XPD.CHEX.PC.CD,Current health expenditure per capita (current US$),LC,St. Lucia
LCA,2020,589.63696289,,,2,SH.XPD.CHEX.PC.CD,Current health expenditure per capita (current US$),LC,St. Lucia
LCA,2019,506.03204346,,,2,SH.XPD.CHEX.PC.CD,Current health expenditure per capita (current US$),LC,St. Lucia
LCA,2018,497.48629761,,,2,SH.XPD.CHEX.PC.CD,Current health expenditure per capita (current US$),LC,St. Lucia
LCA,2017,504.96411133,,,2,SH.XPD.CHEX.PC.CD,Current health expenditure per capita (current US$),LC,St. Lucia
LCA,2016,479.8744812,,,2,SH.XPD.CHEX.PC.CD,Current health expenditure per capita (current US$),LC,St. Lucia
LCA,2015,473.24108887,,,2,SH.XPD.CHEX.PC.CD,Current health expenditure per capita (current US$),LC,St. Lucia
LCA,2014,470.48123169,,,2,SH.XPD.CHEX.PC.CD,Current health expenditure per capita (current US$),LC,St. Lucia
LCA,2013,485.6628418,,,2,SH.XPD.CHEX.PC.CD,Current health expenditure per capita (current US$),LC,St. Lucia
LCA,2012,456.06369019,,,2,SH.XPD.CHEX.PC.CD,Current health expenditure per capita (current US$),LC,St. Lucia
LCA,2011,462.20251465,,,2,SH.XPD.CHEX.PC.CD,Current health expenditure per capita (current US$),LC,St. Lucia
LCA,2010,438.23928833,,,2,SH.XPD.CHEX.PC.CD,Current health expenditure per capita (current US$),LC,St. Lucia
LCA,2009,432.087677,,,2,SH.XPD.CHEX.PC.CD,Current health expenditure per capita (current US$),LC,St. Lucia
LCA,2008,430.23074341,,,2,SH.XPD.CHEX.PC.CD,Current health expenditure per capita (current US$),LC,St. Lucia
LCA,2007,439.59280396,,,2,SH.XPD.CHEX.PC.CD,Current health expenditure per capita (current US$),LC,St. Lucia
LCA,2006,389.94595337,,,2,SH.XPD.CHEX.PC.CD,Current health expenditure per capita (current US$),LC,St. Lucia
LCA,2005,333.37374878,,,2,SH.XPD.CHEX.PC.CD,Current health expenditure per capita (current US$),LC,St. Lucia
LCA,2004,309.42208862,,,2,SH.XPD.CHEX.PC.CD,Current health expenditure per capita (current US$),LC,St. Lucia
LCA,2003,317.27593994,,,2,SH.XPD.CHEX.PC.CD,Current health expenditure per capita (current US$),LC,St. Lucia
LCA,2002,299.7996521,,,2,SH.XPD.CHEX.PC.CD,Current health expenditure per capita (current US$),LC,St. Lucia
LCA,2001,285.04898071,,,2,SH.XPD.CHEX.PC.CD,Current health expenditure per capita (current US$),LC,St. Lucia
LCA,2000,285.84280396,,,2,SH.XPD.CHEX.PC.CD,Current health expenditure per capita (current US$),LC,St. Lucia
MAF,2023,,,,2,SH.XPD.CHEX.PC.CD,Current health expenditure per capita (current US$),MF,St. Martin (French part)
MAF,2022,,,,2,SH.XPD.CHEX.PC.CD,Current health expenditure per capita (current US$),MF,St. Martin (French part)
MAF,2021,,,,2,SH.XPD.CHEX.PC.CD,Current health expenditure per capita (current US$),MF,St. Martin (French part)
MAF,2020,,,,2,SH.XPD.CHEX.PC.CD,Current health expenditure per capita (current US$),MF,St. Martin (French part)
MAF,2019,,,,2,SH.XPD.CHEX.PC.CD,Current health expenditure per capita (current US$),MF,St. Martin (French part)
MAF,2018,,,,2,SH.XPD.CHEX.PC.CD,Current health expenditure per capita (current US$),MF,St. Martin (French part)
MAF,2017,,,,2,SH.XPD.CHEX.PC.CD,Current health expenditure per capita (current US$),MF,St. Martin (French part)
MAF,2016,,,,2,SH.XPD.CHEX.PC.CD,Current health expenditure per capita (current US$),MF,St. Martin (French part)
MAF,2015,,,,2,SH.XPD.CHEX.PC.CD,Current health expenditure per capita (current US$),MF,St. Martin (French part)
MAF,2014,,,,2,SH.XPD.CHEX.PC.CD,Current health expenditure per capita (current US$),MF,St. Martin (French part)
MAF,2013,,,,2,SH.XPD.CHEX.PC.CD,Current health expenditure per capita (current US$),MF,St. Martin (French part)
MAF,2012,,,,2,SH.XPD.CHEX.PC.CD,Current health expenditure per capita (current US$),MF,St. Martin (French part)
MAF,2011,,,,2,SH.XPD.CHEX.PC.CD,Current health expenditure per capita (current US$),MF,St. Martin (French part)
MAF,2010,,,,2,SH.XPD.CHEX.PC.CD,Current health expenditure per capita (current US$),MF,St. Martin (French part)
MAF,2009,,,,2,SH.XPD.CHEX.PC.CD,Current health expenditure per capita (current US$),MF,St. Martin (French part)
MAF,2008,,,,2,SH.XPD.CHEX.PC.CD,Current health expenditure per capita (current US$),MF,St. Martin (French part)
MAF,2007,,,,2,SH.XPD.CHEX.PC.CD,Current health expenditure per capita (current US$),MF,St. Martin (French part)
MAF,2006,,,,2,SH.XPD.CHEX.PC.CD,Current health expenditure per capita (current US$),MF,St. Martin (French part)
MAF,2005,,,,2,SH.XPD.CHEX.PC.CD,Current health expenditure per capita (current US$),MF,St. Martin (French part)
MAF,2004,,,,2,SH.XPD.CHEX.PC.CD,Current health expenditure per capita (current US$),MF,St. Martin (French part)
MAF,2003,,,,2,SH.XPD.CHEX.PC.CD,Current health expenditure per capita (current US$),MF,St. Martin (French part)
MAF,2002,,,,2,SH.XPD.CHEX.PC.CD,Current health expenditure per capita (current US$),MF,St. Martin (French part)
MAF,2001,,,,2,SH.XPD.CHEX.PC.CD,Current health expenditure per capita (current US$),MF,St. Martin (French part)
MAF,2000,,,,2,SH.XPD.CHEX.PC.CD,Current health expenditure per capita (current US$),MF,St. Martin (French part)
VCT,2023,469.20709229,,,2,SH.XPD.CHEX.PC.CD,Current health expenditure per capita (current US$),VC,St. Vincent and the Grenadines
VCT,2022,437.94085693,,,2,SH.XPD.CHEX.PC.CD,Current health expenditure per capita (current US$),VC,St. Vincent and the Grenadines
VCT,2021,454.784729,,,2,SH.XPD.CHEX.PC.CD,Current health expenditure per capita (current US$),VC,St. Vincent and the Grenadines
VCT,2020,406.3571167,,,2,SH.XPD.CHEX.PC.CD,Current health expenditure per capita (current US$),VC,St. Vincent and the Grenadines
VCT,2019,372.05615234,,,2,SH.XPD.CHEX.PC.CD,Current health expenditure per capita (current US$),VC,St. Vincent and the Grenadines
VCT,2018,358.53372192,,,2,SH.XPD.CHEX.PC.CD,Current health expenditure per capita (current US$),VC,St. Vincent and the Grenadines
VCT,2017,337.89614868,,,2,SH.XPD.CHEX.PC.CD,Current health expenditure per capita (current US$),VC,St. Vincent and the Grenadines
VCT,2016,313.66229248,,,2,SH.XPD.CHEX.PC.CD,Current health expenditure per capita (current US$),VC,St. Vincent and the Grenadines
VCT,2015,302.58422852,,,2,SH.XPD.CHEX.PC.CD,Current health expenditure per capita (current US$),VC,St. Vincent and the Grenadines
VCT,2014,299.33129883,,,2,SH.XPD.CHEX.PC.CD,Current health expenditure per capita (current US$),VC,St. Vincent and the Grenadines
VCT,2013,300.01953125,,,2,SH.XPD.CHEX.PC.CD,Current health expenditure per capita (current US$),VC,St. Vincent and the Grenadines
VCT,2012,298.78082275,,,2,SH.XPD.CHEX.PC.CD,Current health expenditure per capita (current US$),VC,St. Vincent and the Grenadines
VCT,2011,276.15722656,,,2,SH.XPD.CHEX.PC.CD,Current health expenditure per capita (current US$),VC,St. Vincent and the Grenadines
VCT,2010,281.91867065,,,2,SH.XPD.CHEX.PC.CD,Current health expenditure per capita (current US$),VC,St. Vincent and the Grenadines
VCT,2009,264.6159668,,,2,SH.XPD.CHEX.PC.CD,Current health expenditure per capita (current US$),VC,St. Vincent and the Grenadines
VCT,2008,256.13983154,,,2,SH.XPD.CHEX.PC.CD,Current health expenditure per capita (current US$),VC,St. Vincent and the Grenadines
VCT,2007,244.32910156,,,2,SH.XPD.CHEX.PC.CD,Current health expenditure per capita (current US$),VC,St. Vincent and the Grenadines
VCT,2006,209.83639526,,,2,SH.XPD.CHEX.PC.CD,Current health expenditure per capita (current US$),VC,St. Vincent and the Grenadines
VCT,2005,197.63206482,,,2,SH.XPD.CHEX.PC.CD,Current health expenditure per capita (current US$),VC,St. Vincent and the Grenadines
VCT,2004,188.43644714,,,2,SH.XPD.CHEX.PC.CD,Current health expenditure per capita (current US$),VC,St. Vincent and the Grenadines
VCT,2003,178.1368866,,,2,SH.XPD.CHEX.PC.CD,Current health expenditure per capita (current US$),VC,St. Vincent and the Grenadines
VCT,2002,175.48046875,,,2,SH.XPD.CHEX.PC.CD,Current health expenditure per capita (current US$),VC,St. Vincent and the Grenadines
VCT,2001,162.93431091,,,2,SH.XPD.CHEX.PC.CD,Current health expenditure per capita (current US$),VC,St. Vincent and the Grenadines
VCT,2000,149.9225769,,,2,SH.XPD.CHEX.PC.CD,Current health expenditure per capita (current US$),VC,St. Vincent and the Grenadines
SDN,2023,21.0830822,,,2,SH.XPD.CHEX.PC.CD,Current health expenditure per capita (current US$),SD,Sudan
SDN,2022,25.75139618,,,2,SH.XPD.CHEX.PC.CD,Current health expenditure per capita (current US$),SD,Sudan
SDN,2021,21.69141006,,,2,SH.XPD.CHEX.PC.CD,Current health expenditure per capita (current US$),SD,Sudan
SDN,2020,22.91861534,,,2,SH.XPD.CHEX.PC.CD,Current health expenditure per capita (current US$),SD,Sudan
SDN,2019,31.79406929,,,2,SH.XPD.CHEX.PC.CD,Current health expenditure per capita (current US$),SD,Sudan
SDN,2018,33.88366699,,,2,SH.XPD.CHEX.PC.CD,Current health expenditure per capita (current US$),SD,Sudan
SDN,2017,67.75476837,,,2,SH.XPD.CHEX.PC.CD,Current health expenditure per capita (current US$),SD,Sudan
SDN,2016,89.39633942,,,2,SH.XPD.CHEX.PC.CD,Current health expenditure per capita (current US$),SD,Sudan
SDN,2015,93.69657135,,,2,SH.XPD.CHEX.PC.CD,Current health expenditure per capita (current US$),SD,Sudan
SDN,2014,88.78498077,,,2,SH.XPD.CHEX.PC.CD,Current health expenditure per capita (current US$),SD,Sudan
SDN,2013,97.4931488,,,2,SH.XPD.CHEX.PC.CD,Current health expenditure per capita (current US$),SD,Sudan
SDN,2012,75.40776825,,,2,SH.XPD.CHEX.PC.CD,Current health expenditure per capita (current US$),SD,Sudan
SDN,2011,80.37197876,,,2,SH.XPD.CHEX.PC.CD,Current health expenditure per capita (current US$),SD,Sudan
SDN,2010,73.60398865,,,2,SH.XPD.CHEX.PC.CD,Current health expenditure per capita (current US$),SD,Sudan
SDN,2009,80.00441742,,,2,SH.XPD.CHEX.PC.CD,Current health expenditure per capita (current US$),SD,Sudan
SDN,2008,82.84276581,,,2,SH.XPD.CHEX.PC.CD,Current health expenditure per capita (current US$),SD,Sudan
SDN,2007,81.79016876,,,2,SH.XPD.CHEX.PC.CD,Current health expenditure per capita (current US$),SD,Sudan
SDN,2006,55.32660294,,,2,SH.XPD.CHEX.PC.CD,Current health expenditure per capita (current US$),SD,Sudan
SDN,2005,37.07490158,,,2,SH.XPD.CHEX.PC.CD,Current health expenditure per capita (current US$),SD,Sudan
SDN,2004,29.30404472,,,2,SH.XPD.CHEX.PC.CD,Current health expenditure per capita (current US$),SD,Sudan
SDN,2003,22.58504868,,,2,SH.XPD.CHEX.PC.CD,Current health expenditure per capita (current US$),SD,Sudan
SDN,2002,16.70709991,,,2,SH.XPD.CHEX.PC.CD,Current health expenditure per capita (current US$),SD,Sudan
SDN,2001,15.18372345,,,2,SH.XPD.CHEX.PC.CD,Current health expenditure per capita (current US$),SD,Sudan
SDN,2000,13.99440289,,,2,SH.XPD.CHEX.PC.CD,Current health expenditure per capita (current US$),SD,Sudan
SUR,2023,297.04589844,,,2,SH.XPD.CHEX.PC.CD,Current health expenditure per capita (current US$),SR,Suriname
SUR,2022,344.74603271,,,2,SH.XPD.CHEX.PC.CD,Current health expenditure per capita (current US$),SR,Suriname
SUR,2021,270.37786865,,,2,SH.XPD.CHEX.PC.CD,Current health expenditure per capita (current US$),SR,Suriname
SUR,2020,409.86743164,,,2,SH.XPD.CHEX.PC.CD,Current health expenditure per capita (current US$),SR,Suriname
SUR,2019,588.83825684,,,2,SH.XPD.CHEX.PC.CD,Current health expenditure per capita (current US$),SR,Suriname
SUR,2018,440.32211304,,,2,SH.XPD.CHEX.PC.CD,Current health expenditure per capita (current US$),SR,Suriname
SUR,2017,322.00415039,,,2,SH.XPD.CHEX.PC.CD,Current health expenditure per capita (current US$),SR,Suriname
SUR,2016,338.24822998,,,2,SH.XPD.CHEX.PC.CD,Current health expenditure per capita (current US$),SR,Suriname
SUR,2015,511.91244507,,,2,SH.XPD.CHEX.PC.CD,Current health expenditure per capita (current US$),SR,Suriname
SUR,2014,440.95263672,,,2,SH.XPD.CHEX.PC.CD,Current health expenditure per capita (current US$),SR,Suriname
SUR,2013,434.50332642,,,2,SH.XPD.CHEX.PC.CD,Current health expenditure per capita (current US$),SR,Suriname
SUR,2012,406.05526733,,,2,SH.XPD.CHEX.PC.CD,Current health expenditure per capita (current US$),SR,Suriname
SUR,2011,375.34957886,,,2,SH.XPD.CHEX.PC.CD,Current health expenditure per capita (current US$),SR,Suriname
SUR,2010,399.59710693,,,2,SH.XPD.CHEX.PC.CD,Current health expenditure per capita (current US$),SR,Suriname
SUR,2009,380.04019165,,,2,SH.XPD.CHEX.PC.CD,Current health expenditure per capita (current US$),SR,Suriname
SUR,2008,334.24771118,,,2,SH.XPD.CHEX.PC.CD,Current health expenditure per capita (current US$),SR,Suriname
SUR,2007,309.17565918,,,2,SH.XPD.CHEX.PC.CD,Current health expenditure per capita (current US$),SR,Suriname
SUR,2006,313.68301392,,,2,SH.XPD.CHEX.PC.CD,Current health expenditure per capita (current US$),SR,Suriname
SUR,2005,241.68415833,,,2,SH.XPD.CHEX.PC.CD,Current health expenditure per capita (current US$),SR,Suriname
SUR,2004,212.50817871,,,2,SH.XPD.CHEX.PC.CD,Current health expenditure per capita (current US$),SR,Suriname
SUR,2003,166.88664246,,,2,SH.XPD.CHEX.PC.CD,Current health expenditure per capita (current US$),SR,Suriname
SUR,2002,158.21212769,,,2,SH.XPD.CHEX.PC.CD,Current health expenditure per capita (current US$),SR,Suriname
SUR,2001,91.73781586,,,2,SH.XPD.CHEX.PC.CD,Current health expenditure per capita (current US$),SR,Suriname
SUR,2000,166.90083313,,,2,SH.XPD.CHEX.PC.CD,Current health expenditure per capita (current US$),SR,Suriname
SWE,2023,6206.23046875,,,2,SH.XPD.CHEX.PC.CD,Current health expenditure per capita (current US$),SE,Sweden
SWE,2022,6022.39257813,,,2,SH.XPD.CHEX.PC.CD,Current health expenditure per capita (current US$),SE,Sweden
SWE,2021,6894.20166016,,,2,SH.XPD.CHEX.PC.CD,Current health expenditure per capita (current US$),SE,Sweden
SWE,2020,6030.53271484,,,2,SH.XPD.CHEX.PC.CD,Current health expenditure per capita (current US$),SE,Sweden
SWE,2019,5688.04492188,,,2,SH.XPD.CHEX.PC.CD,Current health expenditure per capita (current US$),SE,Sweden
SWE,2018,6042.13525391,,,2,SH.XPD.CHEX.PC.CD,Current health expenditure per capita (current US$),SE,Sweden
SWE,2017,5871.52294922,,,2,SH.XPD.CHEX.PC.CD,Current health expenditure per capita (current US$),SE,Sweden
SWE,2016,5719.45996094,,,2,SH.XPD.CHEX.PC.CD,Current health expenditure per capita (current US$),SE,Sweden
SWE,2015,5626.04833984,,,2,SH.XPD.CHEX.PC.CD,Current health expenditure per capita (current US$),SE,Sweden
SWE,2014,6632.23681641,,,2,SH.XPD.CHEX.PC.CD,Current health expenditure per capita (current US$),SE,Sweden
SWE,2013,6716.21484375,,,2,SH.XPD.CHEX.PC.CD,Current health expenditure per capita (current US$),SE,Sweden
SWE,2012,6280.82519531,,,2,SH.XPD.CHEX.PC.CD,Current health expenditure per capita (current US$),SE,Sweden
SWE,2011,6363.61474609,,,2,SH.XPD.CHEX.PC.CD,Current health expenditure per capita (current US$),SE,Sweden
SWE,2010,4391.1171875,,,2,SH.XPD.CHEX.PC.CD,Current health expenditure per capita (current US$),SE,Sweden
SWE,2009,4118.41650391,,,2,SH.XPD.CHEX.PC.CD,Current health expenditure per capita (current US$),SE,Sweden
SWE,2008,4609.91845703,,,2,SH.XPD.CHEX.PC.CD,Current health expenditure per capita (current US$),SE,Sweden
SWE,2007,4295.55224609,,,2,SH.XPD.CHEX.PC.CD,Current health expenditure per capita (current US$),SE,Sweden
SWE,2006,3755.67529297,,,2,SH.XPD.CHEX.PC.CD,Current health expenditure per capita (current US$),SE,Sweden
SWE,2005,3546.78686523,,,2,SH.XPD.CHEX.PC.CD,Current health expenditure per capita (current US$),SE,Sweden
SWE,2004,3488.65771484,,,2,SH.XPD.CHEX.PC.CD,Current health expenditure per capita (current US$),SE,Sweden
SWE,2003,3107.48876953,,,2,SH.XPD.CHEX.PC.CD,Current health expenditure per capita (current US$),SE,Sweden
SWE,2002,2456.70068359,,,2,SH.XPD.CHEX.PC.CD,Current health expenditure per capita (current US$),SE,Sweden
SWE,2001,2154.63354492,,,2,SH.XPD.CHEX.PC.CD,Current health expenditure per capita (current US$),SE,Sweden
SWE,2000,2173.1940918,,,2,SH.XPD.CHEX.PC.CD,Current health expenditure per capita (current US$),SE,Sweden
CHE,2023,11783.66992188,,,2,SH.XPD.CHEX.PC.CD,Current health expenditure per capita (current US$),CH,Switzerland
CHE,2022,10930.13964844,,,2,SH.XPD.CHEX.PC.CD,Current health expenditure per capita (current US$),CH,Switzerland
CHE,2021,11197.76464844,,,2,SH.XPD.CHEX.PC.CD,Current health expenditure per capita (current US$),CH,Switzerland
CHE,2020,10294.578125,,,2,SH.XPD.CHEX.PC.CD,Current health expenditure per capita (current US$),CH,Switzerland
CHE,2019,9609.80273438,,,2,SH.XPD.CHEX.PC.CD,Current health expenditure per capita (current US$),CH,Switzerland
CHE,2018,9541.07421875,,,2,SH.XPD.CHEX.PC.CD,Current health expenditure per capita (current US$),CH,Switzerland
CHE,2017,9354.22070313,,,2,SH.XPD.CHEX.PC.CD,Current health expenditure per capita (current US$),CH,Switzerland
CHE,2016,9201.47460938,,,2,SH.XPD.CHEX.PC.CD,Current health expenditure per capita (current US$),CH,Switzerland
CHE,2015,9200.10058594,,,2,SH.XPD.CHEX.PC.CD,Current health expenditure per capita (current US$),CH,Switzerland
CHE,2014,9469.6640625,,,2,SH.XPD.CHEX.PC.CD,Current health expenditure per capita (current US$),CH,Switzerland
CHE,2013,9247.28417969,,,2,SH.XPD.CHEX.PC.CD,Current health expenditure per capita (current US$),CH,Switzerland
CHE,2012,8868.98144531,,,2,SH.XPD.CHEX.PC.CD,Current health expenditure per capita (current US$),CH,Switzerland
CHE,2011,9139.43066406,,,2,SH.XPD.CHEX.PC.CD,Current health expenditure per capita (current US$),CH,Switzerland
CHE,2010,7645.25732422,,,2,SH.XPD.CHEX.PC.CD,Current health expenditure per capita (current US$),CH,Switzerland
CHE,2009,7263.62695313,,,2,SH.XPD.CHEX.PC.CD,Current health expenditure per capita (current US$),CH,Switzerland
CHE,2008,7075.70751953,,,2,SH.XPD.CHEX.PC.CD,Current health expenditure per capita (current US$),CH,Switzerland
CHE,2007,6124.81445313,,,2,SH.XPD.CHEX.PC.CD,Current health expenditure per capita (current US$),CH,Switzerland
CHE,2006,5657.28222656,,,2,SH.XPD.CHEX.PC.CD,Current health expenditure per capita (current US$),CH,Switzerland
CHE,2005,5661.17431641,,,2,SH.XPD.CHEX.PC.CD,Current health expenditure per capita (current US$),CH,Switzerland
CHE,2004,5593.4765625,,,2,SH.XPD.CHEX.PC.CD,Current health expenditure per capita (current US$),CH,Switzerland
CHE,2003,5005.11816406,,,2,SH.XPD.CHEX.PC.CD,Current health expenditure per capita (current US$),CH,Switzerland
CHE,2002,4198.36376953,,,2,SH.XPD.CHEX.PC.CD,Current health expenditure per capita (current US$),CH,Switzerland
CHE,2001,3751.75244141,,,2,SH.XPD.CHEX.PC.CD,Current health expenditure per capita (current US$),CH,Switzerland
CHE,2000,3550.12597656,,,2,SH.XPD.CHEX.PC.CD,Current health expenditure per capita (current US$),CH,Switzerland
SYR,2023,33.34017944,,,2,SH.XPD.CHEX.PC.CD,Current health expenditure per capita (current US$),SY,Syrian Arab Republic
SYR,2022,53.26486588,,,2,SH.XPD.CHEX.PC.CD,Current health expenditure per capita (current US$),SY,Syrian Arab Republic
SYR,2021,53.4726181,,,2,SH.XPD.CHEX.PC.CD,Current health expenditure per capita (current US$),SY,Syrian Arab Republic
SYR,2020,37.03173065,,,2,SH.XPD.CHEX.PC.CD,Current health expenditure per capita (current US$),SY,Syrian Arab Republic
SYR,2019,55.2208252,,,2,SH.XPD.CHEX.PC.CD,Current health expenditure per capita (current US$),SY,Syrian Arab Republic
SYR,2018,46.24067307,,,2,SH.XPD.CHEX.PC.CD,Current health expenditure per capita (current US$),SY,Syrian Arab Republic
SYR,2017,35.57104874,,,2,SH.XPD.CHEX.PC.CD,Current health expenditure per capita (current US$),SY,Syrian Arab Republic
SYR,2016,27.40652657,,,2,SH.XPD.CHEX.PC.CD,Current health expenditure per capita (current US$),SY,Syrian Arab Republic
SYR,2015,38.17871475,,,2,SH.XPD.CHEX.PC.CD,Current health expenditure per capita (current US$),SY,Syrian Arab Republic
SYR,2014,48.91549683,,,2,SH.XPD.CHEX.PC.CD,Current health expenditure per capita (current US$),SY,Syrian Arab Republic
SYR,2013,47.07229233,,,2,SH.XPD.CHEX.PC.CD,Current health expenditure per capita (current US$),SY,Syrian Arab Republic
SYR,2012,66.27796173,,,2,SH.XPD.CHEX.PC.CD,Current health expenditure per capita (current US$),SY,Syrian Arab Republic
SYR,2011,78.28834534,,,2,SH.XPD.CHEX.PC.CD,Current health expenditure per capita (current US$),SY,Syrian Arab Republic
SYR,2010,91.5537796,,,2,SH.XPD.CHEX.PC.CD,Current health expenditure per capita (current US$),SY,Syrian Arab Republic
SYR,2009,88.00678253,,,2,SH.XPD.CHEX.PC.CD,Current health expenditure per capita (current US$),SY,Syrian Arab Republic
SYR,2008,82.92500305,,,2,SH.XPD.CHEX.PC.CD,Current health expenditure per capita (current US$),SY,Syrian Arab Republic
SYR,2007,72.10467529,,,2,SH.XPD.CHEX.PC.CD,Current health expenditure per capita (current US$),SY,Syrian Arab Republic
SYR,2006,64.00552368,,,2,SH.XPD.CHEX.PC.CD,Current health expenditure per capita (current US$),SY,Syrian Arab Republic
SYR,2005,62.29284668,,,2,SH.XPD.CHEX.PC.CD,Current health expenditure per capita (current US$),SY,Syrian Arab Republic
SYR,2004,60.20412827,,,2,SH.XPD.CHEX.PC.CD,Current health expenditure per capita (current US$),SY,Syrian Arab Republic
SYR,2003,59.87030792,,,2,SH.XPD.CHEX.PC.CD,Current health expenditure per capita (current US$),SY,Syrian Arab Republic
SYR,2002,62.74715805,,,2,SH.XPD.CHEX.PC.CD,Current health expenditure per capita (current US$),SY,Syrian Arab Republic
SYR,2001,57.71026993,,,2,SH.XPD.CHEX.PC.CD,Current health expenditure per capita (current US$),SY,Syrian Arab Republic
SYR,2000,53.69049835,,,2,SH.XPD.CHEX.PC.CD,Current health expenditure per capita (current US$),SY,Syrian Arab Republic
TJK,2023,85.14702606,,,2,SH.XPD.CHEX.PC.CD,Current health expenditure per capita (current US$),TJ,Tajikistan
TJK,2022,78.61326599,,,2,SH.XPD.CHEX.PC.CD,Current health expenditure per capita (current US$),TJ,Tajikistan
TJK,2021,75.10315704,,,2,SH.XPD.CHEX.PC.CD,Current health expenditure per capita (current US$),TJ,Tajikistan
TJK,2020,74.17329407,,,2,SH.XPD.CHEX.PC.CD,Current health expenditure per capita (current US$),TJ,Tajikistan
TJK,2019,60.51568222,,,2,SH.XPD.CHEX.PC.CD,Current health expenditure per capita (current US$),TJ,Tajikistan
TJK,2018,58.51539993,,,2,SH.XPD.CHEX.PC.CD,Current health expenditure per capita (current US$),TJ,Tajikistan
TJK,2017,56.85092545,,,2,SH.XPD.CHEX.PC.CD,Current health expenditure per capita (current US$),TJ,Tajikistan
TJK,2016,54.9213562,,,2,SH.XPD.CHEX.PC.CD,Current health expenditure per capita (current US$),TJ,Tajikistan
TJK,2015,62.75804901,,,2,SH.XPD.CHEX.PC.CD,Current health expenditure per capita (current US$),TJ,Tajikistan
TJK,2014,73.06859589,,,2,SH.XPD.CHEX.PC.CD,Current health expenditure per capita (current US$),TJ,Tajikistan
TJK,2013,67.62356567,,,2,SH.XPD.CHEX.PC.CD,Current health expenditure per capita (current US$),TJ,Tajikistan
TJK,2012,56.97117615,,,2,SH.XPD.CHEX.PC.CD,Current health expenditure per capita (current US$),TJ,Tajikistan
TJK,2011,48.8431282,,,2,SH.XPD.CHEX.PC.CD,Current health expenditure per capita (current US$),TJ,Tajikistan
TJK,2010,42.28567886,,,2,SH.XPD.CHEX.PC.CD,Current health expenditure per capita (current US$),TJ,Tajikistan
TJK,2009,38.9187851,,,2,SH.XPD.CHEX.PC.CD,Current health expenditure per capita (current US$),TJ,Tajikistan
TJK,2008,41.35135651,,,2,SH.XPD.CHEX.PC.CD,Current health expenditure per capita (current US$),TJ,Tajikistan
TJK,2007,28.58950996,,,2,SH.XPD.CHEX.PC.CD,Current health expenditure per capita (current US$),TJ,Tajikistan
TJK,2006,20.04485893,,,2,SH.XPD.CHEX.PC.CD,Current health expenditure per capita (current US$),TJ,Tajikistan
TJK,2005,17.38472557,,,2,SH.XPD.CHEX.PC.CD,Current health expenditure per capita (current US$),TJ,Tajikistan
TJK,2004,14.6509676,,,2,SH.XPD.CHEX.PC.CD,Current health expenditure per capita (current US$),TJ,Tajikistan
TJK,2003,10.97546482,,,2,SH.XPD.CHEX.PC.CD,Current health expenditure per capita (current US$),TJ,Tajikistan
TJK,2002,8.21969986,,,2,SH.XPD.CHEX.PC.CD,Current health expenditure per capita (current US$),TJ,Tajikistan
TJK,2001,7.56599855,,,2,SH.XPD.CHEX.PC.CD,Current health expenditure per capita (current US$),TJ,Tajikistan
TJK,2000,5.90626955,,,2,SH.XPD.CHEX.PC.CD,Current health expenditure per capita (current US$),TJ,Tajikistan
TZA,2023,36.25619888,,,2,SH.XPD.CHEX.PC.CD,Current health expenditure per capita (current US$),TZ,Tanzania
TZA,2022,35.93323135,,,2,SH.XPD.CHEX.PC.CD,Current health expenditure per capita (current US$),TZ,Tanzania
TZA,2021,37.53121185,,,2,SH.XPD.CHEX.PC.CD,Current health expenditure per capita (current US$),TZ,Tanzania
TZA,2020,31.7036171,,,2,SH.XPD.CHEX.PC.CD,Current health expenditure per capita (current US$),TZ,Tanzania
TZA,2019,39.97783661,,,2,SH.XPD.CHEX.PC.CD,Current health expenditure per capita (current US$),TZ,Tanzania
TZA,2018,41.27171326,,,2,SH.XPD.CHEX.PC.CD,Current health expenditure per capita (current US$),TZ,Tanzania
TZA,2017,39.03767014,,,2,SH.XPD.CHEX.PC.CD,Current health expenditure per capita (current US$),TZ,Tanzania
TZA,2016,36.65267563,,,2,SH.XPD.CHEX.PC.CD,Current health expenditure per capita (current US$),TZ,Tanzania
TZA,2015,33.27184296,,,2,SH.XPD.CHEX.PC.CD,Current health expenditure per capita (current US$),TZ,Tanzania
TZA,2014,39.85456848,,,2,SH.XPD.CHEX.PC.CD,Current health expenditure per capita (current US$),TZ,Tanzania
TZA,2013,43.46931839,,,2,SH.XPD.CHEX.PC.CD,Current health expenditure per capita (current US$),TZ,Tanzania
TZA,2012,41.99654007,,,2,SH.XPD.CHEX.PC.CD,Current health expenditure per capita (current US$),TZ,Tanzania
TZA,2011,37.75179672,,,2,SH.XPD.CHEX.PC.CD,Current health expenditure per capita (current US$),TZ,Tanzania
TZA,2010,37.18493271,,,2,SH.XPD.CHEX.PC.CD,Current health expenditure per capita (current US$),TZ,Tanzania
TZA,2009,33.9993782,,,2,SH.XPD.CHEX.PC.CD,Current health expenditure per capita (current US$),TZ,Tanzania
TZA,2008,36.26182556,,,2,SH.XPD.CHEX.PC.CD,Current health expenditure per capita (current US$),TZ,Tanzania
TZA,2007,36.23610306,,,2,SH.XPD.CHEX.PC.CD,Current health expenditure per capita (current US$),TZ,Tanzania
TZA,2006,35.59762955,,,2,SH.XPD.CHEX.PC.CD,Current health expenditure per capita (current US$),TZ,Tanzania
TZA,2005,27.71374512,,,2,SH.XPD.CHEX.PC.CD,Current health expenditure per capita (current US$),TZ,Tanzania
TZA,2004,23.4493866,,,2,SH.XPD.CHEX.PC.CD,Current health expenditure per capita (current US$),TZ,Tanzania
TZA,2003,20.39437675,,,2,SH.XPD.CHEX.PC.CD,Current health expenditure per capita (current US$),TZ,Tanzania
TZA,2002,17.0355854,,,2,SH.XPD.CHEX.PC.CD,Current health expenditure per capita (current US$),TZ,Tanzania
TZA,2001,15.1739912,,,2,SH.XPD.CHEX.PC.CD,Current health expenditure per capita (current US$),TZ,Tanzania
TZA,2000,12.33031845,,,2,SH.XPD.CHEX.PC.CD,Current health expenditure per capita (current US$),TZ,Tanzania
THA,2023,326.50482178,,,2,SH.XPD.CHEX.PC.CD,Current health expenditure per capita (current US$),TH,Thailand
THA,2022,369.97647095,,,2,SH.XPD.CHEX.PC.CD,Current health expenditure per capita (current US$),TH,Thailand
THA,2021,363.72845459,,,2,SH.XPD.CHEX.PC.CD,Current health expenditure per capita (current US$),TH,Thailand
THA,2020,304.3817749,,,2,SH.XPD.CHEX.PC.CD,Current health expenditure per capita (current US$),TH,Thailand
THA,2019,288.31097412,,,2,SH.XPD.CHEX.PC.CD,Current health expenditure per capita (current US$),TH,Thailand
THA,2018,274.71221924,,,2,SH.XPD.CHEX.PC.CD,Current health expenditure per capita (current US$),TH,Thailand
THA,2017,247.08152771,,,2,SH.XPD.CHEX.PC.CD,Current health expenditure per capita (current US$),TH,Thailand
THA,2016,229.7849884,,,2,SH.XPD.CHEX.PC.CD,Current health expenditure per capita (current US$),TH,Thailand
THA,2015,219.15092468,,,2,SH.XPD.CHEX.PC.CD,Current health expenditure per capita (current US$),TH,Thailand
THA,2014,213.74395752,,,2,SH.XPD.CHEX.PC.CD,Current health expenditure per capita (current US$),TH,Thailand
THA,2013,207.81243896,,,2,SH.XPD.CHEX.PC.CD,Current health expenditure per capita (current US$),TH,Thailand
THA,2012,201.70690918,,,2,SH.XPD.CHEX.PC.CD,Current health expenditure per capita (current US$),TH,Thailand
THA,2011,191.74464417,,,2,SH.XPD.CHEX.PC.CD,Current health expenditure per capita (current US$),TH,Thailand
THA,2010,168.61891174,,,2,SH.XPD.CHEX.PC.CD,Current health expenditure per capita (current US$),TH,Thailand
THA,2009,149.67800903,,,2,SH.XPD.CHEX.PC.CD,Current health expenditure per capita (current US$),TH,Thailand
THA,2008,149.06762695,,,2,SH.XPD.CHEX.PC.CD,Current health expenditure per capita (current US$),TH,Thailand
THA,2007,125.10979462,,,2,SH.XPD.CHEX.PC.CD,Current health expenditure per capita (current US$),TH,Thailand
THA,2006,103.26116943,,,2,SH.XPD.CHEX.PC.CD,Current health expenditure per capita (current US$),TH,Thailand
THA,2005,90.61147308,,,2,SH.XPD.CHEX.PC.CD,Current health expenditure per capita (current US$),TH,Thailand
THA,2004,82.91682434,,,2,SH.XPD.CHEX.PC.CD,Current health expenditure per capita (current US$),TH,Thailand
THA,2003,76.13368225,,,2,SH.XPD.CHEX.PC.CD,Current health expenditure per capita (current US$),TH,Thailand
THA,2002,69.68746185,,,2,SH.XPD.CHEX.PC.CD,Current health expenditure per capita (current US$),TH,Thailand
THA,2001,57.19389343,,,2,SH.XPD.CHEX.PC.CD,Current health expenditure per capita (current US$),TH,Thailand
THA,2000,62.21043015,,,2,SH.XPD.CHEX.PC.CD,Current health expenditure per capita (current US$),TH,Thailand
TLS,2023,144.21452332,,,2,SH.XPD.CHEX.PC.CD,Current health expenditure per capita (current US$),TL,Timor-Leste
TLS,2022,174.91529846,,,2,SH.XPD.CHEX.PC.CD,Current health expenditure per capita (current US$),TL,Timor-Leste
TLS,2021,132.07870483,,,2,SH.XPD.CHEX.PC.CD,Current health expenditure per capita (current US$),TL,Timor-Leste
TLS,2020,118.49451447,,,2,SH.XPD.CHEX.PC.CD,Current health expenditure per capita (current US$),TL,Timor-Leste
TLS,2019,78.01346588,,,2,SH.XPD.CHEX.PC.CD,Current health expenditure per capita (current US$),TL,Timor-Leste
TLS,2018,78.07413483,,,2,SH.XPD.CHEX.PC.CD,Current health expenditure per capita (current US$),TL,Timor-Leste
TLS,2017,86.16269684,,,2,SH.XPD.CHEX.PC.CD,Current health expenditure per capita (current US$),TL,Timor-Leste
TLS,2016,92.69400787,,,2,SH.XPD.CHEX.PC.CD,Current health expenditure per capita (current US$),TL,Timor-Leste
TLS,2015,101.4779892,,,2,SH.XPD.CHEX.PC.CD,Current health expenditure per capita (current US$),TL,Timor-Leste
TLS,2014,93.10574341,,,2,SH.XPD.CHEX.PC.CD,Current health expenditure per capita (current US$),TL,Timor-Leste
TLS,2013,102.79840851,,,2,SH.XPD.CHEX.PC.CD,Current health expenditure per capita (current US$),TL,Timor-Leste
TLS,2012,71.46888733,,,2,SH.XPD.CHEX.PC.CD,Current health expenditure per capita (current US$),TL,Timor-Leste
TLS,2011,64.43626404,,,2,SH.XPD.CHEX.PC.CD,Current health expenditure per capita (current US$),TL,Timor-Leste
TLS,2010,52.6151619,,,2,SH.XPD.CHEX.PC.CD,Current health expenditure per capita (current US$),TL,Timor-Leste
TLS,2009,50.18856049,,,2,SH.XPD.CHEX.PC.CD,Current health expenditure per capita (current US$),TL,Timor-Leste
TLS,2008,43.71953964,,,2,SH.XPD.CHEX.PC.CD,Current health expenditure per capita (current US$),TL,Timor-Leste
TLS,2007,30.51906586,,,2,SH.XPD.CHEX.PC.CD,Current health expenditure per capita (current US$),TL,Timor-Leste
TLS,2006,27.90169907,,,2,SH.XPD.CHEX.PC.CD,Current health expenditure per capita (current US$),TL,Timor-Leste
TLS,2005,25.72540092,,,2,SH.XPD.CHEX.PC.CD,Current health expenditure per capita (current US$),TL,Timor-Leste
TLS,2004,20.22569466,,,2,SH.XPD.CHEX.PC.CD,Current health expenditure per capita (current US$),TL,Timor-Leste
TLS,2003,15.18759537,,,2,SH.XPD.CHEX.PC.CD,Current health expenditure per capita (current US$),TL,Timor-Leste
TLS,2002,,,,2,SH.XPD.CHEX.PC.CD,Current health expenditure per capita (current US$),TL,Timor-Leste
TLS,2001,,,,2,SH.XPD.CHEX.PC.CD,Current health expenditure per capita (current US$),TL,Timor-Leste
TLS,2000,,,,2,SH.XPD.CHEX.PC.CD,Current health expenditure per capita (current US$),TL,Timor-Leste
TGO,2023,59.60503769,,,2,SH.XPD.CHEX.PC.CD,Current health expenditure per capita (current US$),TG,Togo
TGO,2022,55.79545593,,,2,SH.XPD.CHEX.PC.CD,Current health expenditure per capita (current US$),TG,Togo
TGO,2021,52.72237015,,,2,SH.XPD.CHEX.PC.CD,Current health expenditure per capita (current US$),TG,Togo
TGO,2020,52.75213242,,,2,SH.XPD.CHEX.PC.CD,Current health expenditure per capita (current US$),TG,Togo
TGO,2019,48.85387421,,,2,SH.XPD.CHEX.PC.CD,Current health expenditure per capita (current US$),TG,Togo
TGO,2018,52.43610382,,,2,SH.XPD.CHEX.PC.CD,Current health expenditure per capita (current US$),TG,Togo
TGO,2017,51.5464592,,,2,SH.XPD.CHEX.PC.CD,Current health expenditure per capita (current US$),TG,Togo
TGO,2016,50.8783493,,,2,SH.XPD.CHEX.PC.CD,Current health expenditure per capita (current US$),TG,Togo
TGO,2015,46.92110825,,,2,SH.XPD.CHEX.PC.CD,Current health expenditure per capita (current US$),TG,Togo
TGO,2014,41.96416092,,,2,SH.XPD.CHEX.PC.CD,Current health expenditure per capita (current US$),TG,Togo
TGO,2013,39.56414795,,,2,SH.XPD.CHEX.PC.CD,Current health expenditure per capita (current US$),TG,Togo
TGO,2012,35.40290833,,,2,SH.XPD.CHEX.PC.CD,Current health expenditure per capita (current US$),TG,Togo
TGO,2011,34.41139603,,,2,SH.XPD.CHEX.PC.CD,Current health expenditure per capita (current US$),TG,Togo
TGO,2010,30.54597664,,,2,SH.XPD.CHEX.PC.CD,Current health expenditure per capita (current US$),TG,Togo
TGO,2009,28.3035717,,,2,SH.XPD.CHEX.PC.CD,Current health expenditure per capita (current US$),TG,Togo
TGO,2008,26.89384079,,,2,SH.XPD.CHEX.PC.CD,Current health expenditure per capita (current US$),TG,Togo
TGO,2007,22.34309769,,,2,SH.XPD.CHEX.PC.CD,Current health expenditure per capita (current US$),TG,Togo
TGO,2006,22.74487495,,,2,SH.XPD.CHEX.PC.CD,Current health expenditure per capita (current US$),TG,Togo
TGO,2005,20.9699707,,,2,SH.XPD.CHEX.PC.CD,Current health expenditure per capita (current US$),TG,Togo
TGO,2004,18.62999153,,,2,SH.XPD.CHEX.PC.CD,Current health expenditure per capita (current US$),TG,Togo
TGO,2003,17.7094574,,,2,SH.XPD.CHEX.PC.CD,Current health expenditure per capita (current US$),TG,Togo
TGO,2002,14.65135479,,,2,SH.XPD.CHEX.PC.CD,Current health expenditure per capita (current US$),TG,Togo
TGO,2001,13.04282379,,,2,SH.XPD.CHEX.PC.CD,Current health expenditure per capita (current US$),TG,Togo
TGO,2000,13.0541811,,,2,SH.XPD.CHEX.PC.CD,Current health expenditure per capita (current US$),TG,Togo
TON,2023,357.54415894,,,2,SH.XPD.CHEX.PC.CD,Current health expenditure per capita (current US$),TO,Tonga
TON,2022,382.79116821,,,2,SH.XPD.CHEX.PC.CD,Current health expenditure per capita (current US$),TO,Tonga
TON,2021,348.79745483,,,2,SH.XPD.CHEX.PC.CD,Current health expenditure per capita (current US$),TO,Tonga
TON,2020,262.55459595,,,2,SH.XPD.CHEX.PC.CD,Current health expenditure per capita (current US$),TO,Tonga
TON,2019,266.68792725,,,2,SH.XPD.CHEX.PC.CD,Current health expenditure per capita (current US$),TO,Tonga
TON,2018,278.49508667,,,2,SH.XPD.CHEX.PC.CD,Current health expenditure per capita (current US$),TO,Tonga
TON,2017,246.34036255,,,2,SH.XPD.CHEX.PC.CD,Current health expenditure per capita (current US$),TO,Tonga
TON,2016,208.53982544,,,2,SH.XPD.CHEX.PC.CD,Current health expenditure per capita (current US$),TO,Tonga
TON,2015,181.91452026,,,2,SH.XPD.CHEX.PC.CD,Current health expenditure per capita (current US$),TO,Tonga
TON,2014,210.86004639,,,2,SH.XPD.CHEX.PC.CD,Current health expenditure per capita (current US$),TO,Tonga
TON,2013,171.82066345,,,2,SH.XPD.CHEX.PC.CD,Current health expenditure per capita (current US$),TO,Tonga
TON,2012,318.4196167,,,2,SH.XPD.CHEX.PC.CD,Current health expenditure per capita (current US$),TO,Tonga
TON,2011,193.43716431,,,2,SH.XPD.CHEX.PC.CD,Current health expenditure per capita (current US$),TO,Tonga
TON,2010,166.58139038,,,2,SH.XPD.CHEX.PC.CD,Current health expenditure per capita (current US$),TO,Tonga
TON,2009,118.79367065,,,2,SH.XPD.CHEX.PC.CD,Current health expenditure per capita (current US$),TO,Tonga
TON,2008,190.86582947,,,2,SH.XPD.CHEX.PC.CD,Current health expenditure per capita (current US$),TO,Tonga
TON,2007,134.56217957,,,2,SH.XPD.CHEX.PC.CD,Current health expenditure per capita (current US$),TO,Tonga
TON,2006,149.22753906,,,2,SH.XPD.CHEX.PC.CD,Current health expenditure per capita (current US$),TO,Tonga
TON,2005,108.29302216,,,2,SH.XPD.CHEX.PC.CD,Current health expenditure per capita (current US$),TO,Tonga
TON,2004,102.70134735,,,2,SH.XPD.CHEX.PC.CD,Current health expenditure per capita (current US$),TO,Tonga
TON,2003,68.05188751,,,2,SH.XPD.CHEX.PC.CD,Current health expenditure per capita (current US$),TO,Tonga
TON,2002,62.6541748,,,2,SH.XPD.CHEX.PC.CD,Current health expenditure per capita (current US$),TO,Tonga
TON,2001,55.2772522,,,2,SH.XPD.CHEX.PC.CD,Current health expenditure per capita (current US$),TO,Tonga
TON,2000,53.3949585,,,2,SH.XPD.CHEX.PC.CD,Current health expenditure per capita (current US$),TO,Tonga
TTO,2023,1276.33862305,,,2,SH.XPD.CHEX.PC.CD,Current health expenditure per capita (current US$),TT,Trinidad and Tobago
TTO,2022,1266.28820801,,,2,SH.XPD.CHEX.PC.CD,Current health expenditure per capita (current US$),TT,Trinidad and Tobago
TTO,2021,1170.93859863,,,2,SH.XPD.CHEX.PC.CD,Current health expenditure per capita (current US$),TT,Trinidad and Tobago
TTO,2020,1059.72583008,,,2,SH.XPD.CHEX.PC.CD,Current health expenditure per capita (current US$),TT,Trinidad and Tobago
TTO,2019,1097.20556641,,,2,SH.XPD.CHEX.PC.CD,Current health expenditure per capita (current US$),TT,Trinidad and Tobago
TTO,2018,1080.45397949,,,2,SH.XPD.CHEX.PC.CD,Current health expenditure per capita (current US$),TT,Trinidad and Tobago
TTO,2017,1083.37609863,,,2,SH.XPD.CHEX.PC.CD,Current health expenditure per capita (current US$),TT,Trinidad and Tobago
TTO,2016,1064.41772461,,,2,SH.XPD.CHEX.PC.CD,Current health expenditure per capita (current US$),TT,Trinidad and Tobago
TTO,2015,1061.58666992,,,2,SH.XPD.CHEX.PC.CD,Current health expenditure per capita (current US$),TT,Trinidad and Tobago
TTO,2014,1010.82769775,,,2,SH.XPD.CHEX.PC.CD,Current health expenditure per capita (current US$),TT,Trinidad and Tobago
TTO,2013,970.90222168,,,2,SH.XPD.CHEX.PC.CD,Current health expenditure per capita (current US$),TT,Trinidad and Tobago
TTO,2012,895.08026123,,,2,SH.XPD.CHEX.PC.CD,Current health expenditure per capita (current US$),TT,Trinidad and Tobago
TTO,2011,872.96398926,,,2,SH.XPD.CHEX.PC.CD,Current health expenditure per capita (current US$),TT,Trinidad and Tobago
TTO,2010,825.16088867,,,2,SH.XPD.CHEX.PC.CD,Current health expenditure per capita (current US$),TT,Trinidad and Tobago
TTO,2009,776.62243652,,,2,SH.XPD.CHEX.PC.CD,Current health expenditure per capita (current US$),TT,Trinidad and Tobago
TTO,2008,751.54608154,,,2,SH.XPD.CHEX.PC.CD,Current health expenditure per capita (current US$),TT,Trinidad and Tobago
TTO,2007,667.35321045,,,2,SH.XPD.CHEX.PC.CD,Current health expenditure per capita (current US$),TT,Trinidad and Tobago
TTO,2006,568.72583008,,,2,SH.XPD.CHEX.PC.CD,Current health expenditure per capita (current US$),TT,Trinidad and Tobago
TTO,2005,530.35229492,,,2,SH.XPD.CHEX.PC.CD,Current health expenditure per capita (current US$),TT,Trinidad and Tobago
TTO,2004,431.37268066,,,2,SH.XPD.CHEX.PC.CD,Current health expenditure per capita (current US$),TT,Trinidad and Tobago
TTO,2003,358.59500122,,,2,SH.XPD.CHEX.PC.CD,Current health expenditure per capita (current US$),TT,Trinidad and Tobago
TTO,2002,324.36880493,,,2,SH.XPD.CHEX.PC.CD,Current health expenditure per capita (current US$),TT,Trinidad and Tobago
TTO,2001,272.72851563,,,2,SH.XPD.CHEX.PC.CD,Current health expenditure per capita (current US$),TT,Trinidad and Tobago
TTO,2000,266.16275024,,,2,SH.XPD.CHEX.PC.CD,Current health expenditure per capita (current US$),TT,Trinidad and Tobago
TUN,2023,317.70983887,,,2,SH.XPD.CHEX.PC.CD,Current health expenditure per capita (current US$),TN,Tunisia
TUN,2022,276.46380615,,,2,SH.XPD.CHEX.PC.CD,Current health expenditure per capita (current US$),TN,Tunisia
TUN,2021,285.25247192,,,2,SH.XPD.CHEX.PC.CD,Current health expenditure per capita (current US$),TN,Tunisia
TUN,2020,250.40145874,,,2,SH.XPD.CHEX.PC.CD,Current health expenditure per capita (current US$),TN,Tunisia
TUN,2019,212.60031128,,,2,SH.XPD.CHEX.PC.CD,Current health expenditure per capita (current US$),TN,Tunisia
TUN,2018,215.418396,,,2,SH.XPD.CHEX.PC.CD,Current health expenditure per capita (current US$),TN,Tunisia
TUN,2017,223.85903931,,,2,SH.XPD.CHEX.PC.CD,Current health expenditure per capita (current US$),TN,Tunisia
TUN,2016,240.40258789,,,2,SH.XPD.CHEX.PC.CD,Current health expenditure per capita (current US$),TN,Tunisia
TUN,2015,249.46418762,,,2,SH.XPD.CHEX.PC.CD,Current health expenditure per capita (current US$),TN,Tunisia
TUN,2014,287.60955811,,,2,SH.XPD.CHEX.PC.CD,Current health expenditure per capita (current US$),TN,Tunisia
TUN,2013,284.64538574,,,2,SH.XPD.CHEX.PC.CD,Current health expenditure per capita (current US$),TN,Tunisia
TUN,2012,270.29055786,,,2,SH.XPD.CHEX.PC.CD,Current health expenditure per capita (current US$),TN,Tunisia
TUN,2011,270.67507935,,,2,SH.XPD.CHEX.PC.CD,Current health expenditure per capita (current US$),TN,Tunisia
TUN,2010,240.75447083,,,2,SH.XPD.CHEX.PC.CD,Current health expenditure per capita (current US$),TN,Tunisia
TUN,2009,231.3591156,,,2,SH.XPD.CHEX.PC.CD,Current health expenditure per capita (current US$),TN,Tunisia
TUN,2008,230.50152588,,,2,SH.XPD.CHEX.PC.CD,Current health expenditure per capita (current US$),TN,Tunisia
TUN,2007,202.32022095,,,2,SH.XPD.CHEX.PC.CD,Current health expenditure per capita (current US$),TN,Tunisia
TUN,2006,178.82592773,,,2,SH.XPD.CHEX.PC.CD,Current health expenditure per capita (current US$),TN,Tunisia
TUN,2005,169.84550476,,,2,SH.XPD.CHEX.PC.CD,Current health expenditure per capita (current US$),TN,Tunisia
TUN,2004,167.27586365,,,2,SH.XPD.CHEX.PC.CD,Current health expenditure per capita (current US$),TN,Tunisia
TUN,2003,148.93447876,,,2,SH.XPD.CHEX.PC.CD,Current health expenditure per capita (current US$),TN,Tunisia
TUN,2002,124.64620972,,,2,SH.XPD.CHEX.PC.CD,Current health expenditure per capita (current US$),TN,Tunisia
TUN,2001,114.00454712,,,2,SH.XPD.CHEX.PC.CD,Current health expenditure per capita (current US$),TN,Tunisia
TUN,2000,111.01378632,,,2,SH.XPD.CHEX.PC.CD,Current health expenditure per capita (current US$),TN,Tunisia
TUR,2023,547.8145752,,,2,SH.XPD.CHEX.PC.CD,Current health expenditure per capita (current US$),TR,Turkiye
TUR,2022,385.87997437,,,2,SH.XPD.CHEX.PC.CD,Current health expenditure per capita (current US$),TR,Turkiye
TUR,2021,431.33978271,,,2,SH.XPD.CHEX.PC.CD,Current health expenditure per capita (current US$),TR,Turkiye
TUR,2020,386.2593689,,,2,SH.XPD.CHEX.PC.CD,Current health expenditure per capita (current US$),TR,Turkiye
TUR,2019,388.67486572,,,2,SH.XPD.CHEX.PC.CD,Current health expenditure per capita (current US$),TR,Turkiye
TUR,2018,380.27835083,,,2,SH.XPD.CHEX.PC.CD,Current health expenditure per capita (current US$),TR,Turkiye
TUR,2017,432.13754272,,,2,SH.XPD.CHEX.PC.CD,Current health expenditure per capita (current US$),TR,Turkiye
TUR,2016,456.3659668,,,2,SH.XPD.CHEX.PC.CD,Current health expenditure per capita (current US$),TR,Turkiye
TUR,2015,444.70803833,,,2,SH.XPD.CHEX.PC.CD,Current health expenditure per capita (current US$),TR,Turkiye
TUR,2014,520.40753174,,,2,SH.XPD.CHEX.PC.CD,Current health expenditure per capita (current US$),TR,Turkiye
TUR,2013,547.95465088,,,2,SH.XPD.CHEX.PC.CD,Current health expenditure per capita (current US$),TR,Turkiye
TUR,2012,520.44274902,,,2,SH.XPD.CHEX.PC.CD,Current health expenditure per capita (current US$),TR,Turkiye
TUR,2011,525.89105225,,,2,SH.XPD.CHEX.PC.CD,Current health expenditure per capita (current US$),TR,Turkiye
TUR,2010,531.82861328,,,2,SH.XPD.CHEX.PC.CD,Current health expenditure per capita (current US$),TR,Turkiye
TUR,2009,492.30032349,,,2,SH.XPD.CHEX.PC.CD,Current health expenditure per capita (current US$),TR,Turkiye
TUR,2008,561.73529053,,,2,SH.XPD.CHEX.PC.CD,Current health expenditure per capita (current US$),TR,Turkiye
TUR,2007,504.37646484,,,2,SH.XPD.CHEX.PC.CD,Current health expenditure per capita (current US$),TR,Turkiye
TUR,2006,409.25881958,,,2,SH.XPD.CHEX.PC.CD,Current health expenditure per capita (current US$),TR,Turkiye
TUR,2005,357.40197754,,,2,SH.XPD.CHEX.PC.CD,Current health expenditure per capita (current US$),TR,Turkiye
TUR,2004,292.65307617,,,2,SH.XPD.CHEX.PC.CD,Current health expenditure per capita (current US$),TR,Turkiye
TUR,2003,232.5562439,,,2,SH.XPD.CHEX.PC.CD,Current health expenditure per capita (current US$),TR,Turkiye
TUR,2002,181.39144897,,,2,SH.XPD.CHEX.PC.CD,Current health expenditure per capita (current US$),TR,Turkiye
TUR,2001,148.86210632,,,2,SH.XPD.CHEX.PC.CD,Current health expenditure per capita (current US$),TR,Turkiye
TUR,2000,192.8344574,,,2,SH.XPD.CHEX.PC.CD,Current health expenditure per capita (current US$),TR,Turkiye
TKM,2023,581.38220215,,,2,SH.XPD.CHEX.PC.CD,Current health expenditure per capita (current US$),TM,Turkmenistan
TKM,2022,579.15454102,,,2,SH.XPD.CHEX.PC.CD,Current health expenditure per capita (current US$),TM,Turkmenistan
TKM,2021,471.86325073,,,2,SH.XPD.CHEX.PC.CD,Current health expenditure per capita (current US$),TM,Turkmenistan
TKM,2020,420.0083313,,,2,SH.XPD.CHEX.PC.CD,Current health expenditure per capita (current US$),TM,Turkmenistan
TKM,2019,432.78118896,,,2,SH.XPD.CHEX.PC.CD,Current health expenditure per capita (current US$),TM,Turkmenistan
TKM,2018,411.32562256,,,2,SH.XPD.CHEX.PC.CD,Current health expenditure per capita (current US$),TM,Turkmenistan
TKM,2017,410.81082153,,,2,SH.XPD.CHEX.PC.CD,Current health expenditure per capita (current US$),TM,Turkmenistan
TKM,2016,376.65567017,,,2,SH.XPD.CHEX.PC.CD,Current health expenditure per capita (current US$),TM,Turkmenistan
TKM,2015,362.72949219,,,2,SH.XPD.CHEX.PC.CD,Current health expenditure per capita (current US$),TM,Turkmenistan
TKM,2014,393.86843872,,,2,SH.XPD.CHEX.PC.CD,Current health expenditure per capita (current US$),TM,Turkmenistan
TKM,2013,339.92349243,,,2,SH.XPD.CHEX.PC.CD,Current health expenditure per capita (current US$),TM,Turkmenistan
TKM,2012,289.13015747,,,2,SH.XPD.CHEX.PC.CD,Current health expenditure per capita (current US$),TM,Turkmenistan
TKM,2011,251.85777283,,,2,SH.XPD.CHEX.PC.CD,Current health expenditure per capita (current US$),TM,Turkmenistan
TKM,2010,202.7792511,,,2,SH.XPD.CHEX.PC.CD,Current health expenditure per capita (current US$),TM,Turkmenistan
TKM,2009,178.44587708,,,2,SH.XPD.CHEX.PC.CD,Current health expenditure per capita (current US$),TM,Turkmenistan
TKM,2008,235.91514587,,,2,SH.XPD.CHEX.PC.CD,Current health expenditure per capita (current US$),TM,Turkmenistan
TKM,2007,261.83258057,,,2,SH.XPD.CHEX.PC.CD,Current health expenditure per capita (current US$),TM,Turkmenistan
TKM,2006,349.6842041,,,2,SH.XPD.CHEX.PC.CD,Current health expenditure per capita (current US$),TM,Turkmenistan
TKM,2005,324.81155396,,,2,SH.XPD.CHEX.PC.CD,Current health expenditure per capita (current US$),TM,Turkmenistan
TKM,2004,302.85839844,,,2,SH.XPD.CHEX.PC.CD,Current health expenditure per capita (current US$),TM,Turkmenistan
TKM,2003,199.93019104,,,2,SH.XPD.CHEX.PC.CD,Current health expenditure per capita (current US$),TM,Turkmenistan
TKM,2002,128.08802795,,,2,SH.XPD.CHEX.PC.CD,Current health expenditure per capita (current US$),TM,Turkmenistan
TKM,2001,120.8463974,,,2,SH.XPD.CHEX.PC.CD,Current health expenditure per capita (current US$),TM,Turkmenistan
TKM,2000,75.52490234,,,2,SH.XPD.CHEX.PC.CD,Current health expenditure per capita (current US$),TM,Turkmenistan
TCA,2023,,,,2,SH.XPD.CHEX.PC.CD,Current health expenditure per capita (current US$),TC,Turks and Caicos Islands
TCA,2022,,,,2,SH.XPD.CHEX.PC.CD,Current health expenditure per capita (current US$),TC,Turks and Caicos Islands
TCA,2021,,,,2,SH.XPD.CHEX.PC.CD,Current health expenditure per capita (current US$),TC,Turks and Caicos Islands
TCA,2020,,,,2,SH.XPD.CHEX.PC.CD,Current health expenditure per capita (current US$),TC,Turks and Caicos Islands
TCA,2019,,,,2,SH.XPD.CHEX.PC.CD,Current health expenditure per capita (current US$),TC,Turks and Caicos Islands
TCA,2018,,,,2,SH.XPD.CHEX.PC.CD,Current health expenditure per capita (current US$),TC,Turks and Caicos Islands
TCA,2017,,,,2,SH.XPD.CHEX.PC.CD,Current health expenditure per capita (current US$),TC,Turks and Caicos Islands
TCA,2016,,,,2,SH.XPD.CHEX.PC.CD,Current health expenditure per capita (current US$),TC,Turks and Caicos Islands
TCA,2015,,,,2,SH.XPD.CHEX.PC.CD,Current health expenditure per capita (current US$),TC,Turks and Caicos Islands
TCA,2014,,,,2,SH.XPD.CHEX.PC.CD,Current health expenditure per capita (current US$),TC,Turks and Caicos Islands
TCA,2013,,,,2,SH.XPD.CHEX.PC.CD,Current health expenditure per capita (current US$),TC,Turks and Caicos Islands
TCA,2012,,,,2,SH.XPD.CHEX.PC.CD,Current health expenditure per capita (current US$),TC,Turks and Caicos Islands
TCA,2011,,,,2,SH.XPD.CHEX.PC.CD,Current health expenditure per capita (current US$),TC,Turks and Caicos Islands
TCA,2010,,,,2,SH.XPD.CHEX.PC.CD,Current health expenditure per capita (current US$),TC,Turks and Caicos Islands
TCA,2009,,,,2,SH.XPD.CHEX.PC.CD,Current health expenditure per capita (current US$),TC,Turks and Caicos Islands
TCA,2008,,,,2,SH.XPD.CHEX.PC.CD,Current health expenditure per capita (current US$),TC,Turks and Caicos Islands
TCA,2007,,,,2,SH.XPD.CHEX.PC.CD,Current health expenditure per capita (current US$),TC,Turks and Caicos Islands
TCA,2006,,,,2,SH.XPD.CHEX.PC.CD,Current health expenditure per capita (current US$),TC,Turks and Caicos Islands
TCA,2005,,,,2,SH.XPD.CHEX.PC.CD,Current health expenditure per capita (current US$),TC,Turks and Caicos Islands
TCA,2004,,,,2,SH.XPD.CHEX.PC.CD,Current health expenditure per capita (current US$),TC,Turks and Caicos Islands
TCA,2003,,,,2,SH.XPD.CHEX.PC.CD,Current health expenditure per capita (current US$),TC,Turks and Caicos Islands
TCA,2002,,,,2,SH.XPD.CHEX.PC.CD,Current health expenditure per capita (current US$),TC,Turks and Caicos Islands
TCA,2001,,,,2,SH.XPD.CHEX.PC.CD,Current health expenditure per capita (current US$),TC,Turks and Caicos Islands
TCA,2000,,,,2,SH.XPD.CHEX.PC.CD,Current health expenditure per capita (current US$),TC,Turks and Caicos Islands
TUV,2023,1723.56542969,,,2,SH.XPD.CHEX.PC.CD,Current health expenditure per capita (current US$),TV,Tuvalu
TUV,2022,1300.46679688,,,2,SH.XPD.CHEX.PC.CD,Current health expenditure per capita (current US$),TV,Tuvalu
TUV,2021,1122.39929199,,,2,SH.XPD.CHEX.PC.CD,Current health expenditure per capita (current US$),TV,Tuvalu
TUV,2020,899.59460449,,,2,SH.XPD.CHEX.PC.CD,Current health expenditure per capita (current US$),TV,Tuvalu
TUV,2019,1138.82617188,,,2,SH.XPD.CHEX.PC.CD,Current health expenditure per capita (current US$),TV,Tuvalu
TUV,2018,819.41162109,,,2,SH.XPD.CHEX.PC.CD,Current health expenditure per capita (current US$),TV,Tuvalu
TUV,2017,1017.49633789,,,2,SH.XPD.CHEX.PC.CD,Current health expenditure per capita (current US$),TV,Tuvalu
TUV,2016,697.99798584,,,2,SH.XPD.CHEX.PC.CD,Current health expenditure per capita (current US$),TV,Tuvalu
TUV,2015,451.35287476,,,2,SH.XPD.CHEX.PC.CD,Current health expenditure per capita (current US$),TV,Tuvalu
TUV,2014,512.64215088,,,2,SH.XPD.CHEX.PC.CD,Current health expenditure per capita (current US$),TV,Tuvalu
TUV,2013,484.58966064,,,2,SH.XPD.CHEX.PC.CD,Current health expenditure per capita (current US$),TV,Tuvalu
TUV,2012,499.21899414,,,2,SH.XPD.CHEX.PC.CD,Current health expenditure per capita (current US$),TV,Tuvalu
TUV,2011,536.10473633,,,2,SH.XPD.CHEX.PC.CD,Current health expenditure per capita (current US$),TV,Tuvalu
TUV,2010,490.41107178,,,2,SH.XPD.CHEX.PC.CD,Current health expenditure per capita (current US$),TV,Tuvalu
TUV,2009,349.2015686,,,2,SH.XPD.CHEX.PC.CD,Current health expenditure per capita (current US$),TV,Tuvalu
TUV,2008,319.3182373,,,2,SH.XPD.CHEX.PC.CD,Current health expenditure per capita (current US$),TV,Tuvalu
TUV,2007,292.23049927,,,2,SH.XPD.CHEX.PC.CD,Current health expenditure per capita (current US$),TV,Tuvalu
TUV,2006,291.76730347,,,2,SH.XPD.CHEX.PC.CD,Current health expenditure per capita (current US$),TV,Tuvalu
TUV,2005,232.03250122,,,2,SH.XPD.CHEX.PC.CD,Current health expenditure per capita (current US$),TV,Tuvalu
TUV,2004,216.72221375,,,2,SH.XPD.CHEX.PC.CD,Current health expenditure per capita (current US$),TV,Tuvalu
TUV,2003,274.99337769,,,2,SH.XPD.CHEX.PC.CD,Current health expenditure per capita (current US$),TV,Tuvalu
TUV,2002,207.1824646,,,2,SH.XPD.CHEX.PC.CD,Current health expenditure per capita (current US$),TV,Tuvalu
TUV,2001,261.71032715,,,2,SH.XPD.CHEX.PC.CD,Current health expenditure per capita (current US$),TV,Tuvalu
TUV,2000,351.92758179,,,2,SH.XPD.CHEX.PC.CD,Current health expenditure per capita (current US$),TV,Tuvalu
UGA,2023,45.21318436,,,2,SH.XPD.CHEX.PC.CD,Current health expenditure per capita (current US$),UG,Uganda
UGA,2022,44.47286224,,,2,SH.XPD.CHEX.PC.CD,Current health expenditure per capita (current US$),UG,Uganda
UGA,2021,51.03484726,,,2,SH.XPD.CHEX.PC.CD,Current health expenditure per capita (current US$),UG,Uganda
UGA,2020,44.73381805,,,2,SH.XPD.CHEX.PC.CD,Current health expenditure per capita (current US$),UG,Uganda
UGA,2019,33.36559677,,,2,SH.XPD.CHEX.PC.CD,Current health expenditure per capita (current US$),UG,Uganda
UGA,2018,32.9515686,,,2,SH.XPD.CHEX.PC.CD,Current health expenditure per capita (current US$),UG,Uganda
UGA,2017,31.43818092,,,2,SH.XPD.CHEX.PC.CD,Current health expenditure per capita (current US$),UG,Uganda
UGA,2016,39.08125305,,,2,SH.XPD.CHEX.PC.CD,Current health expenditure per capita (current US$),UG,Uganda
UGA,2015,40.09843445,,,2,SH.XPD.CHEX.PC.CD,Current health expenditure per capita (current US$),UG,Uganda
UGA,2014,50.957798,,,2,SH.XPD.CHEX.PC.CD,Current health expenditure per capita (current US$),UG,Uganda
UGA,2013,52.906353,,,2,SH.XPD.CHEX.PC.CD,Current health expenditure per capita (current US$),UG,Uganda
UGA,2012,55.03918457,,,2,SH.XPD.CHEX.PC.CD,Current health expenditure per capita (current US$),UG,Uganda
UGA,2011,55.2076683,,,2,SH.XPD.CHEX.PC.CD,Current health expenditure per capita (current US$),UG,Uganda
UGA,2010,51.88574982,,,2,SH.XPD.CHEX.PC.CD,Current health expenditure per capita (current US$),UG,Uganda
UGA,2009,44.3670578,,,2,SH.XPD.CHEX.PC.CD,Current health expenditure per capita (current US$),UG,Uganda
UGA,2008,40.04308701,,,2,SH.XPD.CHEX.PC.CD,Current health expenditure per capita (current US$),UG,Uganda
UGA,2007,36.10126495,,,2,SH.XPD.CHEX.PC.CD,Current health expenditure per capita (current US$),UG,Uganda
UGA,2006,31.60310555,,,2,SH.XPD.CHEX.PC.CD,Current health expenditure per capita (current US$),UG,Uganda
UGA,2005,25.86819267,,,2,SH.XPD.CHEX.PC.CD,Current health expenditure per capita (current US$),UG,Uganda
UGA,2004,18.60707474,,,2,SH.XPD.CHEX.PC.CD,Current health expenditure per capita (current US$),UG,Uganda
UGA,2003,14.23364067,,,2,SH.XPD.CHEX.PC.CD,Current health expenditure per capita (current US$),UG,Uganda
UGA,2002,15.74441719,,,2,SH.XPD.CHEX.PC.CD,Current health expenditure per capita (current US$),UG,Uganda
UGA,2001,15.99579906,,,2,SH.XPD.CHEX.PC.CD,Current health expenditure per capita (current US$),UG,Uganda
UGA,2000,16.42602158,,,2,SH.XPD.CHEX.PC.CD,Current health expenditure per capita (current US$),UG,Uganda
UKR,2023,,,,2,SH.XPD.CHEX.PC.CD,Current health expenditure per capita (current US$),UA,Ukraine
UKR,2022,,,,2,SH.XPD.CHEX.PC.CD,Current health expenditure per capita (current US$),UA,Ukraine
UKR,2021,369.90487671,,,2,SH.XPD.CHEX.PC.CD,Current health expenditure per capita (current US$),UA,Ukraine
UKR,2020,265.07846069,,,2,SH.XPD.CHEX.PC.CD,Current health expenditure per capita (current US$),UA,Ukraine
UKR,2019,242.81388855,,,2,SH.XPD.CHEX.PC.CD,Current health expenditure per capita (current US$),UA,Ukraine
UKR,2018,217.73760986,,,2,SH.XPD.CHEX.PC.CD,Current health expenditure per capita (current US$),UA,Ukraine
UKR,2017,183.69506836,,,2,SH.XPD.CHEX.PC.CD,Current health expenditure per capita (current US$),UA,Ukraine
UKR,2016,154.5546875,,,2,SH.XPD.CHEX.PC.CD,Current health expenditure per capita (current US$),UA,Ukraine
UKR,2015,154.75454712,,,2,SH.XPD.CHEX.PC.CD,Current health expenditure per capita (current US$),UA,Ukraine
UKR,2014,208.94400024,,,2,SH.XPD.CHEX.PC.CD,Current health expenditure per capita (current US$),UA,Ukraine
UKR,2013,275.94143677,,,2,SH.XPD.CHEX.PC.CD,Current health expenditure per capita (current US$),UA,Ukraine
UKR,2012,270.76205444,,,2,SH.XPD.CHEX.PC.CD,Current health expenditure per capita (current US$),UA,Ukraine
UKR,2011,240.17747498,,,2,SH.XPD.CHEX.PC.CD,Current health expenditure per capita (current US$),UA,Ukraine
UKR,2010,199.49559021,,,2,SH.XPD.CHEX.PC.CD,Current health expenditure per capita (current US$),UA,Ukraine
UKR,2009,165.98542786,,,2,SH.XPD.CHEX.PC.CD,Current health expenditure per capita (current US$),UA,Ukraine
UKR,2008,212.75292969,,,2,SH.XPD.CHEX.PC.CD,Current health expenditure per capita (current US$),UA,Ukraine
UKR,2007,183.18217468,,,2,SH.XPD.CHEX.PC.CD,Current health expenditure per capita (current US$),UA,Ukraine
UKR,2006,146.27377319,,,2,SH.XPD.CHEX.PC.CD,Current health expenditure per capita (current US$),UA,Ukraine
UKR,2005,114.63265228,,,2,SH.XPD.CHEX.PC.CD,Current health expenditure per capita (current US$),UA,Ukraine
UKR,2004,83.23918915,,,2,SH.XPD.CHEX.PC.CD,Current health expenditure per capita (current US$),UA,Ukraine
UKR,2003,67.87039948,,,2,SH.XPD.CHEX.PC.CD,Current health expenditure per capita (current US$),UA,Ukraine
UKR,2002,52.11910248,,,2,SH.XPD.CHEX.PC.CD,Current health expenditure per capita (current US$),UA,Ukraine
UKR,2001,44.14328766,,,2,SH.XPD.CHEX.PC.CD,Current health expenditure per capita (current US$),UA,Ukraine
UKR,2000,34.62232971,,,2,SH.XPD.CHEX.PC.CD,Current health expenditure per capita (current US$),UA,Ukraine
ARE,2023,2401.52026367,,,2,SH.XPD.CHEX.PC.CD,Current health expenditure per capita (current US$),AE,United Arab Emirates
ARE,2022,2240.9050293,,,2,SH.XPD.CHEX.PC.CD,Current health expenditure per capita (current US$),AE,United Arab Emirates
ARE,2021,2249.96313477,,,2,SH.XPD.CHEX.PC.CD,Current health expenditure per capita (current US$),AE,United Arab Emirates
ARE,2020,2154.41113281,,,2,SH.XPD.CHEX.PC.CD,Current health expenditure per capita (current US$),AE,United Arab Emirates
ARE,2019,1962.46728516,,,2,SH.XPD.CHEX.PC.CD,Current health expenditure per capita (current US$),AE,United Arab Emirates
ARE,2018,1872.58422852,,,2,SH.XPD.CHEX.PC.CD,Current health expenditure per capita (current US$),AE,United Arab Emirates
ARE,2017,1695.203125,,,2,SH.XPD.CHEX.PC.CD,Current health expenditure per capita (current US$),AE,United Arab Emirates
ARE,2016,1592.91906738,,,2,SH.XPD.CHEX.PC.CD,Current health expenditure per capita (current US$),AE,United Arab Emirates
ARE,2015,1479.49743652,,,2,SH.XPD.CHEX.PC.CD,Current health expenditure per capita (current US$),AE,United Arab Emirates
ARE,2014,1776.7310791,,,2,SH.XPD.CHEX.PC.CD,Current health expenditure per capita (current US$),AE,United Arab Emirates
ARE,2013,1789.68579102,,,2,SH.XPD.CHEX.PC.CD,Current health expenditure per capita (current US$),AE,United Arab Emirates
ARE,2012,1711.38525391,,,2,SH.XPD.CHEX.PC.CD,Current health expenditure per capita (current US$),AE,United Arab Emirates
ARE,2011,1787.59997559,,,2,SH.XPD.CHEX.PC.CD,Current health expenditure per capita (current US$),AE,United Arab Emirates
ARE,2010,1619.98864746,,,2,SH.XPD.CHEX.PC.CD,Current health expenditure per capita (current US$),AE,United Arab Emirates
ARE,2009,1531.02209473,,,2,SH.XPD.CHEX.PC.CD,Current health expenditure per capita (current US$),AE,United Arab Emirates
ARE,2008,1465.82446289,,,2,SH.XPD.CHEX.PC.CD,Current health expenditure per capita (current US$),AE,United Arab Emirates
ARE,2007,1176.49328613,,,2,SH.XPD.CHEX.PC.CD,Current health expenditure per capita (current US$),AE,United Arab Emirates
ARE,2006,1031.14904785,,,2,SH.XPD.CHEX.PC.CD,Current health expenditure per capita (current US$),AE,United Arab Emirates
ARE,2005,898.36480713,,,2,SH.XPD.CHEX.PC.CD,Current health expenditure per capita (current US$),AE,United Arab Emirates
ARE,2004,821.74920654,,,2,SH.XPD.CHEX.PC.CD,Current health expenditure per capita (current US$),AE,United Arab Emirates
ARE,2003,784.89343262,,,2,SH.XPD.CHEX.PC.CD,Current health expenditure per capita (current US$),AE,United Arab Emirates
ARE,2002,754.26220703,,,2,SH.XPD.CHEX.PC.CD,Current health expenditure per capita (current US$),AE,United Arab Emirates
ARE,2001,689.29278564,,,2,SH.XPD.CHEX.PC.CD,Current health expenditure per capita (current US$),AE,United Arab Emirates
ARE,2000,706.03112793,,,2,SH.XPD.CHEX.PC.CD,Current health expenditure per capita (current US$),AE,United Arab Emirates
GBR,2023,5407.17041016,,,2,SH.XPD.CHEX.PC.CD,Current health expenditure per capita (current US$),GB,United Kingdom
GBR,2022,5111.81738281,,,2,SH.XPD.CHEX.PC.CD,Current health expenditure per capita (current US$),GB,United Kingdom
GBR,2021,5645.40136719,,,2,SH.XPD.CHEX.PC.CD,Current health expenditure per capita (current US$),GB,United Kingdom
GBR,2020,4865.97802734,,,2,SH.XPD.CHEX.PC.CD,Current health expenditure per capita (current US$),GB,United Kingdom
GBR,2019,4260.03222656,,,2,SH.XPD.CHEX.PC.CD,Current health expenditure per capita (current US$),GB,United Kingdom
GBR,2018,4233.62988281,,,2,SH.XPD.CHEX.PC.CD,Current health expenditure per capita (current US$),GB,United Kingdom
GBR,2017,3938.65234375,,,2,SH.XPD.CHEX.PC.CD,Current health expenditure per capita (current US$),GB,United Kingdom
GBR,2016,4043.35253906,,,2,SH.XPD.CHEX.PC.CD,Current health expenditure per capita (current US$),GB,United Kingdom
GBR,2015,4470.09228516,,,2,SH.XPD.CHEX.PC.CD,Current health expenditure per capita (current US$),GB,United Kingdom
GBR,2014,4733.37060547,,,2,SH.XPD.CHEX.PC.CD,Current health expenditure per capita (current US$),GB,United Kingdom
GBR,2013,4340.16992188,,,2,SH.XPD.CHEX.PC.CD,Current health expenditure per capita (current US$),GB,United Kingdom
GBR,2012,4204.08300781,,,2,SH.XPD.CHEX.PC.CD,Current health expenditure per capita (current US$),GB,United Kingdom
GBR,2011,4123.70019531,,,2,SH.XPD.CHEX.PC.CD,Current health expenditure per capita (current US$),GB,United Kingdom
GBR,2010,3876.33911133,,,2,SH.XPD.CHEX.PC.CD,Current health expenditure per capita (current US$),GB,United Kingdom
GBR,2009,3813.02758789,,,2,SH.XPD.CHEX.PC.CD,Current health expenditure per capita (current US$),GB,United Kingdom
GBR,2008,4280.36083984,,,2,SH.XPD.CHEX.PC.CD,Current health expenditure per capita (current US$),GB,United Kingdom
GBR,2007,4415.51220703,,,2,SH.XPD.CHEX.PC.CD,Current health expenditure per capita (current US$),GB,United Kingdom
GBR,2006,3802.56347656,,,2,SH.XPD.CHEX.PC.CD,Current health expenditure per capita (current US$),GB,United Kingdom
GBR,2005,3528.16162109,,,2,SH.XPD.CHEX.PC.CD,Current health expenditure per capita (current US$),GB,United Kingdom
GBR,2004,3361.65625,,,2,SH.XPD.CHEX.PC.CD,Current health expenditure per capita (current US$),GB,United Kingdom
GBR,2003,2773.99414063,,,2,SH.XPD.CHEX.PC.CD,Current health expenditure per capita (current US$),GB,United Kingdom
GBR,2002,2364.04736328,,,2,SH.XPD.CHEX.PC.CD,Current health expenditure per capita (current US$),GB,United Kingdom
GBR,2001,2074.59936523,,,2,SH.XPD.CHEX.PC.CD,Current health expenditure per capita (current US$),GB,United Kingdom
GBR,2000,2020.96813965,,,2,SH.XPD.CHEX.PC.CD,Current health expenditure per capita (current US$),GB,United Kingdom
USA,2023,13473.19335938,,,2,SH.XPD.CHEX.PC.CD,Current health expenditure per capita (current US$),US,United States
USA,2022,12586.19628906,,,2,SH.XPD.CHEX.PC.CD,Current health expenditure per capita (current US$),US,United States
USA,2021,12080.07324219,,,2,SH.XPD.CHEX.PC.CD,Current health expenditure per capita (current US$),US,United States
USA,2020,11648.49511719,,,2,SH.XPD.CHEX.PC.CD,Current health expenditure per capita (current US$),US,United States
USA,2019,10550.22070313,,,2,SH.XPD.CHEX.PC.CD,Current health expenditure per capita (current US$),US,United States
USA,2018,10180.48242188,,,2,SH.XPD.CHEX.PC.CD,Current health expenditure per capita (current US$),US,United States
USA,2017,9822.60644531,,,2,SH.XPD.CHEX.PC.CD,Current health expenditure per capita (current US$),US,United States
USA,2016,9535.60058594,,,2,SH.XPD.CHEX.PC.CD,Current health expenditure per capita (current US$),US,United States
USA,2015,9200.93164063,,,2,SH.XPD.CHEX.PC.CD,Current health expenditure per capita (current US$),US,United States
USA,2014,8796.33886719,,,2,SH.XPD.CHEX.PC.CD,Current health expenditure per capita (current US$),US,United States
USA,2013,8412.25195313,,,2,SH.XPD.CHEX.PC.CD,Current health expenditure per capita (current US$),US,United States
USA,2012,8262.29296875,,,2,SH.XPD.CHEX.PC.CD,Current health expenditure per capita (current US$),US,United States
USA,2011,8015.78076172,,,2,SH.XPD.CHEX.PC.CD,Current health expenditure per capita (current US$),US,United States
USA,2010,7836.08837891,,,2,SH.XPD.CHEX.PC.CD,Current health expenditure per capita (current US$),US,United States
USA,2009,7614.82421875,,,2,SH.XPD.CHEX.PC.CD,Current health expenditure per capita (current US$),US,United States
USA,2008,7364.93847656,,,2,SH.XPD.CHEX.PC.CD,Current health expenditure per capita (current US$),US,United States
USA,2007,7153.73144531,,,2,SH.XPD.CHEX.PC.CD,Current health expenditure per capita (current US$),US,United States
USA,2006,6802.47509766,,,2,SH.XPD.CHEX.PC.CD,Current health expenditure per capita (current US$),US,United States
USA,2005,6428.60205078,,,2,SH.XPD.CHEX.PC.CD,Current health expenditure per capita (current US$),US,United States
USA,2004,6071.84423828,,,2,SH.XPD.CHEX.PC.CD,Current health expenditure per capita (current US$),US,United States
USA,2003,5732.24365234,,,2,SH.XPD.CHEX.PC.CD,Current health expenditure per capita (current US$),US,United States
USA,2002,5327.93701172,,,2,SH.XPD.CHEX.PC.CD,Current health expenditure per capita (current US$),US,United States
USA,2001,4901.67529297,,,2,SH.XPD.CHEX.PC.CD,Current health expenditure per capita (current US$),US,United States
USA,2000,4548.5546875,,,2,SH.XPD.CHEX.PC.CD,Current health expenditure per capita (current US$),US,United States
URY,2023,2076.09423828,,,2,SH.XPD.CHEX.PC.CD,Current health expenditure per capita (current US$),UY,Uruguay
URY,2022,1850.80737305,,,2,SH.XPD.CHEX.PC.CD,Current health expenditure per capita (current US$),UY,Uruguay
URY,2021,1594.98059082,,,2,SH.XPD.CHEX.PC.CD,Current health expenditure per capita (current US$),UY,Uruguay
URY,2020,1432.00463867,,,2,SH.XPD.CHEX.PC.CD,Current health expenditure per capita (current US$),UY,Uruguay
URY,2019,1692.50195313,,,2,SH.XPD.CHEX.PC.CD,Current health expenditure per capita (current US$),UY,Uruguay
URY,2018,1713.26611328,,,2,SH.XPD.CHEX.PC.CD,Current health expenditure per capita (current US$),UY,Uruguay
URY,2017,1672.3314209,,,2,SH.XPD.CHEX.PC.CD,Current health expenditure per capita (current US$),UY,Uruguay
URY,2016,1469.38964844,,,2,SH.XPD.CHEX.PC.CD,Current health expenditure per capita (current US$),UY,Uruguay
URY,2015,1424.8939209,,,2,SH.XPD.CHEX.PC.CD,Current health expenditure per capita (current US$),UY,Uruguay
URY,2014,1495.59777832,,,2,SH.XPD.CHEX.PC.CD,Current health expenditure per capita (current US$),UY,Uruguay
URY,2013,1516.80664063,,,2,SH.XPD.CHEX.PC.CD,Current health expenditure per capita (current US$),UY,Uruguay
URY,2012,1347.02868652,,,2,SH.XPD.CHEX.PC.CD,Current health expenditure per capita (current US$),UY,Uruguay
URY,2011,1244.93884277,,,2,SH.XPD.CHEX.PC.CD,Current health expenditure per capita (current US$),UY,Uruguay
URY,2010,1043.26000977,,,2,SH.XPD.CHEX.PC.CD,Current health expenditure per capita (current US$),UY,Uruguay
URY,2009,826.05682373,,,2,SH.XPD.CHEX.PC.CD,Current health expenditure per capita (current US$),UY,Uruguay
URY,2008,811.7020874,,,2,SH.XPD.CHEX.PC.CD,Current health expenditure per capita (current US$),UY,Uruguay
URY,2007,578.34454346,,,2,SH.XPD.CHEX.PC.CD,Current health expenditure per capita (current US$),UY,Uruguay
URY,2006,500.65515137,,,2,SH.XPD.CHEX.PC.CD,Current health expenditure per capita (current US$),UY,Uruguay
URY,2005,445.28201294,,,2,SH.XPD.CHEX.PC.CD,Current health expenditure per capita (current US$),UY,Uruguay
URY,2004,375.93881226,,,2,SH.XPD.CHEX.PC.CD,Current health expenditure per capita (current US$),UY,Uruguay
URY,2003,383.55554199,,,2,SH.XPD.CHEX.PC.CD,Current health expenditure per capita (current US$),UY,Uruguay
URY,2002,436.44049072,,,2,SH.XPD.CHEX.PC.CD,Current health expenditure per capita (current US$),UY,Uruguay
URY,2001,679.4229126,,,2,SH.XPD.CHEX.PC.CD,Current health expenditure per capita (current US$),UY,Uruguay
URY,2000,699.20495605,,,2,SH.XPD.CHEX.PC.CD,Current health expenditure per capita (current US$),UY,Uruguay
UZB,2023,192.11869812,,,2,SH.XPD.CHEX.PC.CD,Current health expenditure per capita (current US$),UZ,Uzbekistan
UZB,2022,170.64073181,,,2,SH.XPD.CHEX.PC.CD,Current health expenditure per capita (current US$),UZ,Uzbekistan
UZB,2021,156.44789124,,,2,SH.XPD.CHEX.PC.CD,Current health expenditure per capita (current US$),UZ,Uzbekistan
UZB,2020,120.29019165,,,2,SH.XPD.CHEX.PC.CD,Current health expenditure per capita (current US$),UZ,Uzbekistan
UZB,2019,98.6240387,,,2,SH.XPD.CHEX.PC.CD,Current health expenditure per capita (current US$),UZ,Uzbekistan
UZB,2018,82.53038788,,,2,SH.XPD.CHEX.PC.CD,Current health expenditure per capita (current US$),UZ,Uzbekistan
UZB,2017,93.4151535,,,2,SH.XPD.CHEX.PC.CD,Current health expenditure per capita (current US$),UZ,Uzbekistan
UZB,2016,129.82177734,,,2,SH.XPD.CHEX.PC.CD,Current health expenditure per capita (current US$),UZ,Uzbekistan
UZB,2015,132.60565186,,,2,SH.XPD.CHEX.PC.CD,Current health expenditure per capita (current US$),UZ,Uzbekistan
UZB,2014,118.44307709,,,2,SH.XPD.CHEX.PC.CD,Current health expenditure per capita (current US$),UZ,Uzbekistan
UZB,2013,140.71011353,,,2,SH.XPD.CHEX.PC.CD,Current health expenditure per capita (current US$),UZ,Uzbekistan
UZB,2012,127.94210052,,,2,SH.XPD.CHEX.PC.CD,Current health expenditure per capita (current US$),UZ,Uzbekistan
UZB,2011,109.86156464,,,2,SH.XPD.CHEX.PC.CD,Current health expenditure per capita (current US$),UZ,Uzbekistan
UZB,2010,92.87456512,,,2,SH.XPD.CHEX.PC.CD,Current health expenditure per capita (current US$),UZ,Uzbekistan
UZB,2009,71.95819092,,,2,SH.XPD.CHEX.PC.CD,Current health expenditure per capita (current US$),UZ,Uzbekistan
UZB,2008,61.29156876,,,2,SH.XPD.CHEX.PC.CD,Current health expenditure per capita (current US$),UZ,Uzbekistan
UZB,2007,46.89629364,,,2,SH.XPD.CHEX.PC.CD,Current health expenditure per capita (current US$),UZ,Uzbekistan
UZB,2006,37.97257233,,,2,SH.XPD.CHEX.PC.CD,Current health expenditure per capita (current US$),UZ,Uzbekistan
UZB,2005,32.51261139,,,2,SH.XPD.CHEX.PC.CD,Current health expenditure per capita (current US$),UZ,Uzbekistan
UZB,2004,28.02430153,,,2,SH.XPD.CHEX.PC.CD,Current health expenditure per capita (current US$),UZ,Uzbekistan
UZB,2003,25.61911011,,,2,SH.XPD.CHEX.PC.CD,Current health expenditure per capita (current US$),UZ,Uzbekistan
UZB,2002,24.50708961,,,2,SH.XPD.CHEX.PC.CD,Current health expenditure per capita (current US$),UZ,Uzbekistan
UZB,2001,30.46290398,,,2,SH.XPD.CHEX.PC.CD,Current health expenditure per capita (current US$),UZ,Uzbekistan
UZB,2000,35.72119904,,,2,SH.XPD.CHEX.PC.CD,Current health expenditure per capita (current US$),UZ,Uzbekistan
VUT,2023,143.43753052,,,2,SH.XPD.CHEX.PC.CD,Current health expenditure per capita (current US$),VU,Vanuatu
VUT,2022,136.79508972,,,2,SH.XPD.CHEX.PC.CD,Current health expenditure per capita (current US$),VU,Vanuatu
VUT,2021,142.56698608,,,2,SH.XPD.CHEX.PC.CD,Current health expenditure per capita (current US$),VU,Vanuatu
VUT,2020,125.41011047,,,2,SH.XPD.CHEX.PC.CD,Current health expenditure per capita (current US$),VU,Vanuatu
VUT,2019,112.13746643,,,2,SH.XPD.CHEX.PC.CD,Current health expenditure per capita (current US$),VU,Vanuatu
VUT,2018,110.32492065,,,2,SH.XPD.CHEX.PC.CD,Current health expenditure per capita (current US$),VU,Vanuatu
VUT,2017,91.04128265,,,2,SH.XPD.CHEX.PC.CD,Current health expenditure per capita (current US$),VU,Vanuatu
VUT,2016,88.35998535,,,2,SH.XPD.CHEX.PC.CD,Current health expenditure per capita (current US$),VU,Vanuatu
VUT,2015,118.71543121,,,2,SH.XPD.CHEX.PC.CD,Current health expenditure per capita (current US$),VU,Vanuatu
VUT,2014,108.2263031,,,2,SH.XPD.CHEX.PC.CD,Current health expenditure per capita (current US$),VU,Vanuatu
VUT,2013,130.88458252,,,2,SH.XPD.CHEX.PC.CD,Current health expenditure per capita (current US$),VU,Vanuatu
VUT,2012,118.27751923,,,2,SH.XPD.CHEX.PC.CD,Current health expenditure per capita (current US$),VU,Vanuatu
VUT,2011,113.80240631,,,2,SH.XPD.CHEX.PC.CD,Current health expenditure per capita (current US$),VU,Vanuatu
VUT,2010,99.27418518,,,2,SH.XPD.CHEX.PC.CD,Current health expenditure per capita (current US$),VU,Vanuatu
VUT,2009,82.80382538,,,2,SH.XPD.CHEX.PC.CD,Current health expenditure per capita (current US$),VU,Vanuatu
VUT,2008,81.72294617,,,2,SH.XPD.CHEX.PC.CD,Current health expenditure per capita (current US$),VU,Vanuatu
VUT,2007,72.5284729,,,2,SH.XPD.CHEX.PC.CD,Current health expenditure per capita (current US$),VU,Vanuatu
VUT,2006,67.60163116,,,2,SH.XPD.CHEX.PC.CD,Current health expenditure per capita (current US$),VU,Vanuatu
VUT,2005,61.93361664,,,2,SH.XPD.CHEX.PC.CD,Current health expenditure per capita (current US$),VU,Vanuatu
VUT,2004,62.80937958,,,2,SH.XPD.CHEX.PC.CD,Current health expenditure per capita (current US$),VU,Vanuatu
VUT,2003,54.93638229,,,2,SH.XPD.CHEX.PC.CD,Current health expenditure per capita (current US$),VU,Vanuatu
VUT,2002,52.34658813,,,2,SH.XPD.CHEX.PC.CD,Current health expenditure per capita (current US$),VU,Vanuatu
VUT,2001,45.73453903,,,2,SH.XPD.CHEX.PC.CD,Current health expenditure per capita (current US$),VU,Vanuatu
VUT,2000,48.28763199,,,2,SH.XPD.CHEX.PC.CD,Current health expenditure per capita (current US$),VU,Vanuatu
VEN,2023,185.99124146,,,2,SH.XPD.CHEX.PC.CD,Current health expenditure per capita (current US$),VE,"Venezuela, RB"
VEN,2022,208.66654968,,,2,SH.XPD.CHEX.PC.CD,Current health expenditure per capita (current US$),VE,"Venezuela, RB"
VEN,2021,162.43952942,,,2,SH.XPD.CHEX.PC.CD,Current health expenditure per capita (current US$),VE,"Venezuela, RB"
VEN,2020,153.21711731,,,2,SH.XPD.CHEX.PC.CD,Current health expenditure per capita (current US$),VE,"Venezuela, RB"
VEN,2019,112.72974396,,,2,SH.XPD.CHEX.PC.CD,Current health expenditure per capita (current US$),VE,"Venezuela, RB"
VEN,2018,164.68154907,,,2,SH.XPD.CHEX.PC.CD,Current health expenditure per capita (current US$),VE,"Venezuela, RB"
VEN,2017,,,,2,SH.XPD.CHEX.PC.CD,Current health expenditure per capita (current US$),VE,"Venezuela, RB"
VEN,2016,,,,2,SH.XPD.CHEX.PC.CD,Current health expenditure per capita (current US$),VE,"Venezuela, RB"
VEN,2015,,,,2,SH.XPD.CHEX.PC.CD,Current health expenditure per capita (current US$),VE,"Venezuela, RB"
VEN,2014,,,,2,SH.XPD.CHEX.PC.CD,Current health expenditure per capita (current US$),VE,"Venezuela, RB"
VEN,2013,,,,2,SH.XPD.CHEX.PC.CD,Current health expenditure per capita (current US$),VE,"Venezuela, RB"
VEN,2012,,,,2,SH.XPD.CHEX.PC.CD,Current health expenditure per capita (current US$),VE,"Venezuela, RB"
VEN,2011,,,,2,SH.XPD.CHEX.PC.CD,Current health expenditure per capita (current US$),VE,"Venezuela, RB"
VEN,2010,,,,2,SH.XPD.CHEX.PC.CD,Current health expenditure per capita (current US$),VE,"Venezuela, RB"
VEN,2009,,,,2,SH.XPD.CHEX.PC.CD,Current health expenditure per capita (current US$),VE,"Venezuela, RB"
VEN,2008,,,,2,SH.XPD.CHEX.PC.CD,Current health expenditure per capita (current US$),VE,"Venezuela, RB"
VEN,2007,,,,2,SH.XPD.CHEX.PC.CD,Current health expenditure per capita (current US$),VE,"Venezuela, RB"
VEN,2006,,,,2,SH.XPD.CHEX.PC.CD,Current health expenditure per capita (current US$),VE,"Venezuela, RB"
VEN,2005,,,,2,SH.XPD.CHEX.PC.CD,Current health expenditure per capita (current US$),VE,"Venezuela, RB"
VEN,2004,,,,2,SH.XPD.CHEX.PC.CD,Current health expenditure per capita (current US$),VE,"Venezuela, RB"
VEN,2003,,,,2,SH.XPD.CHEX.PC.CD,Current health expenditure per capita (current US$),VE,"Venezuela, RB"
VEN,2002,,,,2,SH.XPD.CHEX.PC.CD,Current health expenditure per capita (current US$),VE,"Venezuela, RB"
VEN,2001,,,,2,SH.XPD.CHEX.PC.CD,Current health expenditure per capita (current US$),VE,"Venezuela, RB"
VEN,2000,,,,2,SH.XPD.CHEX.PC.CD,Current health expenditure per capita (current US$),VE,"Venezuela, RB"
VNM,2023,197.19210815,,,2,SH.XPD.CHEX.PC.CD,Current health expenditure per capita (current US$),VN,Viet Nam
VNM,2022,188.22650146,,,2,SH.XPD.CHEX.PC.CD,Current health expenditure per capita (current US$),VN,Viet Nam
VNM,2021,168.09350586,,,2,SH.XPD.CHEX.PC.CD,Current health expenditure per capita (current US$),VN,Viet Nam
VNM,2020,153.10160828,,,2,SH.XPD.CHEX.PC.CD,Current health expenditure per capita (current US$),VN,Viet Nam
VNM,2019,171.15296936,,,2,SH.XPD.CHEX.PC.CD,Current health expenditure per capita (current US$),VN,Viet Nam
VNM,2018,161.97871399,,,2,SH.XPD.CHEX.PC.CD,Current health expenditure per capita (current US$),VN,Viet Nam
VNM,2017,147.51425171,,,2,SH.XPD.CHEX.PC.CD,Current health expenditure per capita (current US$),VN,Viet Nam
VNM,2016,133.1960144,,,2,SH.XPD.CHEX.PC.CD,Current health expenditure per capita (current US$),VN,Viet Nam
VNM,2015,121.43981171,,,2,SH.XPD.CHEX.PC.CD,Current health expenditure per capita (current US$),VN,Viet Nam
VNM,2014,119.44549561,,,2,SH.XPD.CHEX.PC.CD,Current health expenditure per capita (current US$),VN,Viet Nam
VNM,2013,104.10972595,,,2,SH.XPD.CHEX.PC.CD,Current health expenditure per capita (current US$),VN,Viet Nam
VNM,2012,109.29483795,,,2,SH.XPD.CHEX.PC.CD,Current health expenditure per capita (current US$),VN,Viet Nam
VNM,2011,97.05238342,,,2,SH.XPD.CHEX.PC.CD,Current health expenditure per capita (current US$),VN,Viet Nam
VNM,2010,85.36088562,,,2,SH.XPD.CHEX.PC.CD,Current health expenditure per capita (current US$),VN,Viet Nam
VNM,2009,69.82720184,,,2,SH.XPD.CHEX.PC.CD,Current health expenditure per capita (current US$),VN,Viet Nam
VNM,2008,64.433815,,,2,SH.XPD.CHEX.PC.CD,Current health expenditure per capita (current US$),VN,Viet Nam
VNM,2007,54.40701294,,,2,SH.XPD.CHEX.PC.CD,Current health expenditure per capita (current US$),VN,Viet Nam
VNM,2006,46.86905289,,,2,SH.XPD.CHEX.PC.CD,Current health expenditure per capita (current US$),VN,Viet Nam
VNM,2005,38.96974945,,,2,SH.XPD.CHEX.PC.CD,Current health expenditure per capita (current US$),VN,Viet Nam
VNM,2004,31.97719193,,,2,SH.XPD.CHEX.PC.CD,Current health expenditure per capita (current US$),VN,Viet Nam
VNM,2003,24.88381386,,,2,SH.XPD.CHEX.PC.CD,Current health expenditure per capita (current US$),VN,Viet Nam
VNM,2002,21.87733841,,,2,SH.XPD.CHEX.PC.CD,Current health expenditure per capita (current US$),VN,Viet Nam
VNM,2001,25.55491257,,,2,SH.XPD.CHEX.PC.CD,Current health expenditure per capita (current US$),VN,Viet Nam
VNM,2000,21.0719223,,,2,SH.XPD.CHEX.PC.CD,Current health expenditure per capita (current US$),VN,Viet Nam
VIR,2023,,,,2,SH.XPD.CHEX.PC.CD,Current health expenditure per capita (current US$),VI,Virgin Islands (U.S.)
VIR,2022,,,,2,SH.XPD.CHEX.PC.CD,Current health expenditure per capita (current US$),VI,Virgin Islands (U.S.)
VIR,2021,,,,2,SH.XPD.CHEX.PC.CD,Current health expenditure per capita (current US$),VI,Virgin Islands (U.S.)
VIR,2020,,,,2,SH.XPD.CHEX.PC.CD,Current health expenditure per capita (current US$),VI,Virgin Islands (U.S.)
VIR,2019,,,,2,SH.XPD.CHEX.PC.CD,Current health expenditure per capita (current US$),VI,Virgin Islands (U.S.)
VIR,2018,,,,2,SH.XPD.CHEX.PC.CD,Current health expenditure per capita (current US$),VI,Virgin Islands (U.S.)
VIR,2017,,,,2,SH.XPD.CHEX.PC.CD,Current health expenditure per capita (current US$),VI,Virgin Islands (U.S.)
VIR,2016,,,,2,SH.XPD.CHEX.PC.CD,Current health expenditure per capita (current US$),VI,Virgin Islands (U.S.)
VIR,2015,,,,2,SH.XPD.CHEX.PC.CD,Current health expenditure per capita (current US$),VI,Virgin Islands (U.S.)
VIR,2014,,,,2,SH.XPD.CHEX.PC.CD,Current health expenditure per capita (current US$),VI,Virgin Islands (U.S.)
VIR,2013,,,,2,SH.XPD.CHEX.PC.CD,Current health expenditure per capita (current US$),VI,Virgin Islands (U.S.)
VIR,2012,,,,2,SH.XPD.CHEX.PC.CD,Current health expenditure per capita (current US$),VI,Virgin Islands (U.S.)
VIR,2011,,,,2,SH.XPD.CHEX.PC.CD,Current health expenditure per capita (current US$),VI,Virgin Islands (U.S.)
VIR,2010,,,,2,SH.XPD.CHEX.PC.CD,Current health expenditure per capita (current US$),VI,Virgin Islands (U.S.)
VIR,2009,,,,2,SH.XPD.CHEX.PC.CD,Current health expenditure per capita (current US$),VI,Virgin Islands (U.S.)
VIR,2008,,,,2,SH.XPD.CHEX.PC.CD,Current health expenditure per capita (current US$),VI,Virgin Islands (U.S.)
VIR,2007,,,,2,SH.XPD.CHEX.PC.CD,Current health expenditure per capita (current US$),VI,Virgin Islands (U.S.)
VIR,2006,,,,2,SH.XPD.CHEX.PC.CD,Current health expenditure per capita (current US$),VI,Virgin Islands (U.S.)
VIR,2005,,,,2,SH.XPD.CHEX.PC.CD,Current health expenditure per capita (current US$),VI,Virgin Islands (U.S.)
VIR,2004,,,,2,SH.XPD.CHEX.PC.CD,Current health expenditure per capita (current US$),VI,Virgin Islands (U.S.)
VIR,2003,,,,2,SH.XPD.CHEX.PC.CD,Current health expenditure per capita (current US$),VI,Virgin Islands (U.S.)
VIR,2002,,,,2,SH.XPD.CHEX.PC.CD,Current health expenditure per capita (current US$),VI,Virgin Islands (U.S.)
VIR,2001,,,,2,SH.XPD.CHEX.PC.CD,Current health expenditure per capita (current US$),VI,Virgin Islands (U.S.)
VIR,2000,,,,2,SH.XPD.CHEX.PC.CD,Current health expenditure per capita (current US$),VI,Virgin Islands (U.S.)
PSE,2023,345.67965698,,,2,SH.XPD.CHEX.PC.CD,Current health expenditure per capita (current US$),PS,West Bank and Gaza
PSE,2022,350.63812256,,,2,SH.XPD.CHEX.PC.CD,Current health expenditure per capita (current US$),PS,West Bank and Gaza
PSE,2021,364.4173584,,,2,SH.XPD.CHEX.PC.CD,Current health expenditure per capita (current US$),PS,West Bank and Gaza
PSE,2020,314.82254028,,,2,SH.XPD.CHEX.PC.CD,Current health expenditure per capita (current US$),PS,West Bank and Gaza
PSE,2019,317.45007324,,,2,SH.XPD.CHEX.PC.CD,Current health expenditure per capita (current US$),PS,West Bank and Gaza
PSE,2018,324.02166748,,,2,SH.XPD.CHEX.PC.CD,Current health expenditure per capita (current US$),PS,West Bank and Gaza
PSE,2017,310.2114563,,,2,SH.XPD.CHEX.PC.CD,Current health expenditure per capita (current US$),PS,West Bank and Gaza
PSE,2016,299.4125061,,,2,SH.XPD.CHEX.PC.CD,Current health expenditure per capita (current US$),PS,West Bank and Gaza
PSE,2015,286.91394043,,,2,SH.XPD.CHEX.PC.CD,Current health expenditure per capita (current US$),PS,West Bank and Gaza
PSE,2014,314.27474976,,,2,SH.XPD.CHEX.PC.CD,Current health expenditure per capita (current US$),PS,West Bank and Gaza
PSE,2013,327.25717163,,,2,SH.XPD.CHEX.PC.CD,Current health expenditure per capita (current US$),PS,West Bank and Gaza
PSE,2012,298.34082031,,,2,SH.XPD.CHEX.PC.CD,Current health expenditure per capita (current US$),PS,West Bank and Gaza
PSE,2011,308.36453247,,,2,SH.XPD.CHEX.PC.CD,Current health expenditure per capita (current US$),PS,West Bank and Gaza
PSE,2010,219.44699097,,,2,SH.XPD.CHEX.PC.CD,Current health expenditure per capita (current US$),PS,West Bank and Gaza
PSE,2009,221.97026062,,,2,SH.XPD.CHEX.PC.CD,Current health expenditure per capita (current US$),PS,West Bank and Gaza
PSE,2008,200.96418762,,,2,SH.XPD.CHEX.PC.CD,Current health expenditure per capita (current US$),PS,West Bank and Gaza
PSE,2007,149.22294617,,,2,SH.XPD.CHEX.PC.CD,Current health expenditure per capita (current US$),PS,West Bank and Gaza
PSE,2006,154.09745789,,,2,SH.XPD.CHEX.PC.CD,Current health expenditure per capita (current US$),PS,West Bank and Gaza
PSE,2005,158.43028259,,,2,SH.XPD.CHEX.PC.CD,Current health expenditure per capita (current US$),PS,West Bank and Gaza
PSE,2004,150.72610474,,,2,SH.XPD.CHEX.PC.CD,Current health expenditure per capita (current US$),PS,West Bank and Gaza
PSE,2003,111.62216187,,,2,SH.XPD.CHEX.PC.CD,Current health expenditure per capita (current US$),PS,West Bank and Gaza
PSE,2002,118.22906494,,,2,SH.XPD.CHEX.PC.CD,Current health expenditure per capita (current US$),PS,West Bank and Gaza
PSE,2001,127.37930298,,,2,SH.XPD.CHEX.PC.CD,Current health expenditure per capita (current US$),PS,West Bank and Gaza
PSE,2000,129.54533386,,,2,SH.XPD.CHEX.PC.CD,Current health expenditure per capita (current US$),PS,West Bank and Gaza
YEM,2023,47.78109741,,,2,SH.XPD.CHEX.PC.CD,Current health expenditure per capita (current US$),YE,"Yemen, Rep."
YEM,2022,54.29036331,,,2,SH.XPD.CHEX.PC.CD,Current health expenditure per capita (current US$),YE,"Yemen, Rep."
YEM,2021,49.30105209,,,2,SH.XPD.CHEX.PC.CD,Current health expenditure per capita (current US$),YE,"Yemen, Rep."
YEM,2020,65.17704773,,,2,SH.XPD.CHEX.PC.CD,Current health expenditure per capita (current US$),YE,"Yemen, Rep."
YEM,2019,80.94759369,,,2,SH.XPD.CHEX.PC.CD,Current health expenditure per capita (current US$),YE,"Yemen, Rep."
YEM,2018,143.68727112,,,2,SH.XPD.CHEX.PC.CD,Current health expenditure per capita (current US$),YE,"Yemen, Rep."
YEM,2017,87.29970551,,,2,SH.XPD.CHEX.PC.CD,Current health expenditure per capita (current US$),YE,"Yemen, Rep."
YEM,2016,75.22454071,,,2,SH.XPD.CHEX.PC.CD,Current health expenditure per capita (current US$),YE,"Yemen, Rep."
YEM,2015,88.40743256,,,2,SH.XPD.CHEX.PC.CD,Current health expenditure per capita (current US$),YE,"Yemen, Rep."
YEM,2014,83.48936462,,,2,SH.XPD.CHEX.PC.CD,Current health expenditure per capita (current US$),YE,"Yemen, Rep."
YEM,2013,68.39746857,,,2,SH.XPD.CHEX.PC.CD,Current health expenditure per capita (current US$),YE,"Yemen, Rep."
YEM,2012,64.67756653,,,2,SH.XPD.CHEX.PC.CD,Current health expenditure per capita (current US$),YE,"Yemen, Rep."
YEM,2011,56.58930588,,,2,SH.XPD.CHEX.PC.CD,Current health expenditure per capita (current US$),YE,"Yemen, Rep."
YEM,2010,59.60072327,,,2,SH.XPD.CHEX.PC.CD,Current health expenditure per capita (current US$),YE,"Yemen, Rep."
YEM,2009,58.02085114,,,2,SH.XPD.CHEX.PC.CD,Current health expenditure per capita (current US$),YE,"Yemen, Rep."
YEM,2008,61.74676514,,,2,SH.XPD.CHEX.PC.CD,Current health expenditure per capita (current US$),YE,"Yemen, Rep."
YEM,2007,51.83703613,,,2,SH.XPD.CHEX.PC.CD,Current health expenditure per capita (current US$),YE,"Yemen, Rep."
YEM,2006,44.81512451,,,2,SH.XPD.CHEX.PC.CD,Current health expenditure per capita (current US$),YE,"Yemen, Rep."
YEM,2005,38.27000809,,,2,SH.XPD.CHEX.PC.CD,Current health expenditure per capita (current US$),YE,"Yemen, Rep."
YEM,2004,34.62483978,,,2,SH.XPD.CHEX.PC.CD,Current health expenditure per capita (current US$),YE,"Yemen, Rep."
YEM,2003,31.60428619,,,2,SH.XPD.CHEX.PC.CD,Current health expenditure per capita (current US$),YE,"Yemen, Rep."
YEM,2002,24.80142403,,,2,SH.XPD.CHEX.PC.CD,Current health expenditure per capita (current US$),YE,"Yemen, Rep."
YEM,2001,24.09247589,,,2,SH.XPD.CHEX.PC.CD,Current health expenditure per capita (current US$),YE,"Yemen, Rep."
YEM,2000,22.91244888,,,2,SH.XPD.CHEX.PC.CD,Current health expenditure per capita (current US$),YE,"Yemen, Rep."
ZMB,2023,79.55635071,,,2,SH.XPD.CHEX.PC.CD,Current health expenditure per capita (current US$),ZM,Zambia
ZMB,2022,75.40128326,,,2,SH.XPD.CHEX.PC.CD,Current health expenditure per capita (current US$),ZM,Zambia
ZMB,2021,74.83802795,,,2,SH.XPD.CHEX.PC.CD,Current health expenditure per capita (current US$),ZM,Zambia
ZMB,2020,60.01779938,,,2,SH.XPD.CHEX.PC.CD,Current health expenditure per capita (current US$),ZM,Zambia
ZMB,2019,85.02349854,,,2,SH.XPD.CHEX.PC.CD,Current health expenditure per capita (current US$),ZM,Zambia
ZMB,2018,69.82767487,,,2,SH.XPD.CHEX.PC.CD,Current health expenditure per capita (current US$),ZM,Zambia
ZMB,2017,70.93283844,,,2,SH.XPD.CHEX.PC.CD,Current health expenditure per capita (current US$),ZM,Zambia
ZMB,2016,55.39532089,,,2,SH.XPD.CHEX.PC.CD,Current health expenditure per capita (current US$),ZM,Zambia
ZMB,2015,57.38765335,,,2,SH.XPD.CHEX.PC.CD,Current health expenditure per capita (current US$),ZM,Zambia
ZMB,2014,65.39261627,,,2,SH.XPD.CHEX.PC.CD,Current health expenditure per capita (current US$),ZM,Zambia
ZMB,2013,83.29361725,,,2,SH.XPD.CHEX.PC.CD,Current health expenditure per capita (current US$),ZM,Zambia
ZMB,2012,69.17604828,,,2,SH.XPD.CHEX.PC.CD,Current health expenditure per capita (current US$),ZM,Zambia
ZMB,2011,64.3181076,,,2,SH.XPD.CHEX.PC.CD,Current health expenditure per capita (current US$),ZM,Zambia
ZMB,2010,59.98767853,,,2,SH.XPD.CHEX.PC.CD,Current health expenditure per capita (current US$),ZM,Zambia
ZMB,2009,59.38909531,,,2,SH.XPD.CHEX.PC.CD,Current health expenditure per capita (current US$),ZM,Zambia
ZMB,2008,61.82287216,,,2,SH.XPD.CHEX.PC.CD,Current health expenditure per capita (current US$),ZM,Zambia
ZMB,2007,51.02414322,,,2,SH.XPD.CHEX.PC.CD,Current health expenditure per capita (current US$),ZM,Zambia
ZMB,2006,58.68175507,,,2,SH.XPD.CHEX.PC.CD,Current health expenditure per capita (current US$),ZM,Zambia
ZMB,2005,44.99598694,,,2,SH.XPD.CHEX.PC.CD,Current health expenditure per capita (current US$),ZM,Zambia
ZMB,2004,29.99057961,,,2,SH.XPD.CHEX.PC.CD,Current health expenditure per capita (current US$),ZM,Zambia
ZMB,2003,26.75762367,,,2,SH.XPD.CHEX.PC.CD,Current health expenditure per capita (current US$),ZM,Zambia
ZMB,2002,23.19246864,,,2,SH.XPD.CHEX.PC.CD,Current health expenditure per capita (current US$),ZM,Zambia
ZMB,2001,18.94953918,,,2,SH.XPD.CHEX.PC.CD,Current health expenditure per capita (current US$),ZM,Zambia
ZMB,2000,14.80953312,,,2,SH.XPD.CHEX.PC.CD,Current health expenditure per capita (current US$),ZM,Zambia
ZWE,2023,62.92946243,,,2,SH.XPD.CHEX.PC.CD,Current health expenditure per capita (current US$),ZW,Zimbabwe
ZWE,2022,68.90727997,,,2,SH.XPD.CHEX.PC.CD,Current health expenditure per capita (current US$),ZW,Zimbabwe
ZWE,2021,60.89874268,,,2,SH.XPD.CHEX.PC.CD,Current health expenditure per capita (current US$),ZW,Zimbabwe
ZWE,2020,51.14250565,,,2,SH.XPD.CHEX.PC.CD,Current health expenditure per capita (current US$),ZW,Zimbabwe
ZWE,2019,55.10725403,,,2,SH.XPD.CHEX.PC.CD,Current health expenditure per capita (current US$),ZW,Zimbabwe
ZWE,2018,114.76815033,,,2,SH.XPD.CHEX.PC.CD,Current health expenditure per capita (current US$),ZW,Zimbabwe
ZWE,2017,91.87199402,,,2,SH.XPD.CHEX.PC.CD,Current health expenditure per capita (current US$),ZW,Zimbabwe
ZWE,2016,102.15909576,,,2,SH.XPD.CHEX.PC.CD,Current health expenditure per capita (current US$),ZW,Zimbabwe
ZWE,2015,103.31652832,,,2,SH.XPD.CHEX.PC.CD,Current health expenditure per capita (current US$),ZW,Zimbabwe
ZWE,2014,111.61201477,,,2,SH.XPD.CHEX.PC.CD,Current health expenditure per capita (current US$),ZW,Zimbabwe
ZWE,2013,96.86148834,,,2,SH.XPD.CHEX.PC.CD,Current health expenditure per capita (current US$),ZW,Zimbabwe
ZWE,2012,85.69155121,,,2,SH.XPD.CHEX.PC.CD,Current health expenditure per capita (current US$),ZW,Zimbabwe
ZWE,2011,83.82868195,,,2,SH.XPD.CHEX.PC.CD,Current health expenditure per capita (current US$),ZW,Zimbabwe
ZWE,2010,94.44809723,,,2,SH.XPD.CHEX.PC.CD,Current health expenditure per capita (current US$),ZW,Zimbabwe
ZWE,2009,,,,2,SH.XPD.CHEX.PC.CD,Current health expenditure per capita (current US$),ZW,Zimbabwe
ZWE,2008,,,,2,SH.XPD.CHEX.PC.CD,Current health expenditure per capita (current US$),ZW,Zimbabwe
ZWE,2007,,,,2,SH.XPD.CHEX.PC.CD,Current health expenditure per capita (current US$),ZW,Zimbabwe
ZWE,2006,,,,2,SH.XPD.CHEX.PC.CD,Current health expenditure per capita (current US$),ZW,Zimbabwe
ZWE,2005,,,,2,SH.XPD.CHEX.PC.CD,Current health expenditure per capita (current US$),ZW,Zimbabwe
ZWE,2004,,,,2,SH.XPD.CHEX.PC.CD,Current health expenditure per capita (current US$),ZW,Zimbabwe
ZWE,2003,,,,2,SH.XPD.CHEX.PC.CD,Current health expenditure per capita (current US$),ZW,Zimbabwe
ZWE,2002,,,,2,SH.XPD.CHEX.PC.CD,Current health expenditure per capita (current US$),ZW,Zimbabwe
ZWE,2001,,,,2,SH.XPD.CHEX.PC.CD,Current health expenditure per capita (current US$),ZW,Zimbabwe
ZWE,2000,,,,2,SH.XPD.CHEX.PC.CD,Current health expenditure per capita (current US$),ZW,Zimbabwe
